Study_Hours,Attendance_Percentage,Assignment_Score,Quiz_Score,Project_Score,Midterm_Exam,Course_Work_Score,Final_Exam_Score,Status
8.9,74.1,55.8,48.5,56.2,63.5,53.8,69.1,Pass
6.1,57.8,45.8,44.0,39.8,32.4,42.9,44.9,Fail
5.8,70.7,64.3,43.5,47.8,40.6,51.5,42.1,Fail
5.8,74.5,57.4,56.5,49.1,62.3,53.8,66.4,Pass
15.4,59.8,68.0,55.6,80.0,60.8,69.1,69.8,Pass
10.3,85.0,72.2,52.0,61.6,74.4,61.9,69.5,Pass
4.9,71.5,50.5,50.6,44.7,43.4,48.2,39.2,Fail
9.1,78.6,55.4,77.1,58.3,77.6,63.1,70.2,Pass
7.7,61.1,40.9,68.3,60.5,42.1,57.0,46.6,Fail
1.5,68.1,51.3,41.9,49.1,37.6,47.6,24.6,Fail
3.3,71.2,30.2,36.9,45.0,17.9,38.1,32.7,Fail
8.0,64.4,43.3,43.9,44.1,54.5,43.8,64.8,Pass
14.6,83.8,78.4,64.6,77.3,63.1,73.8,68.4,Pass
5.8,65.9,51.2,28.6,57.8,44.8,47.1,50.8,Fail
4.7,60.7,59.3,46.7,59.2,36.7,55.5,32.9,Fail
7.1,66.9,49.1,59.2,38.8,70.0,48.0,59.0,Pass
4.5,66.7,55.2,40.4,44.8,41.2,46.6,44.1,Fail
5.5,64.2,48.8,62.0,51.0,64.2,53.6,59.7,Pass
6.6,61.6,56.1,69.5,61.3,42.9,62.2,37.9,Fail
3.2,67.0,47.9,46.8,37.6,12.8,43.4,25.2,Fail
10.6,77.2,68.4,51.6,58.6,71.7,59.4,61.7,Pass
2.8,64.5,46.7,29.6,41.9,28.3,39.7,36.7,Fail
2.6,50.2,42.6,40.2,30.1,45.6,36.9,39.6,Fail
7.5,64.3,45.6,57.1,39.6,52.5,46.6,51.8,Fail
10.2,65.5,60.7,47.9,75.7,65.3,62.9,60.5,Pass
7.4,82.7,64.4,41.5,59.8,65.5,55.7,64.4,Pass
6.2,68.4,52.5,30.3,48.7,69.0,44.3,43.6,Fail
5.5,64.4,49.5,33.8,42.1,56.0,41.8,48.0,Fail
5.0,61.5,33.4,37.6,45.9,46.4,39.7,50.2,Fail
12.0,73.4,78.3,69.6,65.3,76.8,70.5,59.6,Pass
8.1,75.7,48.0,46.6,63.7,64.5,53.9,54.3,Pass
5.2,51.6,40.9,11.7,37.2,44.2,30.7,36.6,Fail
4.3,67.0,42.4,35.3,47.8,62.6,42.4,43.6,Fail
9.5,67.4,61.6,49.8,59.9,56.9,57.4,71.1,Pass
11.8,77.6,69.6,57.2,72.4,69.9,67.0,51.3,Pass
11.2,79.8,71.6,36.3,67.3,60.4,59.3,60.3,Pass
3.8,59.0,50.9,35.0,49.9,65.6,45.7,49.9,Pass
5.5,55.6,61.5,52.9,51.6,42.9,55.0,47.5,Fail
4.9,63.4,46.4,37.4,54.5,48.2,46.9,51.1,Fail
5.9,77.4,48.4,41.3,59.0,43.5,50.5,34.0,Fail
10.6,79.4,63.1,51.2,64.8,61.7,60.2,72.5,Pass
13.9,73.7,61.1,65.4,81.6,82.6,70.6,85.8,Pass
8.3,64.9,53.3,35.8,52.6,52.6,47.8,46.0,Fail
4.4,60.8,34.6,29.7,55.8,52.8,41.6,35.4,Fail
6.5,57.4,43.5,53.7,56.8,56.3,51.9,38.6,Fail
15.3,84.6,62.5,75.8,80.8,80.3,73.8,63.1,Pass
7.0,76.1,66.5,44.5,59.2,46.8,57.0,64.8,Pass
5.5,63.5,50.9,47.4,46.1,50.2,47.9,45.2,Fail
5.8,63.0,65.5,35.2,54.9,49.6,52.2,30.8,Fail
8.2,64.3,64.6,40.7,59.5,54.0,55.4,34.3,Fail
3.9,61.1,55.8,30.3,47.4,43.8,44.8,30.5,Fail
4.8,59.9,46.5,26.4,51.8,36.3,42.6,34.0,Fail
11.1,72.1,67.8,56.6,72.5,71.0,66.3,71.8,Pass
8.1,76.0,51.8,69.7,53.7,63.8,57.9,65.6,Pass
7.1,74.0,52.1,31.1,52.6,46.2,46.0,50.8,Fail
11.5,67.1,63.2,72.2,55.9,61.8,63.0,63.6,Pass
4.2,66.3,34.4,16.4,49.7,41.5,35.1,41.4,Fail
5.4,71.6,48.2,49.3,63.8,45.7,54.8,54.0,Pass
8.0,62.1,61.0,31.4,47.4,44.8,46.7,49.0,Fail
7.8,70.5,52.8,54.4,52.2,65.4,53.0,60.3,Pass
2.4,72.6,40.7,31.1,37.1,48.9,36.4,29.3,Fail
5.1,64.2,46.4,48.7,46.2,52.3,47.0,46.2,Fail
6.0,51.1,53.3,33.7,34.1,33.1,39.7,34.0,Fail
8.5,50.1,54.9,50.7,61.2,68.0,56.2,58.9,Pass
7.8,71.8,55.3,48.2,63.6,58.7,56.5,51.4,Pass
6.4,68.5,53.5,57.1,56.4,51.1,55.7,50.8,Pass
1.5,63.3,48.8,32.4,50.3,43.5,44.5,26.8,Fail
6.6,71.8,65.2,49.3,64.1,51.9,60.0,41.0,Pass
6.9,56.4,46.9,44.8,50.9,22.7,47.9,30.6,Fail
22.6,80.7,88.8,92.8,83.8,100.0,88.0,97.9,Pass
5.9,70.5,62.9,54.0,50.9,61.1,55.4,52.9,Pass
8.0,75.5,62.8,51.8,60.9,61.3,58.7,62.3,Pass
12.5,72.9,55.6,45.1,62.3,50.9,55.1,63.6,Pass
10.2,60.8,51.5,43.8,71.4,65.8,57.2,61.5,Pass
14.2,79.8,65.4,73.2,75.4,79.2,71.7,78.3,Pass
2.4,63.3,40.5,22.1,45.1,40.3,36.8,42.8,Fail
3.4,55.6,46.4,29.7,51.4,24.4,43.4,21.2,Fail
4.6,49.7,59.2,32.0,49.0,34.6,47.0,37.1,Fail
2.1,67.1,43.7,34.3,43.6,28.9,40.8,31.3,Fail
7.0,63.5,58.3,42.8,66.0,59.0,56.7,58.3,Pass
3.6,65.8,56.0,39.7,52.7,47.0,49.8,33.2,Fail
15.2,79.4,86.1,58.6,75.6,72.0,73.6,89.7,Pass
4.0,55.6,53.8,29.8,48.2,32.9,44.4,33.2,Fail
5.4,69.8,45.8,60.3,48.8,47.6,51.4,34.8,Fail
10.6,65.8,49.3,67.3,55.5,65.6,57.2,58.1,Pass
2.8,51.4,36.0,38.6,46.4,44.3,40.9,40.3,Fail
2.0,49.4,40.2,37.2,35.9,25.3,37.6,24.3,Fail
7.4,68.9,49.5,50.8,51.0,57.5,50.5,46.8,Pass
7.8,82.1,47.2,52.0,62.0,56.0,54.6,65.8,Pass
10.4,72.8,52.9,48.1,70.8,36.1,58.6,57.0,Pass
9.0,85.1,87.6,69.0,55.2,60.1,69.1,57.6,Pass
8.0,81.2,58.6,69.5,57.5,64.9,61.4,60.2,Pass
4.3,69.3,63.8,36.6,37.5,37.9,45.1,45.7,Fail
7.7,81.8,58.1,62.1,38.4,63.1,51.4,66.5,Pass
7.9,81.2,66.5,48.6,63.9,65.3,60.1,53.6,Pass
4.2,74.5,49.6,35.5,43.1,56.8,42.8,51.7,Fail
17.6,66.0,75.1,66.0,83.1,70.8,75.6,95.4,Pass
8.8,68.7,64.4,47.8,52.7,68.0,54.7,54.4,Pass
3.4,58.5,41.1,42.2,48.9,40.6,44.6,39.0,Fail
10.4,81.8,55.8,54.0,68.7,51.8,60.4,63.1,Pass
11.4,71.2,57.7,65.2,59.0,64.2,60.5,63.1,Pass
8.5,84.2,55.8,47.8,60.4,58.6,55.2,50.6,Pass
5.7,67.7,52.4,43.6,54.6,44.1,50.6,36.6,Fail
4.0,64.6,32.2,29.4,50.1,31.2,38.5,33.2,Fail
6.4,64.7,54.7,33.2,63.7,50.9,51.9,40.7,Fail
8.2,68.4,67.1,53.1,61.8,55.8,60.8,42.4,Pass
6.7,70.2,50.4,47.9,55.4,47.6,51.6,37.7,Fail
14.5,76.9,66.8,61.6,74.4,66.9,68.3,69.1,Pass
9.6,67.8,75.3,44.4,62.1,42.3,60.8,50.6,Pass
3.7,61.2,57.5,27.6,45.4,54.3,43.7,37.0,Fail
3.2,78.4,53.3,44.5,45.7,43.6,47.6,32.2,Fail
8.8,86.5,57.6,49.4,68.1,70.0,59.3,70.6,Pass
5.8,63.2,55.2,57.9,46.8,59.3,52.6,39.8,Fail
10.0,78.8,55.6,58.0,66.2,73.8,60.6,65.8,Pass
8.8,63.9,46.2,54.8,56.7,62.7,53.0,66.3,Pass
6.4,65.1,55.9,57.8,58.9,53.3,57.7,49.2,Pass
3.8,55.9,40.5,29.6,46.3,23.9,39.6,48.5,Fail
2.2,70.8,29.5,41.3,39.2,55.1,36.9,43.9,Fail
7.6,73.0,61.8,54.2,52.1,46.0,55.6,47.6,Pass
2.8,68.8,57.9,33.4,56.6,54.4,50.0,37.0,Fail
3.7,71.5,54.1,26.9,48.3,40.7,43.6,44.1,Fail
7.3,61.8,49.1,26.8,63.8,58.4,48.3,56.3,Pass
6.9,65.7,36.4,38.2,34.2,58.5,36.1,55.2,Fail
3.0,67.2,47.3,48.2,48.9,45.7,48.2,32.6,Fail
12.1,71.8,60.5,52.3,73.4,70.2,63.2,65.8,Pass
12.0,75.0,59.3,68.5,68.6,67.7,65.8,56.4,Pass
9.0,64.4,41.7,43.8,58.3,56.6,49.0,54.4,Pass
9.0,81.4,77.4,55.3,71.2,62.8,68.3,62.7,Pass
9.0,78.3,52.7,58.9,68.4,63.3,60.8,54.2,Pass
11.4,83.6,53.3,70.0,72.8,69.4,66.1,65.0,Pass
9.7,76.9,76.0,51.2,75.5,50.5,68.4,54.1,Pass
4.0,56.0,45.0,31.8,42.4,36.2,40.0,38.0,Fail
5.7,63.0,49.3,25.2,63.3,49.5,47.7,35.5,Fail
21.3,79.9,89.0,77.7,83.4,93.8,83.4,94.2,Pass
1.6,59.9,44.7,63.1,49.3,38.4,52.1,20.8,Fail
4.9,74.3,53.8,42.1,56.9,43.3,51.5,40.2,Fail
12.2,62.9,51.2,44.5,79.2,69.0,60.4,69.2,Pass
4.2,60.4,33.8,37.7,47.8,48.0,40.6,44.6,Fail
9.8,68.6,54.3,60.1,66.2,40.1,60.8,56.7,Pass
6.9,57.8,47.1,39.0,40.3,34.5,42.0,37.8,Fail
4.3,66.8,45.8,31.1,55.6,42.3,45.3,47.9,Fail
1.3,58.8,42.1,55.2,43.3,40.9,46.5,45.9,Fail
7.5,77.9,56.1,54.3,65.4,60.2,59.3,53.0,Pass
3.9,62.5,41.1,53.0,40.3,42.5,44.3,39.0,Fail
6.2,71.1,56.9,42.8,52.5,58.6,50.9,48.4,Pass
8.9,71.6,65.0,68.4,63.5,66.0,65.4,56.4,Pass
10.9,53.2,51.3,60.4,57.8,57.5,56.6,53.0,Pass
4.9,54.4,35.2,44.0,47.3,41.7,42.7,43.0,Fail
4.3,68.2,50.5,30.5,51.9,32.5,45.1,45.7,Fail
2.7,65.9,41.8,30.8,42.4,40.5,38.7,24.8,Fail
11.2,72.9,71.0,61.9,66.0,71.1,66.3,71.3,Pass
19.6,94.2,79.6,78.5,85.3,88.6,81.6,88.5,Pass
11.8,78.2,57.4,63.9,87.6,69.7,71.4,71.3,Pass
13.3,88.5,68.1,62.1,78.1,79.0,70.3,79.2,Pass
4.2,45.4,46.2,39.4,55.4,45.9,47.8,41.4,Fail
8.6,84.2,59.6,49.1,57.4,58.9,55.6,60.4,Pass
10.4,67.6,60.4,58.8,62.4,54.4,60.7,55.7,Pass
0.3,60.6,34.8,21.7,35.8,28.1,31.3,23.3,Fail
3.3,73.5,56.8,37.5,54.3,46.7,50.0,50.8,Fail
15.8,62.0,74.1,63.3,74.6,76.6,71.1,78.3,Pass
2.4,60.9,30.9,27.4,34.3,23.2,31.2,32.6,Fail
14.5,85.5,81.9,62.5,82.4,75.1,76.3,75.2,Pass
2.4,57.9,46.9,37.3,45.6,27.9,43.5,28.7,Fail
3.4,71.4,56.9,46.7,53.1,44.9,52.3,47.6,Fail
8.7,75.9,55.9,55.4,69.9,63.3,61.4,51.1,Pass
7.0,69.8,47.4,52.4,62.3,62.9,54.9,53.7,Pass
5.2,71.0,51.0,45.0,64.7,60.1,54.7,47.3,Pass
15.5,89.0,79.0,65.1,83.8,86.4,76.8,93.9,Pass
2.8,68.2,55.5,22.7,55.2,36.0,45.5,47.5,Fail
6.1,74.8,59.7,42.4,56.0,47.3,53.0,52.6,Pass
9.4,64.2,59.3,50.6,61.4,62.0,57.5,69.4,Pass
7.9,74.1,57.0,45.3,64.1,63.4,56.3,48.5,Pass
4.4,69.2,49.7,56.0,47.7,36.4,50.8,16.5,Fail
4.5,74.4,48.2,46.0,53.1,69.6,49.5,54.2,Pass
10.8,63.7,66.1,53.9,54.5,65.3,57.8,68.6,Pass
11.1,81.9,55.2,64.8,76.5,76.4,66.6,66.7,Pass
8.0,62.6,54.8,66.5,65.2,59.6,62.5,49.0,Pass
3.8,83.3,60.9,41.7,47.5,39.2,49.8,42.6,Fail
4.6,58.4,37.6,31.0,54.5,38.1,42.4,48.8,Fail
6.6,58.6,66.3,47.1,61.2,41.8,58.5,46.2,Pass
7.2,66.3,45.7,37.1,56.9,36.4,47.6,51.8,Fail
9.2,79.4,58.2,46.5,66.4,50.5,58.0,62.8,Pass
5.9,69.9,61.0,58.3,59.7,67.4,59.7,56.9,Pass
10.6,86.2,78.7,71.5,62.5,67.6,70.1,75.5,Pass
10.6,70.3,65.1,61.7,81.1,71.6,70.5,60.1,Pass
13.5,72.3,71.3,66.3,56.5,67.0,63.9,65.6,Pass
6.8,62.3,66.6,34.5,45.7,42.7,48.6,40.4,Fail
8.1,65.5,44.9,41.9,63.4,67.5,51.4,59.2,Pass
6.1,56.1,35.2,54.4,54.5,45.9,48.7,54.1,Pass
3.9,59.5,30.3,33.9,56.3,39.0,41.8,42.1,Fail
19.4,73.6,74.1,68.9,83.8,89.8,76.4,71.8,Pass
12.6,80.9,63.7,61.2,65.0,77.6,63.5,97.5,Pass
10.4,84.3,69.1,64.1,69.8,62.9,67.9,67.5,Pass
6.6,69.7,62.2,45.1,63.1,32.3,57.4,52.2,Pass
3.6,58.9,52.1,36.0,42.1,50.7,43.3,43.9,Fail
11.5,79.8,74.0,40.6,63.3,70.6,59.7,57.8,Pass
6.1,67.0,44.6,44.5,53.0,41.9,47.9,48.6,Fail
8.5,78.3,63.6,62.3,58.3,59.5,61.1,48.2,Pass
4.6,58.0,40.7,39.0,45.6,54.7,42.2,46.7,Fail
7.7,62.2,58.9,66.1,52.0,68.7,58.3,60.6,Pass
4.8,71.6,51.4,37.0,56.9,44.2,49.3,50.8,Fail
4.9,65.7,56.6,37.8,48.9,59.2,47.9,44.3,Fail
7.7,76.7,77.4,45.1,59.9,56.8,60.7,35.4,Fail
2.3,55.9,41.1,27.7,47.0,28.7,39.4,27.5,Fail
2.4,66.3,35.9,41.7,36.8,35.3,38.0,38.6,Fail
4.1,69.3,35.9,38.9,42.2,60.9,39.3,47.1,Fail
5.8,54.7,40.8,58.9,50.3,52.0,50.0,45.0,Fail
10.8,72.9,72.0,59.2,61.0,56.3,63.8,58.0,Pass
6.0,51.1,51.2,33.1,57.9,52.9,48.4,51.8,Pass
6.6,79.7,59.0,40.5,52.3,64.1,50.8,67.1,Pass
5.6,56.2,51.1,56.4,48.8,42.8,51.8,40.6,Fail
8.1,68.2,62.4,51.9,53.3,60.1,55.6,61.8,Pass
3.8,64.5,34.5,51.2,56.6,56.7,48.4,51.5,Pass
6.2,59.7,58.2,44.2,45.4,37.4,48.9,35.5,Fail
8.4,84.9,65.4,54.8,78.8,45.6,67.6,46.6,Pass
7.6,63.6,42.8,59.7,54.8,48.0,52.7,58.1,Pass
6.7,65.9,55.9,49.6,53.9,35.7,53.2,37.4,Fail
6.8,62.6,42.0,48.9,37.7,39.5,42.3,42.3,Fail
8.9,65.1,61.4,47.2,71.4,66.8,61.1,62.2,Pass
19.9,83.0,85.7,87.4,92.1,85.8,88.8,86.4,Pass
4.0,70.4,41.0,40.7,40.9,44.6,40.9,39.6,Fail
20.2,85.5,89.4,75.8,86.8,100.0,84.3,100.0,Pass
3.9,58.6,51.9,57.6,35.8,53.8,47.2,27.1,Fail
1.2,61.4,36.2,30.3,35.6,37.6,34.2,31.4,Fail
4.7,54.7,52.1,31.9,46.9,22.1,44.0,21.2,Fail
8.2,79.3,58.0,63.1,73.7,60.1,65.8,53.5,Pass
17.6,77.1,85.3,79.1,100.0,91.9,89.3,88.3,Pass
3.6,60.7,44.6,32.1,50.1,41.9,43.1,20.6,Fail
8.9,55.1,63.7,47.6,46.2,58.5,51.9,51.5,Pass
2.6,59.1,35.6,41.5,59.1,32.3,46.8,19.8,Fail
17.3,94.2,75.8,78.5,73.4,90.2,75.6,79.1,Pass
12.7,80.1,63.1,70.0,77.4,78.7,70.9,73.7,Pass
4.9,74.8,53.3,44.4,54.7,62.0,51.2,57.5,Pass
13.9,77.6,69.9,72.3,82.4,69.5,75.6,79.2,Pass
6.2,46.5,48.6,37.5,42.1,37.3,42.7,34.0,Fail
13.1,76.3,59.8,57.1,77.7,85.6,66.1,67.4,Pass
6.7,69.6,48.5,56.6,65.4,50.3,57.7,47.0,Pass
6.9,75.4,66.6,51.6,62.9,57.0,60.6,58.4,Pass
5.0,65.7,52.7,48.6,51.7,49.4,51.1,47.4,Fail
9.5,65.2,63.5,63.2,68.3,59.6,65.3,49.5,Pass
7.2,67.8,52.7,42.6,65.6,70.1,54.8,52.9,Pass
9.0,68.1,60.8,56.6,57.5,56.5,58.2,49.6,Pass
2.2,66.8,40.6,57.4,40.6,48.4,45.6,15.1,Fail
13.4,75.3,54.6,61.9,65.4,68.5,61.1,79.9,Pass
15.2,70.3,79.8,55.2,59.7,91.4,64.4,87.0,Pass
7.2,73.2,57.8,56.5,65.1,48.2,60.3,61.5,Pass
19.1,77.0,75.4,61.3,83.7,92.5,74.5,100.0,Pass
16.7,77.5,76.7,61.2,77.8,60.0,72.5,77.5,Pass
9.7,67.9,56.0,53.4,58.1,57.3,56.1,65.8,Pass
14.0,78.7,83.6,65.2,79.4,80.1,76.4,75.0,Pass
12.0,63.4,68.4,58.9,61.2,51.8,62.7,62.9,Pass
1.8,62.4,33.1,54.4,48.2,35.3,45.5,26.7,Fail
5.6,75.4,43.6,46.9,51.6,80.1,47.8,57.4,Pass
10.0,72.8,63.8,50.0,56.4,52.2,56.7,62.0,Pass
15.8,73.6,74.8,62.4,81.0,80.3,73.6,85.7,Pass
2.5,60.1,47.2,31.4,38.5,24.2,39.0,9.9,Fail
1.9,64.6,42.0,24.4,43.6,26.8,37.4,35.3,Fail
6.4,72.2,49.3,52.2,62.1,56.7,55.3,40.8,Fail
1.3,73.6,48.8,39.0,47.1,37.2,45.2,27.9,Fail
6.3,54.6,53.7,46.7,51.5,39.5,50.7,27.5,Fail
8.3,72.1,68.3,58.5,58.7,54.0,61.5,48.6,Pass
3.5,65.7,52.6,44.7,50.1,52.9,49.2,52.6,Pass
6.4,67.1,46.2,33.4,49.2,47.4,43.6,49.4,Fail
11.4,76.5,67.8,56.7,72.3,72.3,66.3,69.1,Pass
4.7,63.8,46.3,39.1,47.2,29.1,44.5,51.1,Fail
3.9,56.7,37.2,50.2,43.3,36.9,43.5,29.7,Fail
6.2,69.1,38.8,59.1,45.7,48.3,47.6,48.4,Fail
3.3,69.2,65.3,35.7,55.1,35.9,52.3,45.1,Fail
18.3,81.6,76.6,66.7,80.1,85.7,75.0,96.7,Pass
6.8,76.6,55.6,50.5,50.9,52.3,52.2,55.7,Pass
4.2,63.1,49.1,37.1,45.2,49.7,43.9,50.6,Fail
7.6,72.8,57.9,49.2,64.9,65.7,58.1,63.6,Pass
6.2,54.8,28.7,53.3,51.0,41.7,45.0,47.3,Fail
5.8,84.9,55.7,51.4,43.6,65.9,49.6,44.5,Pass
4.7,63.8,62.7,37.0,47.1,38.0,48.8,39.3,Fail
4.6,61.6,46.0,34.6,58.7,44.5,47.7,49.0,Fail
2.2,60.5,55.6,22.0,54.2,23.9,45.0,22.0,Fail
13.9,69.1,68.8,67.9,62.3,69.7,65.9,66.3,Pass
9.3,61.8,54.3,53.4,64.7,70.9,58.2,61.0,Pass
8.0,69.9,58.1,55.1,49.0,57.8,53.6,62.7,Pass
6.2,68.4,53.2,45.6,48.8,48.3,49.2,39.9,Fail
3.5,66.0,46.9,29.7,40.6,23.5,39.2,25.4,Fail
4.0,64.5,42.7,40.4,53.1,42.8,46.2,24.1,Fail
2.4,62.2,32.5,46.1,43.1,40.1,40.8,27.5,Fail
4.4,55.7,50.0,39.1,50.7,37.4,47.0,42.9,Fail
3.2,59.9,45.1,51.8,31.8,38.1,41.8,28.3,Fail
16.2,80.7,89.9,73.1,88.0,81.1,84.1,74.3,Pass
11.0,68.9,62.4,74.1,76.3,65.9,71.5,60.8,Pass
7.0,70.7,43.1,66.5,57.0,53.7,55.7,47.5,Pass
3.7,63.4,49.0,30.9,61.9,51.9,48.7,47.6,Fail
3.3,62.8,46.0,32.1,52.8,31.0,44.6,23.0,Fail
5.9,68.7,49.0,41.0,66.2,63.4,53.5,38.4,Fail
11.2,77.3,70.5,43.6,67.3,63.2,61.2,73.4,Pass
2.4,68.5,49.3,41.6,49.5,45.5,47.1,40.7,Fail
9.2,86.9,54.9,60.9,61.1,74.8,59.2,55.7,Pass
4.3,72.1,46.5,44.2,41.2,48.5,43.7,51.8,Fail
4.9,54.0,54.8,28.3,42.5,41.0,41.9,22.9,Fail
6.9,59.6,43.8,59.4,53.9,52.4,52.5,55.5,Pass
3.8,62.4,44.9,22.0,38.5,22.9,35.5,40.1,Fail
5.7,60.7,51.4,30.8,52.0,21.7,45.5,47.0,Fail
3.6,67.4,38.2,47.7,32.2,50.8,38.7,31.6,Fail
4.6,69.5,49.3,45.3,49.2,43.9,48.1,41.1,Fail
10.3,68.5,60.1,49.3,64.9,53.6,58.8,45.9,Pass
7.1,78.0,55.0,50.6,54.5,58.2,53.5,64.8,Pass
10.2,83.9,53.3,59.6,64.3,65.2,59.6,69.2,Pass
4.3,50.7,43.8,47.7,44.4,29.1,45.2,33.4,Fail
9.3,59.7,51.6,39.4,54.7,63.6,49.2,51.4,Pass
2.0,71.2,53.9,39.8,50.0,50.5,48.1,36.2,Fail
6.9,75.2,59.7,58.7,47.1,57.6,54.4,52.6,Pass
9.6,75.5,55.6,46.0,55.0,62.7,52.5,70.0,Pass
1.9,62.4,39.4,34.3,35.9,36.8,36.5,37.3,Fail
4.3,64.3,48.9,40.0,47.9,45.1,45.8,37.6,Fail
6.9,72.6,52.4,33.8,69.7,55.6,53.7,44.9,Pass
11.7,75.5,53.9,62.2,70.8,63.9,63.2,69.2,Pass
4.6,76.0,54.3,47.3,42.2,56.3,47.4,53.5,Pass
9.1,65.5,62.1,64.9,61.8,60.4,62.8,65.5,Pass
14.5,77.5,78.2,66.1,72.2,83.1,72.2,72.1,Pass
9.3,78.3,69.6,59.0,62.5,74.0,63.6,61.3,Pass
5.9,68.4,45.7,58.3,47.9,51.4,50.4,52.3,Pass
8.3,75.3,65.5,46.3,60.4,61.0,57.7,51.8,Pass
4.5,70.7,41.1,31.9,38.0,51.4,37.1,46.2,Fail
7.0,65.0,56.4,47.7,54.7,52.4,53.1,50.2,Pass
6.1,59.2,44.3,41.4,52.6,44.1,46.8,38.2,Fail
8.1,63.7,58.7,47.9,51.9,55.8,52.7,63.8,Pass
5.1,57.4,35.4,36.8,43.0,55.4,38.9,44.5,Fail
8.4,55.2,57.7,39.7,47.0,29.8,48.0,37.3,Fail
5.1,74.9,46.4,53.4,50.8,57.3,50.3,55.6,Pass
10.9,58.0,63.1,53.3,62.1,61.4,59.8,73.3,Pass
5.4,81.4,58.2,67.4,56.5,50.0,60.3,47.8,Pass
1.3,57.3,42.9,22.8,45.5,40.5,37.9,24.2,Fail
3.3,61.7,45.5,55.7,53.0,31.5,51.6,22.0,Fail
6.7,55.9,40.8,46.3,45.8,44.5,44.4,43.8,Fail
16.1,82.4,88.8,71.2,80.4,93.9,80.2,100.0,Pass
10.7,70.8,61.6,46.3,57.0,45.6,55.2,60.4,Pass
1.1,61.8,39.7,26.9,38.1,38.5,35.2,24.7,Fail
2.3,56.5,52.6,45.5,44.3,50.2,47.2,34.8,Fail
12.5,78.8,61.5,38.2,75.6,78.6,60.2,66.5,Pass
9.6,64.9,58.3,36.2,59.8,60.7,52.3,60.4,Pass
20.9,85.7,88.9,67.9,93.8,86.1,84.6,83.6,Pass
5.0,69.7,49.1,54.0,42.9,56.9,48.1,49.8,Pass
3.8,76.2,52.6,48.5,54.3,41.6,52.0,39.8,Fail
7.0,74.8,51.8,40.0,51.7,52.5,48.2,63.3,Pass
4.9,66.6,49.2,38.2,62.2,45.6,51.1,46.4,Fail
11.9,74.2,67.1,60.9,81.4,57.0,71.0,71.3,Pass
4.8,68.3,61.0,51.8,64.1,59.3,59.5,53.0,Pass
5.6,72.9,66.3,36.4,50.4,48.7,51.0,47.6,Fail
3.4,58.1,45.6,38.2,50.0,39.1,45.1,39.9,Fail
10.3,79.6,74.1,54.5,51.1,59.6,59.0,63.3,Pass
3.6,56.8,38.4,36.2,51.8,33.3,43.1,24.1,Fail
8.5,73.9,77.2,44.1,63.8,63.4,61.9,62.3,Pass
17.6,85.5,78.9,77.0,71.4,93.1,75.3,89.3,Pass
1.7,56.7,40.1,25.9,45.3,60.6,37.9,51.9,Fail
14.8,65.4,73.5,64.8,69.9,70.3,69.4,67.1,Pass
7.9,67.4,62.8,63.3,56.4,52.5,60.4,40.8,Pass
3.0,42.6,37.4,41.6,42.5,44.4,40.7,40.3,Fail
7.1,67.1,38.3,59.9,60.6,61.4,53.7,33.8,Fail
10.1,62.1,64.1,55.6,63.3,56.8,61.2,64.9,Pass
3.9,89.6,47.4,56.2,39.9,55.4,47.0,54.5,Pass
8.8,79.0,67.5,37.9,66.5,73.5,58.2,60.2,Pass
15.5,79.2,80.8,53.6,71.5,67.2,68.9,73.9,Pass
4.8,76.4,54.1,35.6,58.0,41.8,50.1,33.7,Fail
3.4,69.7,54.9,31.5,52.5,46.4,46.9,33.6,Fail
6.2,58.1,45.9,52.6,48.2,42.1,48.8,44.5,Fail
6.9,63.3,63.8,32.4,54.9,43.8,50.8,50.4,Fail
12.2,82.9,70.6,50.4,59.4,81.5,60.1,71.2,Pass
6.0,59.5,48.4,42.0,61.7,50.8,51.8,41.9,Fail
5.1,69.3,60.1,44.8,55.7,47.5,53.8,45.4,Fail
3.3,69.4,42.1,47.5,49.3,36.8,46.6,41.9,Fail
1.9,60.2,25.0,31.8,41.8,39.3,33.8,32.9,Fail
2.7,64.5,34.8,35.4,31.2,50.2,33.5,41.8,Fail
2.7,69.9,57.9,46.4,55.8,30.7,53.6,30.8,Fail
5.7,73.1,55.3,37.7,52.1,39.0,48.7,27.8,Fail
2.2,66.2,45.6,37.5,45.9,45.2,43.3,42.7,Fail
6.4,67.6,60.4,51.1,51.0,46.4,53.8,27.5,Fail
17.4,85.6,82.8,71.3,75.2,79.0,76.3,77.6,Pass
12.4,58.7,60.2,64.7,59.5,59.0,61.3,64.3,Pass
5.6,78.5,51.2,39.2,54.3,58.3,48.8,44.7,Fail
23.7,87.4,84.2,100.0,95.8,100.0,93.6,100.0,Pass
6.9,62.4,44.0,42.9,48.6,53.8,45.5,59.9,Pass
7.5,73.8,58.5,46.0,58.0,51.6,54.6,38.6,Fail
6.1,71.9,52.5,33.2,52.6,42.8,46.8,46.5,Fail
6.5,60.0,54.9,34.2,42.7,42.2,43.8,30.5,Fail
4.7,66.2,48.6,34.6,49.7,37.1,44.8,36.5,Fail
5.7,67.1,43.0,34.2,50.9,44.3,43.5,37.9,Fail
14.9,77.7,75.1,56.6,70.9,76.5,67.9,65.7,Pass
13.2,88.8,74.5,66.6,82.4,82.9,75.3,88.1,Pass
1.3,61.4,41.2,38.6,41.2,35.9,40.4,32.0,Fail
2.4,61.8,44.6,38.2,46.6,36.8,43.5,43.6,Fail
4.0,59.4,61.5,9.9,42.6,54.1,38.5,35.6,Fail
11.3,67.0,53.2,47.2,58.1,31.7,53.4,60.7,Pass
13.3,79.1,62.7,74.3,69.5,80.2,68.9,79.3,Pass
10.1,68.4,47.1,42.2,51.7,64.7,47.5,50.6,Pass
3.0,62.1,45.4,36.0,32.3,44.5,37.3,28.3,Fail
4.7,67.2,34.1,32.3,57.7,53.5,43.0,35.9,Fail
8.9,71.2,61.0,64.1,56.9,49.3,60.3,55.5,Pass
5.7,67.9,51.3,37.4,51.8,56.9,47.3,50.1,Pass
5.3,67.4,46.2,49.7,53.2,51.9,50.1,57.5,Pass
5.3,71.4,55.8,38.0,52.3,44.9,49.1,36.0,Fail
12.6,96.2,76.4,44.9,69.6,80.5,64.2,80.4,Pass
9.4,81.1,76.0,60.2,74.4,65.5,70.6,63.4,Pass
5.5,63.7,55.0,25.8,48.4,37.0,43.6,34.0,Fail
8.1,79.4,59.5,44.5,66.3,40.3,57.7,55.7,Pass
2.8,54.9,23.8,51.7,49.8,26.8,42.6,26.4,Fail
4.8,61.2,55.4,69.0,41.1,40.8,53.8,40.6,Fail
11.9,79.9,75.3,61.3,77.3,73.4,71.9,71.1,Pass
2.1,67.9,55.2,28.6,48.1,25.5,44.4,24.0,Fail
9.5,76.2,43.6,55.2,55.1,65.8,51.7,64.5,Pass
1.3,56.8,41.3,20.2,43.5,35.1,35.8,33.4,Fail
16.3,74.9,80.3,65.8,79.6,98.3,75.7,96.9,Pass
4.7,66.7,59.0,56.4,48.0,50.6,53.8,40.8,Fail
8.4,68.1,62.0,52.4,73.2,38.0,63.6,46.2,Pass
7.1,75.6,57.4,36.7,61.7,64.4,52.9,45.8,Pass
7.3,66.5,46.4,51.3,47.4,45.1,48.3,43.3,Fail
8.0,67.1,55.2,34.0,60.1,44.8,50.8,43.0,Fail
1.8,49.2,41.5,14.4,37.9,28.9,31.9,28.6,Fail
7.4,75.9,63.8,57.1,52.7,61.9,57.4,61.0,Pass
5.9,69.7,40.0,38.5,50.9,47.0,43.9,53.7,Fail
4.7,47.4,46.0,51.4,47.3,41.2,48.1,46.6,Fail
4.0,68.4,36.7,31.4,41.7,35.4,37.1,41.7,Fail
7.5,65.8,56.9,59.0,47.0,43.9,53.6,47.2,Fail
3.4,70.3,38.7,54.8,38.4,46.9,43.4,27.7,Fail
11.8,73.3,54.0,60.7,57.1,53.8,57.2,65.6,Pass
8.8,64.1,71.3,47.7,64.5,49.6,61.5,44.8,Pass
7.8,83.2,49.5,47.6,64.3,56.2,54.8,53.1,Pass
11.5,86.4,63.8,57.1,64.7,72.5,62.2,68.8,Pass
1.6,60.4,41.2,19.2,40.7,31.7,34.4,21.6,Fail
2.7,66.2,28.6,43.3,34.8,38.1,35.5,28.1,Fail
9.0,67.1,64.4,57.0,56.5,47.3,59.0,52.7,Pass
4.1,51.3,38.0,34.8,38.8,35.4,37.4,33.0,Fail
4.5,75.9,43.6,44.1,54.5,46.2,48.1,41.1,Fail
2.4,56.5,49.1,30.3,51.9,39.7,44.6,27.0,Fail
3.4,74.3,38.4,30.1,41.5,36.6,37.2,44.5,Fail
12.0,80.0,71.6,49.7,65.5,60.9,62.6,53.4,Pass
8.9,73.0,59.9,47.7,63.8,48.0,57.8,69.5,Pass
7.5,68.7,56.1,45.1,47.4,55.2,49.3,51.8,Pass
4.6,71.1,50.1,53.3,45.7,45.0,49.3,36.6,Fail
7.2,61.2,53.8,52.2,60.4,50.4,56.0,35.9,Fail
12.5,85.7,52.5,77.8,79.6,70.5,70.9,61.8,Pass
4.2,66.2,41.3,47.0,42.1,41.2,43.3,40.5,Fail
6.5,79.8,49.6,35.0,52.3,48.2,46.3,45.2,Fail
16.8,79.2,86.2,58.4,86.6,86.1,78.0,74.8,Pass
10.0,73.1,63.2,45.7,71.1,61.9,61.1,50.3,Pass
4.6,67.6,49.6,38.8,48.9,58.9,46.1,41.0,Fail
9.5,76.0,76.6,47.9,61.4,58.6,61.9,55.1,Pass
2.1,77.0,31.1,45.1,50.1,57.0,42.9,47.2,Fail
6.4,64.2,63.4,55.7,57.5,48.3,58.7,41.8,Fail
9.5,70.4,60.2,42.6,61.7,63.7,55.5,79.8,Pass
8.3,69.8,51.5,35.9,71.2,49.8,54.7,53.6,Pass
9.5,52.9,50.6,63.9,57.0,60.4,57.1,61.3,Pass
10.7,68.4,57.9,57.7,55.2,42.3,56.8,64.0,Pass
8.7,66.5,69.4,45.9,63.7,45.1,60.1,39.5,Fail
8.6,91.4,66.5,71.0,62.8,57.2,66.4,53.6,Pass
7.6,71.2,62.1,60.7,57.9,74.9,60.0,57.2,Pass
3.2,67.8,40.8,33.7,52.3,51.2,43.3,49.6,Fail
12.0,62.7,63.7,64.9,70.7,67.6,66.9,65.3,Pass
6.5,67.3,60.5,56.5,35.1,48.3,49.1,47.7,Fail
9.9,79.4,72.6,64.2,63.3,59.8,66.4,67.6,Pass
11.3,93.7,60.0,74.7,68.6,68.4,67.8,75.9,Pass
4.8,60.3,54.2,32.1,49.6,49.4,45.7,54.8,Pass
5.0,51.5,44.3,39.1,39.7,42.7,40.9,27.4,Fail
5.5,60.4,52.0,57.0,48.5,55.7,52.1,41.5,Fail
13.2,69.7,63.1,58.0,68.3,74.8,63.6,68.8,Pass
3.6,58.2,56.9,31.7,35.5,43.4,40.8,30.6,Fail
14.5,84.7,76.5,69.1,76.5,71.5,74.3,79.3,Pass
7.5,71.7,51.8,35.2,64.3,46.7,51.8,54.7,Pass
7.8,60.3,49.8,50.2,45.7,53.8,48.3,36.4,Fail
11.0,84.5,74.2,45.3,72.0,70.8,64.6,72.9,Pass
7.0,83.5,64.8,62.7,62.7,57.1,63.3,48.1,Pass
12.0,60.8,62.9,42.0,51.4,51.2,52.0,59.8,Pass
4.8,75.2,49.1,52.0,50.9,51.8,50.7,38.1,Fail
14.2,75.7,78.8,58.6,74.3,80.9,70.9,83.6,Pass
5.0,58.5,43.3,31.1,56.6,33.2,45.0,29.6,Fail
14.5,65.8,64.1,63.6,67.7,69.7,65.4,72.2,Pass
5.1,62.5,69.2,44.5,55.8,37.4,56.4,43.9,Fail
5.6,62.5,53.0,43.8,46.7,55.7,47.7,49.2,Fail
3.4,65.3,45.7,41.9,49.5,60.2,46.1,37.0,Fail
4.0,82.0,49.0,50.5,60.2,61.5,53.9,47.3,Pass
6.5,63.7,50.4,27.1,41.6,33.8,39.9,40.7,Fail
7.7,58.0,62.8,47.7,56.5,54.5,55.8,55.7,Pass
11.5,71.2,71.0,45.8,71.3,69.6,63.6,64.8,Pass
5.8,75.3,49.0,35.2,54.3,66.2,47.0,50.7,Pass
3.1,61.7,42.1,27.3,47.0,33.8,39.6,31.0,Fail
8.4,75.3,48.9,34.6,65.2,55.9,51.1,43.8,Fail
7.4,70.2,58.0,48.7,48.4,43.8,51.4,55.1,Pass
8.9,71.2,27.4,36.5,59.1,45.1,42.8,61.3,Pass
4.4,78.0,39.9,47.8,60.5,49.8,50.5,56.6,Pass
4.7,57.9,47.5,53.5,44.9,57.7,48.3,48.2,Pass
4.4,57.0,24.9,53.0,39.3,43.7,39.1,29.3,Fail
12.8,68.1,84.3,50.4,66.6,67.9,67.0,52.8,Pass
14.3,79.9,65.5,55.8,76.6,63.9,67.0,74.7,Pass
4.6,65.9,52.8,48.6,60.9,47.4,54.8,36.5,Fail
4.7,71.3,60.9,43.7,68.5,42.5,58.8,38.4,Fail
9.6,70.9,62.6,53.2,73.9,56.5,64.3,55.9,Pass
15.2,76.7,73.4,55.8,74.0,92.0,68.4,85.9,Pass
17.0,83.0,74.4,74.2,75.6,80.9,74.8,80.8,Pass
4.5,79.0,42.2,52.4,42.3,47.1,45.3,49.5,Fail
5.2,56.9,43.7,33.7,51.1,45.4,43.7,35.5,Fail
7.9,62.1,55.3,52.1,76.7,21.8,62.9,38.0,Fail
8.1,70.0,57.0,51.8,60.6,49.4,56.9,56.9,Pass
6.0,83.5,49.4,43.2,60.7,38.3,52.1,42.1,Fail
3.9,56.1,53.1,37.1,46.5,35.3,45.7,45.8,Fail
6.5,67.7,41.9,36.8,57.2,67.4,46.5,47.8,Pass
17.0,73.4,80.8,78.5,75.4,57.4,78.0,83.5,Pass
4.8,68.9,57.1,33.5,55.1,31.0,49.2,27.3,Fail
7.6,52.6,52.9,39.5,50.3,60.9,47.8,47.9,Pass
23.2,79.6,100.0,94.1,99.0,99.9,97.8,100.0,Pass
4.7,75.9,55.4,39.6,54.5,52.4,50.3,59.4,Pass
9.9,72.0,72.4,46.4,68.9,61.9,63.2,64.4,Pass
17.4,74.9,55.9,73.7,70.8,84.5,67.2,91.9,Pass
9.4,70.9,67.6,69.6,71.0,58.6,69.6,62.1,Pass
12.3,74.3,71.6,71.1,77.0,40.9,73.6,57.3,Pass
10.6,77.2,68.6,63.1,65.4,65.8,65.7,45.1,Pass
9.0,54.2,59.2,57.3,52.4,64.4,55.9,49.9,Pass
14.1,68.6,64.9,67.8,61.9,81.6,64.6,71.4,Pass
9.7,64.0,64.7,54.4,53.2,64.1,57.0,51.7,Pass
6.0,72.2,67.9,54.5,54.9,51.2,58.7,35.4,Fail
7.3,68.7,40.2,51.4,55.9,55.4,49.8,64.7,Pass
8.3,81.5,70.6,53.2,66.4,68.2,63.7,55.1,Pass
5.2,72.9,51.2,46.3,66.1,35.8,55.7,29.6,Fail
7.5,66.2,49.6,51.0,52.2,69.9,51.1,79.8,Pass
6.9,67.9,44.5,49.9,50.2,61.7,48.4,60.7,Pass
9.7,82.0,67.0,60.1,66.5,81.5,64.7,60.6,Pass
20.0,95.5,100.0,74.0,88.2,98.9,87.5,93.2,Pass
7.7,68.5,52.8,47.2,68.0,49.8,57.2,39.9,Fail
15.4,70.6,77.3,55.1,88.0,79.4,74.9,67.0,Pass
9.5,54.6,55.3,51.9,62.3,62.1,57.1,50.5,Pass
7.5,52.2,37.5,47.6,56.3,66.5,48.0,57.4,Pass
5.0,69.8,49.5,55.3,51.2,46.3,51.9,54.2,Pass
7.5,72.6,51.5,52.4,62.7,52.1,56.2,60.9,Pass
7.2,63.2,45.3,43.3,62.5,60.8,51.6,62.3,Pass
4.2,75.5,47.6,39.3,50.1,45.0,46.1,40.7,Fail
4.6,63.9,45.8,46.9,59.3,39.9,51.5,44.0,Fail
8.3,65.3,64.2,43.5,59.0,49.9,55.9,54.4,Pass
15.3,87.7,77.1,72.0,79.7,63.6,76.6,75.9,Pass
6.4,76.0,44.4,56.7,49.8,48.1,50.2,57.5,Pass
2.3,62.3,52.9,53.9,47.3,43.6,51.0,40.5,Fail
1.1,65.5,44.9,44.2,51.2,36.8,47.2,31.9,Fail
3.3,69.1,49.6,34.8,33.3,46.7,38.6,33.1,Fail
10.0,89.4,73.8,52.6,73.3,79.0,67.2,79.6,Pass
2.7,62.2,43.9,42.2,50.2,61.1,45.9,31.7,Fail
10.9,63.6,56.6,53.0,63.0,59.2,58.1,48.9,Pass
9.7,76.6,65.2,42.2,51.4,51.2,52.8,38.6,Fail
6.3,68.1,58.0,69.2,46.0,49.2,56.6,46.3,Pass
4.2,65.9,51.2,42.3,49.5,51.5,47.8,45.6,Fail
5.7,66.6,57.9,55.4,42.2,72.0,50.9,43.3,Pass
8.2,57.1,54.3,44.3,73.8,53.5,59.1,51.0,Pass
2.8,65.5,37.3,37.3,54.4,44.7,44.1,45.7,Fail
14.5,74.5,66.3,66.9,66.1,73.2,66.4,80.1,Pass
8.2,67.4,67.6,47.4,66.2,56.8,61.0,49.4,Pass
8.7,67.3,57.9,44.1,64.2,67.5,56.3,65.2,Pass
9.6,71.2,51.5,73.7,58.8,70.0,61.1,70.5,Pass
13.7,78.5,61.2,68.0,79.3,74.1,70.5,82.9,Pass
7.5,68.8,44.9,34.5,41.3,55.1,40.3,57.2,Pass
10.0,81.2,71.0,58.2,65.6,61.9,65.0,49.7,Pass
4.3,71.2,52.4,29.3,48.3,55.7,43.8,57.6,Pass
17.1,79.9,92.9,65.0,96.3,99.9,85.9,93.3,Pass
7.2,60.4,57.1,46.9,47.9,43.0,50.4,42.0,Fail
4.3,69.8,54.6,46.8,56.7,39.2,53.1,46.9,Fail
5.0,63.5,65.0,19.2,48.0,40.2,44.5,38.1,Fail
1.5,60.4,33.4,48.8,48.3,44.5,44.0,10.5,Fail
5.0,55.5,34.6,33.9,42.8,38.7,37.7,47.3,Fail
0.9,64.4,45.5,31.1,34.3,43.1,36.7,27.4,Fail
10.4,93.2,66.8,75.0,71.5,57.3,71.1,61.6,Pass
8.6,66.3,59.5,65.9,65.2,57.3,63.7,54.8,Pass
3.4,69.1,57.3,34.2,54.1,43.8,49.1,36.1,Fail
6.5,77.8,62.4,58.3,49.0,47.0,55.8,49.6,Pass
6.7,63.9,64.7,47.1,44.7,49.4,51.4,54.2,Pass
3.0,44.2,32.0,56.5,34.0,46.4,40.2,38.9,Fail
5.8,72.5,60.5,39.8,49.4,49.0,49.8,38.1,Fail
6.8,68.8,48.1,62.0,48.8,57.6,52.6,40.2,Fail
5.7,69.3,65.5,39.6,52.6,61.8,52.6,47.0,Pass
4.3,65.6,51.9,31.2,54.3,35.4,46.6,30.8,Fail
3.4,73.4,52.9,38.1,49.1,46.7,46.9,33.7,Fail
5.6,65.9,46.3,29.0,43.5,21.1,40.0,28.5,Fail
4.6,82.9,49.8,37.5,49.2,37.6,45.9,51.7,Fail
9.3,76.7,64.9,51.8,67.6,68.2,62.0,65.8,Pass
14.2,85.1,87.9,65.2,78.5,72.8,77.3,73.3,Pass
11.2,73.5,77.1,66.3,63.8,69.3,68.5,66.9,Pass
6.9,70.8,57.9,55.3,61.8,40.4,58.7,49.0,Pass
4.4,51.8,41.0,37.3,50.3,15.9,43.6,22.8,Fail
11.0,68.6,67.2,40.7,70.8,55.8,60.7,60.7,Pass
9.6,80.1,73.3,36.9,66.6,56.5,59.7,40.8,Pass
13.6,75.8,71.6,59.1,66.7,69.5,65.9,72.4,Pass
7.5,60.0,49.9,39.0,52.4,63.9,47.6,58.7,Pass
16.6,74.4,81.0,64.8,74.4,61.8,73.5,80.5,Pass
7.5,63.5,52.1,62.0,36.9,47.4,49.0,49.0,Fail
4.3,64.8,45.2,35.2,47.3,40.4,43.0,28.6,Fail
4.9,59.2,47.1,32.8,33.6,42.0,37.4,42.6,Fail
9.0,82.2,68.0,55.3,61.0,71.6,61.4,71.0,Pass
4.6,67.2,47.6,37.2,46.5,44.8,44.0,49.0,Fail
16.5,68.6,73.3,73.8,87.1,86.4,79.0,83.1,Pass
8.6,82.6,63.1,56.8,56.4,72.6,58.5,64.8,Pass
6.8,67.8,50.9,63.6,56.8,41.2,57.1,43.3,Fail
7.2,72.7,68.6,46.4,57.8,64.6,57.6,60.0,Pass
5.7,69.3,66.9,62.2,59.3,49.5,62.4,42.2,Pass
1.9,65.6,41.1,41.9,39.6,39.0,40.7,28.7,Fail
4.9,63.1,42.3,46.3,38.0,47.1,41.8,41.5,Fail
15.4,81.1,71.4,51.3,78.5,81.7,68.2,80.4,Pass
7.6,67.9,59.1,29.4,58.0,39.0,49.8,34.6,Fail
11.9,77.2,66.3,46.0,70.8,53.4,62.0,61.6,Pass
12.1,73.0,55.9,61.8,65.0,63.7,61.3,56.5,Pass
6.5,65.5,51.4,52.5,51.6,56.6,51.8,49.1,Pass
9.7,59.9,60.6,56.1,65.2,69.4,61.1,79.6,Pass
2.1,62.5,50.8,35.6,50.1,31.4,46.0,35.8,Fail
14.7,79.4,87.3,75.3,72.7,85.8,77.9,72.3,Pass
14.0,91.6,71.9,79.4,77.4,78.5,76.4,78.9,Pass
8.9,74.5,55.2,50.4,53.2,62.6,53.0,62.8,Pass
7.8,63.6,52.7,53.1,60.0,48.5,55.7,39.9,Fail
6.6,59.8,43.6,47.9,54.6,50.5,49.3,49.9,Fail
12.7,77.4,63.0,69.5,80.4,63.6,71.9,67.6,Pass
10.3,66.4,55.0,57.2,66.9,62.2,60.4,59.6,Pass
0.5,56.1,40.4,32.5,40.0,39.1,37.9,22.9,Fail
5.3,60.4,42.1,36.3,67.0,41.4,50.3,40.7,Fail
3.1,61.1,51.1,38.9,49.0,42.2,46.6,46.4,Fail
2.7,69.1,55.3,35.2,52.8,44.3,48.3,33.8,Fail
12.6,59.2,54.0,47.9,50.9,74.0,50.9,76.5,Pass
6.5,78.2,46.0,51.5,62.7,38.1,54.3,45.0,Fail
8.8,68.9,54.0,42.4,76.5,63.2,59.5,59.9,Pass
7.0,63.3,49.8,45.8,56.1,41.3,51.1,56.4,Pass
2.7,70.3,56.6,35.2,54.9,30.7,49.5,31.8,Fail
2.1,60.9,42.1,29.8,51.1,30.7,42.0,30.2,Fail
5.1,57.7,50.9,53.3,61.7,37.0,55.9,43.5,Fail
5.3,54.2,50.2,55.0,52.6,46.9,52.6,34.1,Fail
5.3,71.9,45.1,42.0,41.8,40.3,42.8,49.8,Fail
5.4,72.6,50.6,54.0,55.7,55.9,53.7,45.4,Pass
19.2,79.7,82.2,62.9,91.2,68.9,80.0,81.9,Pass
11.8,84.7,72.0,51.5,77.3,79.6,68.0,62.3,Pass
7.7,69.5,44.8,48.8,55.4,41.0,50.2,39.2,Fail
6.4,78.3,51.5,39.1,55.2,57.0,49.3,54.4,Pass
6.5,60.1,51.1,47.7,49.9,41.8,49.6,52.3,Fail
10.1,63.5,55.7,55.7,59.5,56.1,57.2,51.0,Pass
6.3,63.5,40.4,44.3,52.4,41.4,46.4,48.2,Fail
11.2,70.2,57.7,78.5,68.7,47.8,68.3,56.3,Pass
8.2,79.0,49.0,56.1,63.4,55.6,56.9,44.2,Pass
19.3,85.5,95.3,84.0,86.7,81.3,88.5,87.0,Pass
6.1,61.2,48.0,48.1,43.2,35.6,46.1,46.0,Fail
12.3,74.8,66.5,52.7,72.2,64.6,64.6,58.9,Pass
3.3,60.5,36.9,54.9,42.6,39.4,44.6,25.0,Fail
4.4,58.8,48.3,26.7,59.1,42.1,46.1,33.4,Fail
17.9,80.8,85.6,77.1,90.7,91.2,85.1,84.6,Pass
10.9,71.6,56.0,63.6,66.9,54.2,62.6,73.6,Pass
8.9,64.6,50.0,59.6,52.6,45.1,53.9,52.3,Pass
22.1,80.3,84.3,80.9,82.1,100.0,82.4,100.0,Pass
6.4,74.2,43.9,54.3,55.4,50.8,51.6,48.0,Pass
12.3,78.1,71.1,52.2,72.3,87.1,65.9,77.8,Pass
12.8,82.9,76.5,78.9,62.2,56.3,71.5,73.7,Pass
15.8,76.7,63.1,67.5,79.2,82.3,70.9,70.9,Pass
3.0,54.9,49.5,30.9,44.6,29.7,42.0,22.5,Fail
6.4,63.1,58.8,39.1,35.6,41.8,43.6,48.1,Fail
8.1,77.9,36.8,55.0,52.5,54.2,48.5,55.0,Pass
15.7,66.0,62.4,51.8,66.9,86.3,61.0,85.5,Pass
8.7,82.0,57.1,62.6,55.3,47.5,58.0,47.2,Pass
12.8,66.5,70.1,54.4,71.2,52.2,65.8,61.6,Pass
2.8,69.6,50.0,50.3,60.9,48.5,54.4,50.0,Pass
5.5,58.4,41.1,30.5,51.8,59.7,42.2,42.6,Fail
14.0,72.0,82.6,65.0,78.6,66.5,75.7,78.2,Pass
6.0,50.7,41.6,45.9,41.8,54.6,43.0,48.6,Fail
6.7,82.9,51.6,56.4,63.2,65.1,57.7,49.3,Pass
15.5,83.2,66.7,65.2,76.6,82.8,70.2,91.5,Pass
3.8,69.6,47.1,29.6,49.8,45.0,42.9,49.9,Fail
4.4,61.3,54.4,35.9,45.2,39.6,45.2,27.5,Fail
2.6,55.7,34.7,45.1,30.5,45.9,36.1,41.6,Fail
15.9,85.3,79.1,90.1,87.5,90.3,85.8,82.8,Pass
11.7,64.4,64.3,42.2,66.2,57.6,58.4,60.7,Pass
11.5,72.5,64.5,51.8,65.5,51.4,61.1,43.9,Pass
5.4,56.5,50.3,25.4,62.0,35.9,47.5,35.5,Fail
2.5,64.0,51.4,31.6,39.4,29.0,40.7,23.5,Fail
2.0,47.1,40.3,25.4,43.3,31.2,37.0,26.7,Fail
14.1,65.1,76.1,51.5,85.7,74.2,72.6,65.1,Pass
9.2,64.2,48.9,66.3,61.1,62.4,59.0,50.2,Pass
10.3,77.3,60.3,67.3,57.7,69.8,61.4,57.2,Pass
7.9,65.2,46.6,50.9,62.6,56.1,54.3,61.7,Pass
4.0,72.7,54.2,41.0,48.3,45.7,47.9,39.7,Fail
5.6,78.7,64.6,55.0,54.1,52.5,57.5,51.6,Pass
3.4,61.6,42.8,28.9,39.7,51.0,37.4,42.4,Fail
3.1,51.9,44.0,36.9,54.1,32.6,45.9,25.6,Fail
11.2,81.2,54.8,54.5,64.9,65.8,58.8,68.9,Pass
2.1,50.2,39.4,53.3,33.3,16.2,41.1,23.5,Fail
3.4,56.9,30.5,24.5,51.5,33.1,37.1,26.7,Fail
5.8,53.4,48.1,38.7,37.6,41.7,41.1,39.7,Fail
7.1,76.2,41.7,38.0,57.3,65.2,46.8,69.6,Pass
2.6,67.7,59.1,44.4,44.1,29.2,48.7,21.2,Fail
2.0,75.3,46.2,45.0,52.4,40.9,48.3,31.3,Fail
8.6,66.8,56.5,44.3,56.0,54.6,52.6,57.6,Pass
7.6,62.5,69.2,36.2,47.9,57.1,50.8,40.1,Fail
13.9,72.5,70.1,60.2,73.3,68.3,68.4,69.5,Pass
7.2,58.0,38.9,39.1,48.0,54.8,42.6,58.0,Pass
9.1,82.3,59.4,56.2,70.9,65.4,63.0,57.2,Pass
4.2,92.1,71.6,61.8,61.4,47.5,64.6,53.1,Pass
4.3,59.4,39.3,45.3,61.4,33.1,49.9,27.5,Fail
2.8,68.1,42.5,45.0,42.9,60.7,43.4,53.8,Pass
4.2,63.8,59.9,40.2,58.9,38.8,53.6,55.2,Pass
5.5,70.1,45.9,68.4,50.4,36.4,54.4,26.4,Fail
13.2,84.3,70.9,66.2,73.8,70.8,70.6,84.4,Pass
3.8,55.4,55.0,43.7,52.0,34.4,50.4,32.6,Fail
19.8,79.9,79.0,88.4,79.9,81.8,82.2,88.0,Pass
9.6,81.1,57.1,55.9,73.5,63.5,63.3,53.4,Pass
8.5,74.3,44.5,54.1,64.1,60.6,55.2,47.9,Pass
6.8,70.8,46.0,42.5,60.9,34.3,50.9,49.0,Fail
6.1,71.4,46.6,46.4,60.9,52.4,52.3,44.7,Fail
4.6,70.4,47.4,55.9,55.6,54.8,53.2,29.6,Fail
2.5,72.3,49.5,49.1,53.4,34.2,50.9,40.5,Fail
3.9,70.7,48.7,47.4,59.7,33.6,52.7,37.9,Fail
15.8,78.6,65.3,77.6,76.9,71.5,73.6,73.9,Pass
9.3,74.0,71.7,53.6,63.4,56.1,63.0,66.3,Pass
15.8,78.4,66.3,77.9,80.3,80.2,75.4,86.1,Pass
4.6,59.6,61.5,38.6,51.1,32.8,50.5,40.0,Fail
3.3,63.5,46.9,23.4,53.6,35.6,42.5,19.6,Fail
6.8,67.2,62.1,63.3,69.8,51.2,65.5,50.3,Pass
4.0,51.2,47.6,34.8,38.1,39.8,40.0,41.4,Fail
7.7,75.4,70.1,60.3,62.7,44.4,64.2,44.2,Pass
2.1,70.1,44.9,33.9,39.1,32.0,39.3,27.3,Fail
1.4,66.0,40.5,10.4,41.9,27.3,32.0,10.8,Fail
8.3,77.0,62.1,51.9,61.3,72.6,58.7,43.7,Pass
16.1,77.9,73.4,53.3,75.6,87.6,68.2,91.0,Pass
8.5,66.1,60.5,57.0,65.5,55.2,61.4,50.9,Pass
9.2,78.6,74.4,52.8,68.8,47.4,65.7,47.7,Pass
7.0,59.9,38.4,56.3,47.1,58.0,47.2,46.2,Fail
7.4,60.1,52.2,48.4,60.5,60.9,54.4,60.5,Pass
2.4,66.5,62.4,27.6,47.8,37.0,46.1,47.0,Fail
4.1,68.3,45.6,47.1,46.0,40.1,46.2,45.6,Fail
13.1,83.2,79.3,50.6,68.3,65.4,66.3,69.8,Pass
3.1,50.0,48.2,31.6,32.6,41.0,37.0,48.0,Fail
5.5,65.8,39.2,26.8,47.3,50.7,38.7,38.7,Fail
12.9,66.4,68.1,63.1,68.8,57.8,66.9,55.0,Pass
7.3,75.6,59.0,52.2,66.2,47.5,59.8,55.6,Pass
7.5,79.7,84.4,52.6,50.8,47.3,61.4,56.8,Pass
5.5,70.6,31.2,36.3,63.8,63.4,45.8,52.7,Pass
10.0,67.5,47.3,66.0,55.0,63.2,56.0,63.1,Pass
11.4,67.7,61.3,65.2,62.3,74.1,62.9,57.5,Pass
3.9,61.4,43.4,41.0,44.5,42.2,43.1,38.7,Fail
2.6,56.4,35.1,29.6,37.4,38.9,34.4,22.1,Fail
1.6,60.6,34.8,30.5,39.1,31.4,35.2,30.4,Fail
9.0,64.8,62.9,50.9,58.4,69.0,57.5,69.5,Pass
8.4,59.0,47.8,38.3,53.9,54.2,47.4,55.2,Pass
22.9,90.5,88.6,95.7,100.0,100.0,95.3,100.0,Pass
7.0,72.1,63.6,59.8,53.6,37.2,58.5,45.4,Fail
6.3,81.2,63.7,64.5,73.1,60.1,67.7,50.8,Pass
7.8,65.9,51.5,45.5,60.4,57.3,53.3,49.8,Pass
8.1,54.6,40.9,58.9,41.2,62.7,46.4,51.1,Pass
6.0,73.7,61.1,59.6,51.3,49.1,56.7,37.4,Fail
4.0,72.2,42.1,36.2,43.5,37.7,40.9,40.4,Fail
6.8,77.3,67.1,40.3,60.3,69.5,56.3,55.4,Pass
6.6,79.7,60.5,59.2,69.1,42.6,63.6,57.1,Pass
6.6,79.8,55.6,44.5,64.9,46.6,56.0,52.1,Pass
10.6,64.9,64.2,47.9,56.1,73.6,56.1,77.8,Pass
6.7,80.4,41.9,57.2,66.0,64.2,56.1,66.7,Pass
2.6,60.5,55.2,23.4,38.8,33.8,39.1,21.0,Fail
4.5,71.8,48.9,38.8,45.7,43.7,44.6,36.5,Fail
5.9,69.2,53.9,28.5,61.8,46.0,49.4,34.5,Fail
6.9,60.5,47.3,37.7,59.9,56.1,49.5,41.8,Fail
9.1,80.2,60.9,49.2,70.3,68.8,61.2,56.4,Pass
6.9,64.6,66.0,39.6,56.8,55.5,54.4,63.9,Pass
1.4,76.6,43.6,33.4,46.5,46.3,41.7,48.1,Fail
2.8,57.3,39.4,17.0,34.9,40.5,30.9,36.5,Fail
9.4,63.2,63.2,42.4,60.3,34.6,55.8,44.0,Fail
5.8,61.7,52.6,55.3,47.1,51.5,51.2,32.8,Fail
7.3,80.7,71.2,53.9,61.8,54.4,62.2,47.6,Pass
5.4,53.9,30.8,35.7,61.6,62.5,44.6,47.6,Fail
4.5,72.7,47.1,37.2,54.2,33.4,47.0,31.3,Fail
5.5,81.3,44.0,54.3,48.1,42.5,48.7,53.0,Fail
7.3,67.4,64.7,48.7,66.8,54.3,60.7,65.3,Pass
6.7,64.9,42.5,35.9,62.3,38.8,48.4,37.3,Fail
11.3,74.2,67.5,53.6,77.8,88.7,67.4,72.0,Pass
2.3,53.8,30.3,22.4,36.5,39.1,30.4,29.3,Fail
2.5,84.2,46.3,35.3,50.9,39.7,44.8,34.3,Fail
5.8,72.3,45.3,52.0,45.1,54.9,47.2,42.1,Fail
9.1,61.2,56.5,55.6,69.1,58.7,61.3,50.3,Pass
10.3,65.9,76.6,63.4,65.7,56.0,68.3,48.4,Pass
4.6,67.0,37.9,43.1,39.5,34.3,40.1,41.6,Fail
0.7,50.5,27.4,15.6,47.1,18.3,31.7,24.8,Fail
4.7,53.6,50.3,27.5,42.3,36.6,40.3,47.3,Fail
8.4,72.4,57.3,55.8,57.7,67.1,57.0,48.7,Pass
6.6,76.0,45.8,49.4,49.2,59.8,48.2,41.5,Fail
9.3,78.5,58.4,44.7,55.6,81.0,53.2,54.2,Pass
12.8,74.9,56.0,58.8,71.6,62.7,63.1,59.4,Pass
6.0,65.0,47.6,61.5,47.6,39.8,51.8,54.9,Pass
5.0,66.4,42.1,51.0,39.6,46.0,43.8,34.6,Fail
3.7,72.4,51.6,54.7,58.1,50.3,55.1,43.0,Fail
2.5,52.9,46.0,23.1,45.8,38.5,39.0,45.5,Fail
2.0,56.2,19.6,48.5,50.9,39.9,40.8,34.1,Fail
4.3,62.1,48.1,35.3,46.0,44.8,43.4,36.7,Fail
11.9,72.3,47.1,73.4,65.5,63.9,62.4,44.9,Pass
9.8,71.3,61.0,57.6,64.7,57.9,61.5,56.5,Pass
4.9,65.7,62.2,47.9,53.8,60.9,54.6,50.7,Pass
19.9,89.3,83.8,87.4,91.9,84.5,88.1,92.1,Pass
4.5,51.3,46.4,38.6,43.2,42.7,42.8,36.5,Fail
13.5,63.4,71.9,65.8,56.5,79.8,63.9,63.6,Pass
15.3,73.0,78.7,57.7,78.3,66.8,72.2,89.4,Pass
8.7,77.3,67.3,52.3,68.0,51.0,63.1,51.2,Pass
4.3,59.9,50.1,46.5,45.9,46.0,47.3,45.9,Fail
5.3,66.0,44.4,44.1,68.4,51.3,53.9,44.8,Fail
7.4,69.9,60.9,45.6,55.1,51.2,54.0,47.3,Pass
2.5,65.5,56.6,39.0,43.3,43.9,46.0,33.3,Fail
3.4,76.6,53.7,29.4,55.3,29.6,47.0,43.5,Fail
3.2,69.4,48.7,48.8,50.5,37.9,49.4,31.5,Fail
9.1,78.9,48.5,36.0,51.3,70.5,45.9,65.6,Pass
12.8,74.3,59.4,61.5,74.8,53.8,66.2,66.7,Pass
10.1,83.9,59.6,65.0,64.1,85.4,63.0,64.3,Pass
11.6,74.5,56.8,59.9,75.4,66.2,65.2,58.7,Pass
4.0,49.2,41.4,31.9,46.0,52.4,40.4,43.3,Fail
5.4,86.1,49.2,58.3,56.3,65.6,54.8,67.7,Pass
5.7,67.2,58.5,38.1,63.1,50.2,54.2,34.6,Fail
8.7,74.7,56.6,68.0,57.7,63.3,60.5,54.0,Pass
4.4,56.7,36.9,37.0,36.1,58.8,36.6,44.3,Fail
11.2,91.0,62.3,60.2,62.3,61.7,61.7,66.8,Pass
15.1,71.8,72.3,72.7,76.3,75.6,74.0,75.8,Pass
9.0,67.7,56.1,48.9,72.7,52.4,60.6,73.7,Pass
5.3,54.1,47.2,41.0,46.9,36.1,45.2,35.9,Fail
3.8,67.5,45.9,45.4,54.3,54.6,49.1,30.7,Fail
3.2,61.6,58.6,26.4,50.2,42.6,45.6,48.0,Fail
1.4,49.3,44.4,35.9,36.1,35.1,38.5,18.9,Fail
5.8,66.4,44.6,29.1,40.4,50.6,38.3,45.2,Fail
5.6,67.5,35.9,44.1,51.9,55.7,44.8,41.5,Fail
10.8,71.0,60.0,53.3,70.4,61.9,62.2,55.7,Pass
4.6,51.0,35.4,26.1,47.1,49.1,37.3,29.9,Fail
6.0,69.5,39.0,60.8,50.1,51.1,50.0,52.5,Pass
7.9,59.3,58.7,48.7,52.1,52.4,53.1,58.2,Pass
8.9,77.8,61.1,48.2,59.1,57.0,56.4,61.3,Pass
10.1,67.7,69.5,55.4,59.3,59.6,61.2,71.1,Pass
7.4,76.3,57.1,72.7,60.1,61.4,63.0,48.7,Pass
2.7,63.4,42.7,27.8,44.2,38.1,38.8,31.6,Fail
8.4,70.6,47.8,57.1,62.0,50.5,56.3,47.0,Pass
4.3,75.4,46.2,35.1,45.5,44.8,42.6,45.6,Fail
13.1,69.2,52.6,65.5,67.0,67.1,62.2,70.6,Pass
6.8,59.4,59.7,38.9,53.8,47.2,51.1,33.7,Fail
7.7,73.7,47.0,48.9,54.5,39.2,50.6,58.0,Pass
23.9,78.2,93.0,88.6,97.6,100.0,93.5,99.3,Pass
10.2,65.8,58.2,65.8,55.6,60.1,59.4,46.7,Pass
8.3,57.3,56.9,34.3,64.0,54.2,53.0,41.1,Fail
6.1,76.5,55.4,62.8,60.2,58.9,59.5,60.4,Pass
2.8,55.3,31.6,17.7,45.2,25.4,32.9,41.4,Fail
5.8,61.7,47.4,46.1,50.6,53.0,48.3,44.7,Fail
3.8,54.2,54.0,37.5,43.9,29.9,45.0,38.7,Fail
16.1,76.2,68.5,68.3,72.1,82.7,69.9,74.7,Pass
8.4,68.9,66.7,51.0,55.0,40.3,57.3,53.1,Pass
12.8,82.0,75.5,68.4,63.3,53.2,68.5,68.5,Pass
4.5,54.8,46.6,42.8,47.2,50.0,45.7,30.9,Fail
3.9,59.9,39.9,36.9,50.9,45.9,43.4,38.6,Fail
9.7,83.0,66.5,63.4,58.8,63.5,62.5,62.1,Pass
3.7,72.8,45.2,39.3,59.5,44.2,49.2,33.0,Fail
5.0,60.6,57.0,42.0,39.7,30.0,45.6,41.9,Fail
16.5,79.4,66.5,81.6,84.5,82.4,78.2,74.2,Pass
5.2,82.0,57.5,57.6,51.7,53.6,55.2,54.4,Pass
2.4,53.3,41.0,43.0,49.0,31.7,44.8,43.3,Fail
1.8,46.8,40.3,21.4,43.7,28.5,36.0,30.2,Fail
2.2,58.4,47.7,38.3,62.2,27.3,50.7,35.3,Fail
13.3,75.3,62.1,67.2,66.5,58.5,65.4,74.1,Pass
4.7,59.2,40.0,56.0,31.6,45.9,41.4,47.8,Fail
23.5,96.0,97.5,97.8,87.5,95.4,93.6,100.0,Pass
15.2,79.9,82.1,62.8,77.2,81.6,74.4,84.0,Pass
18.7,77.6,78.7,72.1,84.9,89.6,79.2,94.2,Pass
11.8,69.8,76.0,35.5,63.6,72.5,58.9,56.5,Pass
9.4,65.3,56.0,51.3,62.5,60.4,57.2,53.7,Pass
3.9,71.3,43.5,38.1,56.2,71.4,47.0,43.2,Pass
6.7,64.3,56.3,41.1,58.9,46.6,52.8,42.0,Fail
9.9,62.3,54.1,45.3,59.3,60.6,53.5,66.6,Pass
11.4,81.4,63.0,74.3,63.5,63.9,66.6,61.9,Pass
3.0,61.4,46.5,12.8,51.6,45.7,38.4,33.0,Fail
5.9,56.2,56.1,30.6,60.6,45.2,50.2,43.2,Fail
6.3,81.3,59.4,70.7,55.4,40.5,61.2,43.6,Pass
6.2,72.3,55.0,55.6,47.9,44.4,52.3,38.5,Fail
3.3,64.3,61.3,41.1,57.5,39.3,53.7,37.1,Fail
17.5,79.3,84.4,73.3,85.2,72.7,81.4,82.5,Pass
5.8,64.7,48.3,38.7,54.2,51.7,47.8,40.9,Fail
3.5,61.8,54.4,26.7,60.0,26.3,48.3,33.2,Fail
17.7,79.1,77.2,77.0,69.6,82.9,74.1,83.2,Pass
15.2,73.5,77.3,74.0,74.5,73.8,75.2,83.4,Pass
7.3,67.9,59.3,41.8,60.0,60.9,54.3,38.6,Fail
1.7,57.2,40.6,16.7,55.4,30.1,39.3,23.6,Fail
4.9,67.7,44.3,48.7,50.4,54.1,48.1,46.3,Fail
2.0,62.2,42.4,41.9,40.2,40.6,41.4,30.4,Fail
9.0,65.2,53.8,58.6,60.3,46.6,57.8,40.3,Fail
4.7,64.9,51.0,40.1,55.7,64.1,49.6,63.5,Pass
6.6,72.3,58.3,28.2,65.7,59.8,52.2,52.1,Pass
16.8,62.1,56.5,56.5,82.6,66.7,66.9,66.4,Pass
4.5,70.0,52.7,54.0,38.6,37.1,47.4,45.1,Fail
8.8,60.7,79.2,37.4,55.6,63.9,57.2,53.7,Pass
10.3,68.7,58.7,61.1,69.0,69.6,63.5,71.9,Pass
13.0,53.0,69.8,47.7,66.6,68.3,61.9,63.6,Pass
6.3,72.1,60.2,36.8,60.0,41.4,53.1,51.4,Pass
5.9,61.2,37.0,59.7,45.2,42.6,47.1,42.8,Fail
5.8,63.0,54.5,60.3,54.2,60.2,56.1,49.0,Pass
8.3,70.7,51.1,52.4,57.2,61.6,53.9,51.0,Pass
14.8,62.0,66.6,58.7,73.6,63.9,67.0,67.3,Pass
5.6,67.2,39.7,53.4,54.8,61.1,49.8,52.0,Pass
0.9,66.3,45.2,19.3,45.6,51.1,37.6,32.7,Fail
11.0,74.6,61.7,68.8,68.4,61.6,66.5,55.4,Pass
6.9,65.1,64.1,64.6,55.4,46.3,60.8,40.7,Fail
9.0,71.1,48.5,57.8,70.9,72.2,60.2,65.8,Pass
2.1,61.9,50.0,24.6,52.7,50.2,43.5,42.3,Fail
4.7,71.7,54.3,57.0,53.5,62.7,54.8,56.3,Pass
10.5,82.6,58.9,61.6,73.5,70.0,65.6,63.3,Pass
2.7,60.0,31.0,34.7,56.7,32.9,42.4,45.8,Fail
8.8,72.4,57.0,43.7,54.8,65.6,52.1,67.0,Pass
6.5,62.5,53.6,34.7,48.6,44.8,45.9,44.7,Fail
4.1,68.3,40.2,51.5,49.5,41.7,47.3,39.6,Fail
3.9,68.4,40.7,40.0,50.8,45.2,44.5,45.3,Fail
3.3,62.6,53.3,37.1,44.0,40.3,44.7,29.9,Fail
6.9,72.4,49.3,49.4,61.5,48.7,54.2,37.3,Fail
7.4,68.9,60.1,30.9,57.4,42.0,50.3,48.3,Fail
5.3,66.0,60.2,43.0,61.0,44.9,55.4,43.7,Fail
3.2,56.8,37.0,36.2,38.7,32.4,37.4,25.8,Fail
8.6,71.7,48.7,65.3,53.3,46.7,55.5,46.5,Pass
11.1,68.7,69.8,64.0,64.7,65.8,66.0,71.3,Pass
9.5,78.4,60.1,44.6,63.6,63.0,56.9,61.5,Pass
19.1,76.2,77.5,72.5,77.6,94.1,76.0,80.4,Pass
5.9,69.2,64.0,54.7,56.7,51.9,58.3,26.6,Fail
14.0,74.7,68.3,52.8,68.3,71.7,63.6,55.5,Pass
4.4,67.4,51.2,56.8,64.1,53.0,58.0,56.2,Pass
3.9,64.2,34.2,39.3,46.0,43.9,40.4,33.8,Fail
7.2,62.1,52.4,51.2,57.0,53.9,53.9,47.7,Pass
15.7,87.6,70.6,67.5,71.4,86.9,70.0,100.0,Pass
5.5,59.5,44.8,37.9,53.3,39.9,46.1,32.8,Fail
2.1,67.7,40.0,28.2,39.4,46.7,36.2,43.5,Fail
11.0,59.6,70.3,67.9,69.6,62.1,69.3,58.9,Pass
6.4,65.4,47.1,50.8,42.4,49.4,46.3,53.7,Fail
8.0,81.8,56.3,44.4,62.2,67.1,55.1,63.0,Pass
4.0,62.6,59.1,45.8,57.1,38.7,54.3,21.3,Fail
7.1,69.3,52.1,56.4,57.6,50.2,55.6,41.9,Fail
2.4,75.7,42.5,48.9,47.4,47.7,46.4,31.2,Fail
17.6,80.0,88.0,76.3,93.2,87.2,86.6,89.8,Pass
12.1,76.6,67.3,62.3,64.1,99.1,64.5,74.0,Pass
6.9,73.1,56.4,40.1,49.6,62.2,48.8,55.7,Pass
10.8,61.9,62.6,66.2,55.1,40.7,60.7,58.0,Pass
4.4,61.4,57.9,46.0,43.0,46.5,48.4,54.3,Pass
11.8,75.2,57.9,68.7,70.4,52.3,66.1,66.1,Pass
5.4,53.7,56.1,23.4,47.1,38.2,42.7,38.3,Fail
5.2,77.2,41.6,54.3,60.6,53.2,53.0,48.8,Pass
3.5,70.3,41.6,40.5,51.9,39.7,45.4,23.9,Fail
8.5,75.1,52.4,59.9,63.2,40.0,59.0,45.4,Fail
6.8,78.7,56.1,38.9,47.1,55.0,47.3,43.8,Fail
14.3,82.9,67.5,83.5,79.7,73.9,77.2,84.9,Pass
3.2,62.0,55.2,31.7,56.4,45.5,48.6,43.6,Fail
8.6,57.3,58.6,58.6,57.2,37.5,58.0,31.7,Fail
12.8,69.9,66.5,58.8,62.2,62.3,62.5,71.9,Pass
23.8,83.3,85.6,100.0,84.8,100.0,89.6,100.0,Pass
7.5,74.0,68.4,52.7,67.9,36.2,63.5,40.0,Fail
5.3,67.0,51.5,60.4,53.1,53.7,54.8,52.6,Pass
7.4,56.4,49.7,44.7,43.2,42.9,45.6,46.9,Fail
13.6,83.2,71.1,55.7,77.8,72.4,69.2,63.8,Pass
13.6,87.0,71.5,69.3,76.2,66.7,72.7,61.4,Pass
6.2,79.2,62.9,47.2,70.5,51.2,61.2,69.4,Pass
13.5,67.2,76.2,56.1,65.3,60.1,65.8,65.3,Pass
6.6,70.5,46.9,58.3,57.7,42.5,54.6,48.5,Fail
10.7,64.8,55.6,42.6,70.3,67.7,57.6,51.0,Pass
9.2,86.6,59.6,74.1,69.7,65.2,68.0,75.7,Pass
5.2,66.5,52.9,41.4,51.1,49.3,48.7,50.8,Fail
3.6,61.4,53.6,26.0,45.6,40.6,42.1,37.9,Fail
13.0,71.2,56.4,64.9,66.0,81.9,62.8,87.8,Pass
15.0,80.7,65.8,69.8,72.5,82.1,69.7,68.4,Pass
8.5,74.3,56.5,50.9,56.2,63.3,54.7,52.4,Pass
6.6,54.7,53.9,37.5,59.3,53.1,51.1,47.3,Fail
2.9,74.7,40.7,51.9,56.1,37.1,50.2,31.1,Fail
12.8,79.1,66.2,67.8,76.8,88.5,70.9,83.7,Pass
7.9,80.6,54.2,48.2,63.1,46.7,56.0,55.7,Pass
5.7,80.5,61.6,51.2,60.0,56.2,57.8,59.5,Pass
10.9,72.3,62.6,50.0,54.7,66.5,55.7,65.6,Pass
2.5,69.9,40.1,46.8,51.4,63.3,46.6,35.4,Fail
3.4,59.5,35.2,56.2,44.3,45.6,45.1,35.2,Fail
4.3,61.4,43.9,49.8,39.4,37.2,43.9,41.8,Fail
9.0,83.4,60.9,49.7,72.7,56.8,62.3,55.5,Pass
7.4,63.0,60.5,38.4,55.2,47.2,51.8,48.9,Fail
9.6,73.1,69.3,55.3,69.9,62.4,65.3,56.3,Pass
12.3,67.5,55.4,44.5,68.8,67.1,57.5,71.0,Pass
9.8,66.5,67.4,61.4,56.4,64.2,61.2,64.2,Pass
17.8,77.3,84.5,79.5,88.1,85.9,84.4,100.0,Pass
12.3,86.3,66.2,62.3,68.3,77.6,65.9,60.4,Pass
6.2,71.6,59.9,43.9,45.0,41.1,49.1,46.9,Fail
4.7,72.4,44.8,42.4,57.1,33.2,49.0,54.9,Fail
6.3,53.1,51.8,56.2,51.4,57.2,53.0,57.0,Pass
10.0,72.3,81.1,51.4,67.6,47.5,66.8,70.7,Pass
5.0,62.9,50.7,31.0,55.8,43.7,46.8,32.7,Fail
10.2,76.2,60.5,49.5,57.3,56.0,55.9,59.9,Pass
9.5,90.7,55.7,67.5,61.0,83.6,61.4,58.6,Pass
3.5,45.1,41.2,25.3,33.2,51.8,33.2,31.1,Fail
12.2,77.8,75.7,72.1,68.4,71.2,71.7,80.9,Pass
8.3,87.6,57.2,53.3,67.1,59.6,60.0,48.8,Pass
17.3,76.7,81.9,56.1,95.7,79.6,79.7,81.7,Pass
6.6,69.1,51.8,53.5,53.7,54.3,53.1,42.1,Fail
5.5,72.0,49.4,42.7,55.1,57.3,49.7,50.8,Pass
3.2,46.6,44.3,37.0,31.4,66.0,37.0,30.6,Fail
3.2,66.0,31.1,32.9,41.4,31.6,35.8,33.4,Fail
11.3,67.2,61.2,67.7,50.3,67.4,58.8,71.9,Pass
16.4,96.1,89.5,79.1,100.0,86.3,90.6,84.5,Pass
6.2,65.8,50.7,64.6,40.3,47.0,50.7,56.3,Pass
6.0,61.5,50.5,50.0,48.2,44.5,49.4,47.6,Fail
7.0,75.2,55.5,47.1,57.5,53.8,53.8,48.5,Pass
12.6,79.0,84.2,54.7,86.4,72.4,76.2,65.5,Pass
3.6,71.5,51.7,28.0,52.3,46.6,44.8,48.4,Fail
7.7,84.5,50.5,51.9,52.0,64.3,51.5,55.4,Pass
11.5,69.1,56.8,56.8,62.8,52.5,59.2,59.2,Pass
8.9,84.4,63.9,70.0,66.4,58.5,66.7,75.4,Pass
0.6,75.7,54.0,31.5,42.4,42.2,42.6,40.8,Fail
9.8,65.6,64.6,62.1,56.8,73.3,60.7,56.7,Pass
9.0,65.4,65.6,50.2,55.0,61.4,56.7,57.8,Pass
14.0,77.2,62.1,82.1,67.2,73.7,70.1,82.5,Pass
15.7,77.2,79.6,54.7,71.8,82.1,69.0,76.2,Pass
13.6,90.0,68.3,79.6,70.5,81.3,72.6,89.6,Pass
7.0,61.5,51.5,41.3,51.4,40.6,48.4,48.1,Fail
2.0,64.4,50.1,43.5,50.6,37.1,48.3,50.6,Fail
6.0,61.1,45.8,57.6,42.0,50.6,47.8,43.5,Fail
6.8,69.0,42.8,44.0,48.6,58.6,45.5,56.1,Pass
16.3,96.7,78.7,65.2,85.4,99.1,77.3,85.9,Pass
4.1,79.5,53.0,33.2,57.7,63.5,48.9,47.9,Pass
2.6,66.1,50.5,29.6,57.3,24.2,47.0,24.6,Fail
5.1,71.2,44.4,22.2,57.0,44.6,42.8,51.3,Fail
4.2,68.8,44.6,39.4,50.8,58.5,45.5,32.4,Fail
2.4,60.4,44.6,41.2,43.8,45.2,43.3,12.8,Fail
6.3,82.9,61.8,51.8,59.5,63.2,57.9,56.3,Pass
7.0,79.0,59.3,46.7,51.9,49.3,52.6,50.8,Pass
2.3,64.6,42.8,28.2,47.6,31.7,40.3,24.9,Fail
5.5,64.9,44.6,38.2,47.9,53.0,44.0,46.8,Fail
4.0,63.6,54.2,42.3,50.3,39.0,49.1,21.8,Fail
1.6,64.6,52.3,42.1,38.4,27.4,43.7,40.5,Fail
7.1,68.2,50.0,34.2,54.9,52.5,47.2,43.7,Fail
7.6,78.2,54.9,52.7,53.7,56.0,53.8,62.1,Pass
4.0,68.6,54.0,43.3,54.5,52.7,51.0,33.7,Fail
12.1,66.9,65.6,49.9,64.7,69.0,60.5,56.2,Pass
6.8,59.0,56.0,49.6,54.4,67.1,53.4,45.5,Pass
4.2,73.0,52.5,50.9,49.1,38.6,50.7,39.5,Fail
2.2,53.4,43.5,28.1,46.2,34.7,40.0,37.4,Fail
7.8,66.6,52.3,41.0,59.2,58.7,51.7,66.1,Pass
9.0,67.3,42.2,71.0,51.7,64.5,54.6,67.0,Pass
4.9,56.0,48.1,47.0,41.3,46.1,45.0,29.5,Fail
7.3,71.2,61.5,50.5,64.7,39.0,59.5,44.6,Fail
15.7,77.8,77.0,62.9,61.9,61.2,66.7,70.2,Pass
11.0,68.1,56.5,49.3,73.2,53.2,61.0,58.5,Pass
1.2,78.1,41.2,42.3,41.5,45.1,41.7,38.3,Fail
4.1,45.5,61.5,28.0,49.6,19.6,46.7,21.9,Fail
6.1,60.4,53.1,35.7,54.5,52.9,48.4,62.4,Pass
7.0,63.8,34.4,45.1,49.2,48.4,43.5,44.2,Fail
7.4,58.0,47.6,51.5,54.8,48.0,51.6,53.5,Pass
8.6,88.4,62.0,71.9,66.6,82.7,66.8,55.3,Pass
6.3,85.5,48.3,52.4,64.4,72.7,56.0,73.6,Pass
6.7,62.6,51.1,38.0,47.9,43.3,45.9,50.3,Fail
11.4,83.8,64.0,58.6,74.8,76.5,66.7,68.2,Pass
7.9,74.3,59.7,62.7,46.7,58.7,55.4,57.7,Pass
3.0,76.8,46.8,51.6,54.4,53.4,51.3,45.6,Fail
7.1,67.7,48.9,58.8,55.3,50.4,54.4,50.7,Pass
6.2,70.9,51.0,55.5,58.2,40.3,55.2,41.8,Fail
1.6,73.1,51.9,54.0,51.6,41.0,52.4,23.9,Fail
7.3,78.8,58.8,52.6,70.6,64.5,61.7,68.8,Pass
3.3,65.2,44.4,45.3,47.8,41.1,46.0,38.3,Fail
11.5,66.3,65.7,49.6,59.2,71.0,58.3,60.1,Pass
8.6,64.2,56.4,52.1,70.7,67.4,60.8,55.8,Pass
2.9,48.7,31.6,36.0,41.9,46.1,37.0,44.5,Fail
11.2,79.7,71.8,66.7,75.7,72.8,71.8,78.0,Pass
14.1,78.6,66.8,60.0,71.1,63.0,66.5,69.0,Pass
5.7,69.2,49.4,30.8,50.5,30.3,44.3,34.7,Fail
6.1,67.1,40.2,40.0,52.9,54.7,45.2,44.4,Fail
10.6,63.6,66.9,63.8,67.0,69.0,66.0,71.4,Pass
13.5,78.7,71.6,62.5,75.6,73.7,70.5,84.0,Pass
1.9,67.1,46.2,40.2,38.5,41.3,41.3,31.8,Fail
3.1,56.8,49.8,30.6,55.7,37.0,46.4,38.7,Fail
5.1,65.9,56.5,52.1,44.1,48.4,50.2,41.0,Fail
5.5,61.4,43.8,41.5,52.2,49.8,46.5,33.4,Fail
10.4,70.8,62.1,54.5,64.4,70.8,60.7,69.2,Pass
13.6,67.2,66.7,73.7,87.3,72.5,77.0,70.4,Pass
14.1,74.8,69.2,78.9,70.2,75.7,72.5,74.0,Pass
1.9,75.3,40.0,50.1,38.4,41.1,42.4,41.5,Fail
3.9,60.7,57.4,35.8,53.4,43.6,49.3,27.6,Fail
2.8,57.9,51.1,30.3,41.6,19.4,41.1,9.9,Fail
4.5,60.5,50.7,31.8,56.3,50.8,47.3,45.1,Fail
3.9,63.2,57.6,26.0,55.8,39.6,47.4,50.8,Fail
8.6,84.7,66.4,46.7,70.8,54.5,62.2,64.3,Pass
9.2,82.3,60.7,48.2,59.9,74.9,56.6,58.6,Pass
6.7,66.9,50.1,35.1,60.7,47.9,49.8,49.4,Fail
6.3,62.4,54.4,30.8,69.4,38.1,53.3,46.3,Fail
5.3,52.3,35.3,28.0,42.9,48.4,36.2,46.5,Fail
5.7,59.5,56.2,42.0,50.2,42.0,49.5,37.0,Fail
15.6,62.9,57.0,69.0,69.5,71.4,65.6,70.5,Pass
9.9,77.8,72.0,59.4,64.8,71.7,65.3,45.9,Pass
5.4,77.2,57.9,41.5,57.5,59.7,52.8,51.7,Pass
6.2,64.4,67.3,41.6,55.7,36.9,55.0,47.9,Fail
8.7,73.5,60.9,55.8,61.4,58.7,59.6,64.4,Pass
2.9,54.8,47.5,36.8,37.6,24.3,40.3,19.5,Fail
7.3,53.2,56.1,49.4,60.8,45.3,56.0,45.1,Fail
9.6,72.0,53.7,45.5,64.6,53.0,55.6,55.7,Pass
8.9,73.7,51.4,68.6,67.6,70.7,63.0,54.4,Pass
3.9,78.3,43.8,48.8,56.3,38.3,50.3,47.4,Fail
4.4,81.8,53.1,51.8,36.8,55.6,46.2,46.8,Fail
1.4,59.5,40.6,23.4,47.8,31.0,38.3,23.9,Fail
10.2,79.5,64.5,47.6,72.6,49.7,62.7,66.8,Pass
19.2,85.6,88.0,72.4,90.1,83.5,84.2,96.2,Pass
3.6,64.3,40.5,45.6,62.0,31.2,50.6,28.4,Fail
12.2,74.3,73.4,50.0,77.6,60.4,68.1,51.4,Pass
18.3,80.8,84.3,79.5,91.9,78.9,85.9,80.6,Pass
4.9,65.1,62.0,55.2,40.8,44.3,51.5,42.4,Fail
6.2,80.7,60.1,42.5,68.8,62.6,58.3,49.2,Pass
7.8,71.1,56.4,41.5,63.6,47.3,54.8,40.7,Fail
8.8,84.5,80.1,48.9,58.8,52.0,62.2,54.1,Pass
8.0,62.4,54.0,46.7,58.5,47.9,53.6,35.8,Fail
5.2,43.6,45.8,45.9,32.5,38.0,40.5,41.2,Fail
9.5,67.7,62.8,61.9,66.6,53.2,64.0,72.3,Pass
5.3,59.7,56.0,48.8,52.1,34.4,52.3,42.9,Fail
8.3,58.0,54.7,30.3,51.4,58.0,46.1,63.4,Pass
6.5,78.2,78.6,47.2,66.9,59.6,64.5,47.2,Pass
1.7,51.3,34.2,23.6,33.3,31.1,30.7,24.6,Fail
13.3,80.6,82.7,68.0,76.4,87.8,75.8,68.8,Pass
4.5,81.5,41.8,53.4,61.6,73.3,53.2,57.9,Pass
14.0,67.6,60.4,58.2,67.2,83.0,62.5,84.6,Pass
12.0,72.6,53.3,76.8,59.7,50.5,62.9,56.1,Pass
7.6,79.9,51.8,43.5,68.1,60.1,55.8,57.1,Pass
9.0,67.5,45.2,56.5,59.0,51.3,54.1,41.8,Fail
9.7,74.3,62.6,74.2,78.2,60.7,72.3,58.3,Pass
5.9,72.2,46.3,54.3,57.9,37.4,53.3,35.7,Fail
6.1,68.7,64.9,50.9,61.7,53.3,59.4,49.0,Pass
9.4,67.7,63.1,51.1,64.2,74.5,59.9,67.6,Pass
6.6,61.7,52.2,50.4,57.1,49.5,53.6,39.1,Fail
5.2,57.5,49.8,35.8,53.3,53.0,47.0,33.3,Fail
4.0,69.6,54.0,51.4,55.9,49.1,54.0,41.1,Fail
8.5,64.9,66.0,43.4,51.8,61.9,53.5,55.4,Pass
4.4,74.8,47.3,41.1,46.4,27.1,45.1,34.8,Fail
10.8,85.7,61.9,52.6,74.1,71.9,64.0,57.7,Pass
11.4,64.4,65.4,53.1,65.3,70.8,61.7,55.6,Pass
9.0,76.7,73.6,49.9,59.9,75.8,61.0,65.6,Pass
10.1,88.6,55.9,41.2,70.3,53.0,57.2,45.5,Pass
9.0,64.0,60.4,51.1,70.8,71.6,61.8,50.5,Pass
10.5,82.2,76.0,54.3,71.3,63.4,67.6,77.3,Pass
10.2,76.7,68.3,44.8,69.6,64.7,61.8,58.1,Pass
8.2,77.5,62.3,46.3,65.5,66.9,58.8,47.2,Pass
12.1,68.5,69.1,62.0,63.4,75.3,64.7,59.0,Pass
6.0,82.4,71.1,32.8,60.8,37.5,55.5,53.8,Pass
4.1,59.6,52.4,37.5,33.5,42.9,40.4,32.6,Fail
3.9,69.8,36.3,51.3,41.8,36.3,43.0,35.5,Fail
5.5,66.1,50.2,39.7,51.7,48.0,47.7,40.4,Fail
1.5,66.1,43.5,48.0,35.7,32.9,41.7,17.9,Fail
7.6,61.3,61.8,56.7,56.2,38.1,58.0,32.5,Fail
9.7,61.8,58.6,55.1,57.7,49.2,57.2,57.0,Pass
11.3,75.9,65.5,58.6,77.2,71.9,68.1,57.7,Pass
2.0,59.5,42.2,34.3,56.9,39.4,45.7,50.0,Fail
4.0,61.6,48.4,43.6,47.5,32.9,46.6,22.8,Fail
10.7,77.2,63.8,75.8,69.6,62.3,69.7,53.3,Pass
5.9,55.1,45.0,46.3,57.4,48.1,50.4,47.3,Fail
9.6,81.2,62.4,69.8,66.0,68.0,66.1,64.0,Pass
2.8,64.3,47.3,26.8,49.4,45.1,42.0,47.1,Fail
13.9,82.8,77.6,61.4,66.7,77.8,68.4,80.2,Pass
2.6,67.3,67.3,37.7,53.6,45.8,52.9,46.2,Fail
7.4,73.5,46.2,61.7,66.2,56.1,58.9,65.5,Pass
7.6,59.5,57.7,30.5,47.4,54.4,45.4,47.9,Fail
4.9,75.2,64.2,71.7,44.4,66.4,58.5,35.5,Pass
8.8,72.7,53.2,52.5,69.7,73.2,59.6,73.4,Pass
9.0,67.0,63.6,62.2,58.6,59.2,61.2,63.9,Pass
8.4,69.1,54.6,50.6,53.6,46.3,53.0,55.0,Pass
4.8,68.7,46.1,35.4,51.8,58.2,45.2,58.4,Pass
4.2,66.5,42.5,56.3,45.1,24.9,47.7,32.7,Fail
5.1,70.9,50.7,42.2,45.8,52.9,46.2,41.1,Fail
3.8,77.8,49.9,36.3,42.0,50.8,42.7,51.9,Fail
12.4,66.6,70.8,62.4,80.5,67.7,72.2,69.3,Pass
5.4,72.5,41.0,50.4,64.3,53.9,53.1,45.4,Pass
7.3,67.9,61.8,51.0,56.0,41.8,56.2,58.8,Pass
10.6,81.9,72.4,62.5,87.8,57.9,75.6,72.6,Pass
3.7,77.4,53.1,45.9,62.1,35.5,54.5,33.0,Fail
2.5,64.6,62.7,47.7,47.9,30.0,52.3,19.3,Fail
3.9,69.6,58.5,41.5,67.6,38.5,57.0,30.1,Fail
7.8,79.1,55.3,46.1,46.8,56.2,49.1,49.8,Pass
7.5,77.0,48.6,57.3,57.4,66.6,54.7,53.2,Pass
8.4,80.1,55.3,31.3,74.8,75.8,55.9,65.0,Pass
6.3,65.2,47.5,50.6,50.6,42.9,49.7,68.7,Pass
0.8,56.8,24.0,44.5,45.3,32.8,38.7,34.9,Fail
6.1,58.2,53.6,49.8,44.6,48.6,48.9,54.5,Pass
11.4,72.1,53.9,43.8,60.6,56.5,53.6,61.6,Pass
13.1,75.0,70.6,75.6,74.4,68.6,73.6,72.2,Pass
7.0,67.3,61.7,42.3,61.7,67.2,55.9,58.8,Pass
7.5,72.9,68.1,51.5,62.0,66.5,60.7,66.1,Pass
9.5,75.5,59.6,66.4,60.8,74.9,62.1,72.2,Pass
12.9,75.0,62.6,56.6,63.6,75.4,61.2,78.0,Pass
6.7,70.8,65.3,48.7,74.6,60.5,64.0,47.1,Pass
9.4,77.9,74.2,43.4,68.9,64.5,62.8,47.3,Pass
4.7,59.2,52.6,38.5,56.9,57.7,50.1,54.4,Pass
2.8,70.8,41.3,28.4,54.4,14.8,42.7,33.1,Fail
5.0,61.1,37.8,45.6,44.7,35.5,42.9,33.0,Fail
14.5,88.9,84.6,56.1,80.8,65.2,74.5,92.4,Pass
9.5,72.7,60.3,53.3,57.6,54.7,57.1,50.1,Pass
3.0,64.1,55.1,32.5,53.3,40.5,47.6,35.4,Fail
9.8,57.4,51.5,44.5,56.5,54.9,51.4,53.4,Pass
3.2,69.1,56.0,49.2,61.3,36.0,56.1,29.9,Fail
8.3,70.7,69.1,41.3,50.3,57.6,53.2,50.7,Pass
3.6,65.7,45.0,34.5,51.5,45.3,44.4,34.0,Fail
2.9,62.7,47.1,38.8,63.9,44.7,51.3,30.9,Fail
15.9,84.1,67.7,76.8,73.9,89.5,72.9,90.0,Pass
5.4,73.1,43.6,28.9,54.3,42.7,43.5,50.2,Fail
9.4,75.2,63.9,52.9,61.6,70.4,59.7,57.5,Pass
6.8,78.7,52.9,56.4,65.1,55.6,58.8,47.9,Pass
3.4,58.3,46.2,52.0,31.5,48.0,42.1,41.4,Fail
5.8,62.2,51.6,43.6,43.4,41.8,45.9,44.2,Fail
3.4,67.3,52.2,26.7,42.2,56.8,40.6,43.8,Fail
22.2,91.9,96.2,86.7,100.0,100.0,94.9,100.0,Pass
10.4,76.6,71.1,52.7,66.1,65.3,63.6,68.1,Pass
6.8,57.9,52.8,47.5,48.1,38.2,49.3,51.5,Fail
9.2,61.4,59.3,67.2,61.7,67.9,62.6,54.7,Pass
10.0,70.5,61.1,44.1,64.9,50.8,57.5,59.1,Pass
10.0,57.7,65.7,61.3,58.8,78.4,61.6,60.2,Pass
9.8,73.8,76.5,63.1,62.8,69.5,67.0,47.1,Pass
9.4,70.7,66.0,59.2,56.7,48.9,60.2,47.2,Pass
7.1,61.2,56.5,48.3,64.6,52.9,57.3,63.3,Pass
15.2,73.8,70.8,85.6,85.6,96.4,81.2,93.0,Pass
7.4,69.8,57.7,60.3,48.7,55.3,54.9,35.8,Fail
6.9,56.3,47.5,39.0,48.7,44.8,45.4,39.5,Fail
7.4,64.1,49.1,47.7,58.1,55.3,52.3,49.6,Pass
7.7,67.1,54.0,38.9,50.8,46.5,48.2,49.3,Fail
2.0,60.0,56.3,46.9,50.2,49.7,51.0,31.5,Fail
3.8,62.4,45.6,39.4,48.9,34.5,45.1,41.5,Fail
6.3,78.4,69.1,31.1,66.1,56.3,56.5,63.2,Pass
2.0,70.0,37.2,14.8,61.4,48.7,40.2,46.2,Fail
6.8,63.0,53.6,40.7,42.5,50.5,45.3,43.4,Fail
7.7,60.9,59.4,39.6,66.3,63.1,56.2,43.0,Pass
2.7,59.9,49.5,31.9,41.6,36.2,41.1,37.7,Fail
4.5,75.2,42.9,41.8,57.0,37.9,48.2,28.0,Fail
13.4,59.1,54.8,70.9,69.0,75.0,65.3,76.8,Pass
9.2,71.7,64.9,66.0,72.7,64.1,68.4,70.8,Pass
8.9,68.2,53.8,71.7,60.3,51.3,61.8,57.8,Pass
12.5,84.6,75.5,79.0,68.8,73.8,73.9,63.6,Pass
3.9,72.5,61.0,47.4,55.0,37.5,54.5,30.1,Fail
2.7,51.5,35.6,21.2,52.8,34.3,38.2,31.5,Fail
11.6,83.5,64.1,68.6,73.3,91.5,69.1,90.4,Pass
6.4,49.0,31.3,27.1,42.2,52.0,34.4,46.4,Fail
3.8,69.5,54.9,43.7,50.2,50.4,49.7,32.9,Fail
2.0,68.0,61.4,23.0,50.3,39.2,45.4,32.6,Fail
7.4,82.4,49.5,69.4,61.6,69.6,60.3,75.6,Pass
5.9,68.9,62.4,48.7,55.8,51.0,55.6,35.0,Fail
5.3,61.0,59.6,40.1,59.0,29.4,53.5,47.5,Fail
1.1,53.3,44.5,26.7,54.2,19.4,43.0,19.6,Fail
15.1,89.8,72.3,70.4,87.0,76.8,77.6,84.0,Pass
2.4,76.5,45.8,32.9,53.8,38.4,45.1,42.9,Fail
5.6,63.1,54.5,40.1,59.8,47.2,52.3,37.9,Fail
5.1,66.3,54.3,24.8,57.1,55.8,46.6,55.6,Pass
9.4,82.2,61.5,47.9,67.2,66.5,59.7,66.2,Pass
2.0,68.6,48.3,26.1,42.7,39.8,39.4,44.9,Fail
8.7,68.9,55.2,56.1,55.9,48.1,55.8,55.4,Pass
7.5,62.9,53.0,47.5,55.6,51.0,52.4,64.9,Pass
4.3,58.4,44.5,46.9,49.3,37.4,47.1,23.6,Fail
8.6,77.9,69.3,49.6,72.6,50.6,64.7,59.8,Pass
6.7,65.1,41.5,47.0,52.4,23.4,47.5,40.6,Fail
17.1,77.3,82.6,53.6,79.3,70.6,72.6,72.1,Pass
5.9,72.0,56.3,54.2,57.9,67.5,56.3,63.4,Pass
3.5,64.8,28.3,50.3,48.3,53.7,42.9,32.8,Fail
8.8,73.7,66.7,58.6,59.2,52.3,61.3,60.3,Pass
5.5,64.0,58.2,35.2,48.2,42.1,47.3,38.9,Fail
6.7,65.1,49.7,51.0,58.9,74.0,53.8,74.4,Pass
2.8,57.5,46.7,37.1,43.8,59.4,42.7,45.9,Fail
9.5,77.1,64.3,37.5,73.5,62.6,59.9,65.6,Pass
4.9,66.6,67.6,53.6,56.2,54.3,58.8,58.5,Pass
7.8,71.7,61.1,40.5,59.6,57.7,54.3,54.1,Pass
19.4,75.1,82.2,81.6,76.9,86.4,79.9,95.4,Pass
5.7,72.4,61.9,45.9,56.7,53.0,55.0,37.1,Fail
10.2,74.7,75.7,68.2,60.6,70.4,67.4,64.8,Pass
6.0,73.0,70.5,38.7,49.7,60.2,52.6,51.6,Pass
4.4,68.0,44.4,37.1,60.9,48.1,48.8,27.1,Fail
13.6,78.6,74.2,70.8,71.1,77.5,71.9,79.0,Pass
1.6,47.4,32.5,25.0,43.6,19.3,34.7,33.6,Fail
11.7,83.1,86.9,74.3,66.6,64.2,75.0,73.9,Pass
1.4,51.1,38.5,24.0,34.0,14.9,32.4,31.5,Fail
11.0,81.5,74.1,64.9,65.1,72.7,67.7,73.6,Pass
6.7,67.5,52.3,46.6,60.3,46.5,53.8,47.3,Fail
3.5,51.3,46.4,29.6,47.1,35.3,41.6,18.6,Fail
5.1,65.4,35.4,54.4,40.2,48.6,43.0,36.6,Fail
9.9,59.9,66.1,42.3,51.2,59.7,53.0,58.5,Pass
18.4,90.9,94.5,83.0,93.3,74.4,90.6,82.6,Pass
2.1,58.4,37.0,11.7,51.4,37.4,35.2,24.4,Fail
3.6,56.0,29.5,39.8,51.9,36.2,41.6,56.1,Fail
2.6,68.4,57.6,48.8,43.8,49.8,49.4,50.2,Fail
5.9,66.7,62.7,43.3,52.4,46.2,52.8,62.2,Pass
11.2,77.6,72.0,61.0,72.9,61.9,69.1,59.9,Pass
2.3,61.8,41.7,50.9,48.1,49.6,47.0,36.2,Fail
6.6,77.2,54.1,58.3,59.9,46.8,57.7,45.0,Pass
11.0,70.0,73.7,36.7,64.3,57.6,58.8,45.7,Pass
5.1,53.5,43.7,34.7,50.1,33.9,43.6,40.0,Fail
7.5,60.2,54.3,44.0,55.9,47.0,51.8,44.0,Fail
13.1,79.2,69.9,66.4,74.2,88.3,70.6,73.8,Pass
3.2,58.6,46.6,36.1,51.6,28.3,45.4,24.9,Fail
1.7,72.3,44.2,32.1,54.2,36.9,44.6,32.2,Fail
8.1,60.4,54.4,42.6,58.3,59.7,52.4,59.8,Pass
8.2,78.0,74.1,39.6,66.3,55.8,60.6,47.6,Pass
4.9,62.4,52.7,32.3,49.4,47.7,45.3,39.6,Fail
4.3,75.6,54.3,50.9,54.5,43.7,53.4,39.5,Fail
6.8,72.2,61.8,38.6,63.5,51.6,55.5,48.5,Pass
3.1,65.3,36.8,30.9,49.1,38.1,40.0,28.6,Fail
3.1,69.0,55.0,25.9,45.7,39.4,42.6,40.6,Fail
9.8,81.6,66.5,60.4,62.9,75.6,63.2,66.3,Pass
3.0,63.2,40.0,46.0,41.0,35.6,42.2,31.7,Fail
1.8,47.1,37.0,41.2,46.0,35.5,41.9,31.9,Fail
4.3,74.8,55.3,39.7,41.9,55.8,45.3,44.7,Fail
4.9,63.7,49.6,41.1,40.9,50.4,43.6,36.9,Fail
8.7,90.9,73.4,57.1,64.6,62.3,65.0,62.7,Pass
4.5,60.6,41.2,36.3,52.7,55.2,44.3,44.8,Fail
14.3,74.1,61.8,68.0,70.4,76.2,67.1,60.2,Pass
7.0,74.4,50.2,59.2,51.7,63.6,53.5,62.5,Pass
3.9,70.8,45.8,50.2,52.6,41.3,49.8,29.1,Fail
8.5,73.6,60.2,50.6,64.3,63.7,59.0,57.9,Pass
14.2,72.6,67.5,59.6,78.0,79.3,69.3,73.1,Pass
9.7,62.4,48.6,41.6,68.0,50.2,54.3,55.6,Pass
2.2,57.2,30.7,18.5,49.3,46.7,34.5,30.9,Fail
5.2,54.1,36.4,44.9,49.9,53.9,44.4,46.3,Fail
7.7,85.7,58.8,53.4,62.8,55.4,58.8,65.4,Pass
9.5,63.2,51.5,51.8,61.8,45.2,55.7,48.2,Pass
5.9,64.7,48.1,66.2,49.4,49.2,54.0,42.4,Fail
5.4,72.0,63.0,59.2,62.0,50.1,61.5,40.2,Pass
17.0,80.4,68.8,72.9,76.6,78.5,73.2,86.2,Pass
9.8,67.0,62.1,55.2,56.8,55.9,57.9,55.1,Pass
8.5,69.0,48.2,41.0,64.9,63.5,52.7,58.1,Pass
4.6,60.7,36.7,46.1,36.9,58.7,39.6,35.9,Fail
3.1,61.7,47.7,39.3,42.1,47.2,42.9,38.4,Fail
8.6,73.4,64.6,44.3,66.4,69.2,59.2,45.7,Pass
10.4,64.2,66.4,56.2,62.3,60.9,61.7,63.9,Pass
6.6,76.6,65.1,58.1,58.7,41.5,60.4,40.9,Fail
9.8,72.3,59.9,73.2,56.0,58.5,62.3,55.7,Pass
9.9,67.2,62.2,40.0,55.5,52.4,52.9,57.2,Pass
10.8,70.4,59.6,46.1,63.2,71.6,57.0,57.0,Pass
2.2,72.0,56.3,36.9,38.5,21.9,43.4,20.3,Fail
5.3,72.9,45.2,47.0,53.1,51.2,48.9,65.2,Pass
8.9,72.6,63.6,67.9,70.3,59.4,67.6,57.0,Pass
6.9,63.5,44.3,57.1,60.5,55.3,54.6,57.2,Pass
9.9,76.4,63.6,37.2,69.0,52.8,57.8,52.5,Pass
8.5,70.3,45.2,47.5,59.5,67.6,51.6,57.3,Pass
1.2,75.4,46.8,22.8,46.2,39.5,39.4,27.0,Fail
12.2,74.3,82.5,48.7,72.0,57.5,68.2,75.4,Pass
4.9,79.4,49.2,50.9,49.1,42.3,49.7,45.0,Fail
3.7,66.0,45.3,40.9,44.3,39.3,43.6,34.3,Fail
12.0,66.1,70.8,72.9,56.5,71.9,65.7,71.9,Pass
9.5,97.8,68.7,47.7,77.6,61.0,66.0,57.5,Pass
12.9,63.9,74.7,59.1,67.9,72.8,67.3,59.2,Pass
7.8,53.5,54.8,40.7,65.9,49.2,55.0,57.3,Pass
5.3,49.8,52.5,53.3,43.6,56.9,49.2,42.7,Fail
7.3,90.7,46.0,45.7,62.2,54.7,52.4,57.5,Pass
3.3,81.0,51.6,44.5,57.4,46.5,51.8,38.8,Fail
2.5,64.2,35.4,24.0,46.7,45.8,36.5,39.6,Fail
4.4,68.8,46.3,54.9,50.0,39.6,50.4,23.7,Fail
15.1,80.1,77.7,84.8,89.1,72.0,84.4,70.6,Pass
4.7,51.5,43.0,31.9,39.5,30.0,38.3,19.5,Fail
1.8,73.8,39.5,30.1,50.3,44.9,41.0,49.2,Fail
6.1,77.9,65.6,50.3,56.4,40.6,57.3,46.1,Fail
4.7,55.8,54.2,31.9,47.5,44.3,44.8,37.1,Fail
12.3,77.4,56.8,71.7,70.5,64.9,66.8,60.9,Pass
14.5,76.8,78.1,70.2,75.1,70.1,74.5,83.4,Pass
5.1,64.4,50.9,53.7,50.1,30.4,51.4,51.2,Fail
7.8,63.9,56.7,38.4,47.0,51.6,47.3,53.2,Pass
8.2,68.9,69.5,37.9,66.5,48.2,58.8,53.0,Pass
6.5,63.6,53.3,48.5,44.0,48.2,48.1,48.5,Fail
5.8,75.5,60.0,61.8,66.1,51.5,63.0,43.5,Pass
3.6,64.1,48.1,30.5,47.3,56.8,42.5,41.5,Fail
1.6,56.4,41.9,36.8,46.9,26.4,42.4,11.8,Fail
3.5,64.0,38.8,32.7,31.0,45.8,33.8,30.5,Fail
6.3,66.4,72.2,55.0,56.9,48.1,60.9,49.3,Pass
2.3,61.3,18.4,27.4,40.2,42.1,29.8,32.2,Fail
7.5,74.4,51.5,52.6,53.0,54.7,52.4,62.1,Pass
7.0,66.2,49.9,57.0,60.4,69.1,56.2,45.6,Pass
4.7,61.1,55.0,28.5,46.1,42.4,43.5,48.4,Fail
5.6,55.8,36.7,46.7,41.8,46.3,41.7,37.7,Fail
2.6,63.1,42.7,33.3,42.7,49.5,39.9,32.8,Fail
10.7,82.8,72.5,66.9,76.0,65.0,72.2,59.8,Pass
10.6,71.7,53.0,59.6,65.3,73.3,59.9,59.8,Pass
3.0,59.6,42.8,32.7,47.2,49.4,41.5,43.1,Fail
3.1,57.7,42.2,35.4,49.0,33.6,42.9,28.1,Fail
3.6,50.5,37.6,19.0,40.9,43.3,33.3,21.1,Fail
9.2,80.5,62.8,63.2,71.7,54.8,66.5,59.8,Pass
8.2,73.7,55.1,68.6,62.5,61.4,62.1,59.2,Pass
11.9,80.4,75.7,56.4,77.1,63.6,70.5,65.7,Pass
12.7,77.2,72.8,61.9,67.0,70.5,67.2,70.9,Pass
2.2,56.2,39.8,48.0,42.4,43.3,43.3,33.3,Fail
9.0,68.3,59.0,35.7,66.5,66.7,55.0,64.8,Pass
12.4,70.9,63.0,64.5,79.5,47.7,70.0,72.4,Pass
5.4,63.1,60.4,57.7,59.3,40.4,59.1,31.7,Fail
6.6,64.6,56.2,40.0,61.6,62.1,53.5,66.7,Pass
6.0,76.0,53.7,42.3,46.8,52.0,47.5,59.5,Pass
6.1,83.5,60.8,61.3,58.3,56.1,60.0,48.9,Pass
10.6,65.7,76.0,44.9,69.1,69.6,63.9,66.0,Pass
16.7,78.7,71.5,79.2,70.8,61.2,73.5,87.1,Pass
14.0,78.5,78.6,68.8,78.3,66.5,75.5,77.6,Pass
4.8,57.9,50.3,50.3,46.3,53.3,48.7,48.0,Fail
7.8,69.8,54.8,48.5,56.2,40.2,53.5,56.3,Pass
4.0,67.6,42.4,54.5,49.3,46.1,48.8,28.4,Fail
4.2,64.4,54.6,36.9,52.5,25.0,48.4,25.9,Fail
6.4,72.7,56.9,34.0,62.0,46.4,52.1,45.7,Fail
4.2,65.0,59.5,26.6,43.4,52.8,43.2,51.3,Fail
4.6,42.6,51.3,25.9,50.4,20.1,43.3,43.2,Fail
7.7,61.6,56.3,53.4,60.2,50.2,57.0,55.0,Pass
8.9,82.1,56.7,48.3,62.4,69.7,56.5,58.1,Pass
8.8,74.7,76.4,52.9,71.4,51.9,67.4,54.1,Pass
8.8,47.8,47.0,47.1,40.6,54.0,44.5,45.5,Fail
2.8,51.3,47.6,27.0,43.7,51.4,39.9,32.6,Fail
4.0,70.6,35.0,42.9,44.7,52.0,41.2,37.2,Fail
6.8,63.6,65.2,54.3,48.8,53.4,55.4,53.3,Pass
12.1,52.9,43.8,55.2,48.8,76.1,49.2,70.8,Pass
21.7,94.5,89.2,94.6,100.0,100.0,95.1,100.0,Pass
8.0,75.4,50.1,48.1,63.1,56.2,54.7,56.3,Pass
10.1,65.5,71.0,56.0,71.9,51.0,66.9,52.8,Pass
2.6,73.1,41.2,39.9,52.4,50.1,45.3,43.5,Fail
9.9,65.5,63.7,62.8,60.0,79.1,62.0,75.0,Pass
18.6,77.3,82.5,79.1,100.0,68.4,88.5,88.4,Pass
4.0,60.9,34.7,33.2,52.8,34.0,41.5,46.0,Fail
4.7,50.5,52.8,42.4,38.5,40.4,44.0,39.7,Fail
10.8,76.3,64.4,49.2,66.1,56.9,60.5,49.8,Pass
6.8,72.3,67.4,51.7,60.6,61.0,60.0,59.6,Pass
1.5,58.1,45.3,32.5,40.1,40.0,39.4,37.6,Fail
4.8,71.4,44.9,44.8,66.2,51.5,53.4,58.4,Pass
14.5,64.7,66.8,62.7,68.5,88.5,66.2,72.8,Pass
5.6,72.2,51.0,39.9,51.7,52.6,48.0,49.0,Fail
5.6,69.3,58.2,38.0,59.8,43.8,52.8,45.1,Fail
10.4,67.0,66.9,64.4,64.7,52.2,65.3,55.4,Pass
8.2,73.2,53.0,68.3,58.1,63.6,59.6,45.7,Pass
5.4,59.4,56.2,44.2,66.1,35.6,56.6,36.0,Fail
4.5,74.2,54.5,43.7,64.3,54.6,55.2,43.6,Pass
25.0,94.2,100.0,82.5,93.4,100.0,92.1,100.0,Pass
13.1,78.6,73.9,47.6,86.4,52.7,71.0,68.6,Pass
8.8,66.9,64.3,36.6,59.3,64.9,54.0,70.6,Pass
9.2,77.2,54.1,59.3,70.8,67.2,62.3,67.2,Pass
6.2,77.1,57.1,31.9,71.7,59.0,55.4,44.9,Pass
8.1,82.6,69.0,59.4,70.4,47.0,66.7,60.6,Pass
5.8,62.6,59.3,33.5,69.1,58.6,55.5,57.3,Pass
3.8,71.1,57.8,42.6,57.8,61.8,53.2,50.8,Pass
8.3,81.1,53.8,49.9,66.7,51.3,57.8,67.3,Pass
5.5,64.7,67.0,33.7,61.4,50.1,54.8,43.6,Fail
8.5,81.4,75.5,41.6,57.4,56.3,58.1,74.0,Pass
9.5,72.7,53.9,38.6,60.6,55.7,52.0,59.5,Pass
8.8,62.4,53.9,40.2,50.1,57.2,48.3,36.2,Fail
3.6,58.6,50.3,57.6,45.4,37.0,50.5,52.8,Fail
5.1,54.6,40.8,51.6,49.8,42.7,47.6,30.6,Fail
5.5,66.3,55.5,45.3,52.1,66.0,51.1,49.9,Pass
11.5,72.5,66.4,55.1,66.4,54.4,63.0,57.9,Pass
11.2,74.9,75.2,53.1,59.4,68.8,62.2,63.9,Pass
4.2,75.9,54.6,44.2,49.8,68.4,49.6,50.0,Pass
2.7,63.1,28.1,31.6,54.7,39.3,39.8,42.2,Fail
22.3,84.6,96.9,80.0,91.2,100.0,89.6,100.0,Pass
8.6,68.7,67.6,55.5,58.8,50.8,60.4,52.8,Pass
2.5,48.2,39.0,23.5,41.4,25.2,35.3,23.2,Fail
4.6,71.0,51.7,20.5,54.9,32.8,43.6,36.3,Fail
11.8,73.0,66.7,53.9,67.2,67.6,63.1,75.7,Pass
19.3,83.8,79.1,91.5,77.0,100.0,82.0,99.1,Pass
17.6,79.5,98.8,58.9,89.1,89.5,82.9,82.9,Pass
8.4,71.1,51.9,40.1,72.7,57.9,56.7,59.9,Pass
6.7,57.5,58.1,38.4,65.9,44.1,55.3,58.4,Pass
3.3,64.0,53.2,23.9,43.1,35.4,40.4,28.0,Fail
7.0,63.6,49.4,59.8,56.9,45.0,55.5,31.8,Fail
3.6,64.6,39.1,40.0,64.4,35.9,49.5,35.9,Fail
5.1,58.0,46.7,24.7,48.6,47.2,40.9,46.8,Fail
10.8,76.8,70.2,56.8,69.8,87.6,66.0,84.6,Pass
5.8,67.1,54.2,44.2,43.2,56.8,46.8,42.1,Fail
5.5,56.2,62.4,39.0,58.4,39.9,53.8,38.4,Fail
6.5,75.4,50.9,46.7,58.9,46.6,52.8,44.2,Fail
24.1,84.8,89.1,88.1,90.9,97.0,89.5,100.0,Pass
3.1,60.9,51.5,39.8,51.4,60.6,48.0,33.8,Fail
7.9,75.9,45.2,54.7,65.6,66.2,56.2,69.1,Pass
16.7,88.6,75.5,60.4,78.1,88.1,72.0,92.1,Pass
6.5,64.1,51.2,45.9,42.0,60.4,45.9,40.8,Fail
13.0,76.5,68.8,64.4,72.6,78.2,69.0,71.5,Pass
2.6,68.6,41.7,32.4,51.4,20.8,42.8,29.8,Fail
5.9,77.2,40.4,62.6,56.7,44.8,53.6,40.0,Fail
3.9,65.4,58.7,39.2,58.6,53.7,52.8,36.8,Fail
6.4,71.5,65.1,51.5,45.7,72.2,53.3,50.3,Pass
6.5,60.5,37.8,40.4,43.4,60.5,40.8,44.6,Fail
6.9,56.2,56.1,41.5,54.2,47.9,51.0,29.0,Fail
10.8,77.4,63.7,61.2,56.3,71.1,60.0,73.6,Pass
1.1,54.9,43.1,18.7,34.6,22.6,32.4,33.9,Fail
4.5,58.0,48.6,46.1,44.1,47.2,46.0,26.7,Fail
7.6,74.3,45.8,39.2,65.0,57.6,51.5,54.8,Pass
1.6,60.7,47.8,41.6,52.4,36.5,47.8,27.9,Fail
9.5,73.2,56.5,51.8,67.6,67.0,59.5,58.5,Pass
4.4,55.0,24.5,57.0,56.2,44.7,46.9,31.8,Fail
5.9,59.8,51.3,51.8,61.1,22.3,55.4,32.3,Fail
11.0,86.2,55.4,69.6,74.5,64.9,67.3,83.9,Pass
13.3,70.7,77.0,63.2,77.0,64.7,72.9,74.9,Pass
9.7,70.0,58.1,62.9,58.1,60.2,59.5,58.2,Pass
3.0,65.5,46.3,44.8,37.2,44.5,42.2,26.1,Fail
9.4,62.7,61.8,33.9,55.0,59.5,50.7,53.0,Pass
9.8,82.6,65.2,49.4,73.1,62.3,63.6,61.5,Pass
8.7,70.5,53.8,43.4,57.7,56.2,52.2,48.4,Pass
14.6,75.6,80.9,59.0,80.4,53.9,74.1,70.5,Pass
7.0,76.9,56.2,47.3,46.3,64.9,49.6,54.2,Pass
14.2,84.3,64.7,72.0,79.2,79.6,72.7,84.6,Pass
14.2,92.8,79.1,80.0,74.3,79.8,77.4,73.2,Pass
9.9,68.4,59.7,59.3,57.2,58.5,58.6,62.4,Pass
8.0,87.1,61.9,65.5,76.5,49.3,68.8,58.3,Pass
8.7,75.6,61.1,43.5,77.6,76.5,62.4,65.3,Pass
16.3,93.1,81.0,69.6,76.9,79.8,75.9,82.4,Pass
12.1,82.4,80.6,59.9,72.0,56.7,70.9,70.3,Pass
3.3,58.8,37.8,31.0,43.4,37.4,38.0,29.7,Fail
8.4,63.4,39.2,39.2,60.2,54.2,47.6,37.8,Fail
3.8,50.1,42.6,39.4,40.0,48.6,40.6,35.2,Fail
4.3,49.1,50.0,30.4,39.3,37.2,39.8,35.5,Fail
5.3,61.5,36.5,49.3,50.5,44.3,45.9,35.3,Fail
2.4,73.0,49.6,27.5,49.2,33.8,42.8,32.5,Fail
3.6,60.3,34.0,45.8,50.7,28.2,44.2,17.5,Fail
15.0,72.6,78.5,68.1,70.8,64.2,72.3,77.8,Pass
4.3,70.8,49.9,44.1,50.0,51.4,48.2,48.2,Fail
10.8,66.1,54.4,57.5,67.9,66.7,60.7,62.9,Pass
7.4,83.6,47.1,51.4,60.0,67.4,53.6,68.3,Pass
9.2,68.9,76.5,51.9,52.0,57.3,59.3,49.2,Pass
9.4,78.7,80.9,52.9,79.0,76.0,71.7,71.3,Pass
3.5,62.6,37.1,41.0,45.1,33.3,41.5,37.2,Fail
10.8,73.2,54.7,62.0,64.1,61.2,60.6,58.8,Pass
2.8,72.4,48.0,35.2,66.7,41.3,51.6,35.5,Fail
4.2,66.9,45.4,53.5,64.2,44.9,55.4,39.8,Fail
9.3,83.1,60.9,52.9,72.5,56.1,63.1,60.6,Pass
3.3,57.7,46.2,30.4,37.6,29.7,38.0,32.7,Fail
1.4,51.3,53.5,29.5,50.6,10.7,45.1,8.7,Fail
8.2,55.8,64.0,40.1,43.7,65.4,48.7,61.7,Pass
2.1,72.6,43.4,42.0,48.0,41.4,44.8,42.5,Fail
9.8,79.0,69.1,55.0,63.5,60.4,62.6,61.6,Pass
5.5,64.5,35.6,49.8,44.7,40.9,43.5,49.5,Fail
8.1,72.1,58.9,50.3,61.7,57.7,57.4,47.8,Pass
8.0,78.2,57.6,51.3,65.8,57.2,59.0,68.3,Pass
10.3,70.8,69.5,51.7,70.7,77.7,64.6,59.6,Pass
9.5,57.3,61.2,57.7,57.9,52.3,58.8,61.8,Pass
3.3,50.0,44.1,32.6,41.1,33.7,39.4,33.4,Fail
5.7,58.1,52.5,44.4,56.5,53.0,51.7,48.4,Pass
8.1,70.5,53.9,59.9,65.0,63.4,60.1,66.5,Pass
14.4,69.7,77.5,63.3,74.4,62.4,72.0,75.4,Pass
9.5,79.7,66.6,54.9,59.9,67.9,60.4,56.5,Pass
13.7,66.3,66.0,59.6,57.6,81.0,60.7,79.1,Pass
8.4,64.5,56.9,51.3,62.6,68.5,57.5,74.9,Pass
12.2,60.1,69.2,64.1,72.2,53.9,68.9,76.0,Pass
7.7,65.7,62.6,55.4,56.5,54.2,58.0,59.7,Pass
11.9,74.3,63.4,64.2,70.8,58.7,66.6,67.8,Pass
5.3,75.0,46.0,56.3,63.2,59.1,56.0,42.9,Pass
15.3,79.3,70.7,69.2,91.0,80.3,78.4,83.6,Pass
8.9,76.6,57.5,66.4,59.9,72.7,61.1,61.8,Pass
2.4,70.9,47.1,47.5,47.0,46.8,47.2,33.2,Fail
8.3,73.1,68.1,45.7,65.3,49.1,60.3,50.8,Pass
9.6,64.3,54.7,59.3,51.3,60.0,54.7,51.8,Pass
11.0,76.4,68.0,41.6,52.9,57.8,54.0,80.7,Pass
18.2,93.7,83.0,89.3,79.0,82.9,83.3,86.9,Pass
4.8,63.2,48.7,40.7,48.0,40.4,46.0,46.1,Fail
18.3,86.4,84.9,69.9,81.5,90.4,79.0,91.8,Pass
6.7,72.3,64.7,32.1,52.7,42.9,50.1,36.1,Fail
4.1,62.0,48.8,38.3,48.7,43.8,45.6,38.4,Fail
4.9,73.4,31.2,55.1,50.4,37.6,46.0,41.0,Fail
9.2,68.0,57.2,54.4,55.2,41.7,55.6,63.1,Pass
3.7,68.1,60.4,36.6,39.8,59.4,45.0,43.7,Fail
5.4,64.6,59.3,41.3,55.9,43.3,52.5,34.1,Fail
8.2,70.2,63.8,62.6,67.8,56.0,65.0,44.9,Pass
15.2,85.7,85.5,76.2,76.6,78.0,79.2,88.4,Pass
10.8,57.4,65.4,52.7,58.8,64.1,59.0,55.8,Pass
6.8,73.1,64.8,56.6,64.6,56.0,62.3,52.0,Pass
9.2,76.7,52.5,61.6,69.8,70.2,62.2,48.6,Pass
7.7,64.6,54.3,40.1,53.2,55.2,49.6,65.2,Pass
3.0,63.3,46.2,34.3,45.6,39.7,42.4,27.7,Fail
16.7,72.2,75.5,82.6,88.4,90.8,82.8,93.3,Pass
15.4,72.1,67.8,73.0,80.7,74.1,74.5,85.9,Pass
6.4,69.8,54.9,62.5,47.7,52.7,54.3,65.7,Pass
5.0,87.0,42.5,53.1,44.5,51.6,46.5,39.5,Fail
3.0,68.9,50.3,32.4,46.7,53.7,43.5,41.6,Fail
9.5,64.6,53.0,51.9,52.7,61.3,52.6,81.6,Pass
9.6,77.7,45.1,62.6,65.6,64.2,58.6,56.5,Pass
3.9,69.3,48.7,40.8,55.1,25.0,48.9,32.5,Fail
7.8,55.5,64.6,46.6,57.2,54.0,56.2,56.4,Pass
10.6,70.2,47.1,74.2,56.6,71.3,59.0,72.5,Pass
4.8,64.6,47.0,39.6,41.2,53.6,42.5,60.0,Pass
5.9,68.0,39.2,47.9,56.5,48.1,48.7,41.4,Fail
5.9,66.8,53.9,47.0,59.5,55.4,54.1,44.0,Pass
4.1,66.1,55.0,48.8,58.2,49.1,54.4,42.8,Fail
6.0,59.7,43.4,45.5,48.2,29.2,46.0,51.6,Fail
2.1,59.9,38.8,35.8,41.9,46.9,39.1,30.5,Fail
5.7,64.7,49.6,61.9,57.8,48.4,56.6,42.3,Fail
5.7,76.1,64.1,45.6,57.8,53.8,56.0,44.0,Pass
6.4,62.1,40.2,51.2,47.2,44.1,46.3,42.9,Fail
8.8,68.6,54.5,39.9,53.7,62.9,49.8,53.6,Pass
2.9,60.6,56.5,36.5,51.9,42.3,48.7,38.7,Fail
3.3,76.7,43.8,40.6,48.5,30.3,44.7,32.8,Fail
4.0,70.1,45.9,40.7,46.3,38.9,44.5,46.7,Fail
2.7,55.8,43.6,19.4,46.3,48.2,37.4,36.5,Fail
9.4,74.5,79.8,51.1,61.3,68.1,63.8,47.2,Pass
4.6,57.4,37.5,31.7,42.1,38.9,37.6,50.4,Fail
6.5,69.9,60.0,56.6,57.0,50.0,57.8,54.5,Pass
3.8,75.5,40.7,34.4,47.3,37.6,41.4,47.8,Fail
5.3,50.7,37.7,45.0,55.3,35.5,46.9,35.0,Fail
8.0,61.5,50.3,54.1,59.1,55.7,55.0,68.7,Pass
8.2,71.1,61.4,45.5,61.2,71.1,56.6,65.5,Pass
3.4,60.9,40.7,30.1,55.3,36.9,43.4,41.0,Fail
6.3,69.3,54.5,43.6,55.9,51.2,51.8,30.5,Fail
3.8,63.9,41.0,35.8,54.7,35.7,44.9,34.5,Fail
6.2,54.0,49.3,33.3,42.8,44.2,41.9,48.0,Fail
4.4,70.3,39.5,39.6,45.5,49.1,41.9,45.3,Fail
17.3,70.1,65.4,73.4,70.3,98.7,69.8,85.4,Pass
10.6,74.4,59.4,46.2,68.8,74.0,59.2,44.5,Pass
8.4,66.4,61.6,48.3,48.5,66.3,52.4,59.0,Pass
5.6,85.9,58.5,44.1,61.8,50.1,55.5,50.9,Pass
10.7,71.9,56.8,57.4,60.9,55.8,58.6,71.6,Pass
6.5,70.6,45.1,63.9,55.6,53.8,54.9,54.5,Pass
16.3,84.0,86.1,58.2,82.3,76.3,76.2,83.4,Pass
11.4,76.4,76.6,58.2,73.8,63.3,70.0,65.9,Pass
5.3,66.1,54.5,45.7,68.2,50.1,57.3,46.0,Pass
15.3,70.4,74.6,61.7,89.0,81.3,76.5,75.6,Pass
5.6,65.8,33.8,47.1,55.6,59.3,46.5,45.1,Fail
17.9,66.6,80.5,57.9,76.9,85.1,72.3,87.6,Pass
15.8,82.9,89.2,67.3,83.0,82.4,80.2,92.8,Pass
7.9,92.8,72.2,31.6,65.1,53.4,57.2,62.2,Pass
2.2,64.1,51.8,33.7,40.8,49.0,42.0,41.0,Fail
7.6,71.8,43.5,38.6,43.1,61.4,41.9,43.2,Fail
3.1,51.3,36.0,37.5,39.8,33.1,38.0,39.2,Fail
4.5,58.9,45.5,52.4,49.5,51.8,49.2,45.5,Fail
4.7,72.8,45.5,46.0,56.4,49.2,50.0,64.0,Pass
3.1,52.1,32.6,34.2,41.9,47.0,36.8,37.1,Fail
7.6,63.3,57.5,42.9,51.4,50.1,50.7,55.4,Pass
4.1,69.5,57.0,38.9,48.3,43.2,48.1,44.1,Fail
5.8,73.4,42.4,43.7,60.3,36.6,50.0,42.0,Fail
4.7,64.8,57.1,41.7,39.5,41.2,45.4,40.2,Fail
8.8,71.5,60.8,56.5,57.8,74.1,58.3,58.3,Pass
8.5,71.2,71.3,44.6,62.5,81.1,59.8,68.7,Pass
5.5,56.7,54.4,51.6,47.2,49.9,50.7,33.7,Fail
9.1,70.3,60.3,50.7,50.9,54.5,53.7,78.3,Pass
13.0,77.5,70.4,63.1,78.8,69.6,71.6,70.3,Pass
1.3,60.9,40.9,44.7,49.9,35.6,45.6,25.8,Fail
4.6,50.1,58.8,18.5,40.2,35.4,39.3,34.3,Fail
3.5,76.5,54.8,18.9,30.0,50.7,34.1,50.3,Fail
4.3,56.4,42.6,42.1,60.0,29.5,49.4,39.7,Fail
1.1,61.9,45.3,33.0,39.4,34.9,39.2,29.2,Fail
1.2,64.0,45.3,47.0,36.3,53.4,42.2,33.1,Fail
0.6,57.1,34.9,20.5,37.7,40.1,31.7,21.0,Fail
4.8,67.7,43.3,46.9,52.7,65.4,48.1,49.1,Pass
4.7,59.4,56.7,37.0,45.4,42.1,46.3,42.8,Fail
14.1,94.1,74.3,78.1,80.7,75.5,78.0,61.0,Pass
7.3,66.7,52.1,28.1,55.1,53.9,46.1,58.8,Pass
9.0,78.0,66.1,51.9,59.7,54.2,59.3,61.0,Pass
25.0,81.3,90.2,96.9,86.5,100.0,90.7,100.0,Pass
1.3,67.3,44.6,27.5,53.5,34.3,43.0,30.7,Fail
16.5,74.1,72.2,69.3,81.7,91.5,75.1,79.6,Pass
6.5,56.7,29.4,43.9,42.7,56.1,39.1,49.4,Fail
5.1,57.6,50.6,43.6,51.9,49.0,49.0,26.5,Fail
4.6,58.7,48.9,30.0,42.1,43.1,40.5,47.8,Fail
8.1,70.6,60.2,46.1,59.5,71.9,55.7,58.1,Pass
5.1,89.1,40.3,52.9,61.1,58.7,52.4,36.0,Fail
3.0,85.5,40.8,49.7,55.4,39.9,49.3,47.7,Fail
4.7,63.1,57.6,42.7,48.2,46.5,49.4,38.3,Fail
8.2,77.5,60.2,49.3,67.8,50.2,60.0,49.1,Pass
9.9,61.8,43.2,53.1,57.9,53.9,52.0,52.9,Pass
17.4,64.0,74.7,76.9,73.0,92.8,74.7,83.2,Pass
7.1,68.8,42.3,49.6,66.5,56.1,54.2,56.5,Pass
13.5,80.6,66.6,54.2,65.6,74.4,62.5,73.4,Pass
5.9,73.3,55.8,36.2,58.8,52.8,51.1,45.0,Fail
6.4,76.3,57.7,48.5,68.0,53.1,59.1,47.6,Pass
6.2,64.8,59.9,29.9,42.7,28.9,44.0,49.3,Fail
7.6,69.7,59.8,56.3,70.0,62.2,62.8,49.7,Pass
10.9,79.6,69.9,50.5,80.8,72.2,68.4,67.0,Pass
5.0,75.5,49.6,34.5,50.8,50.3,45.6,37.8,Fail
3.7,57.2,37.8,52.6,46.5,35.5,45.7,44.8,Fail
11.4,75.4,65.8,54.3,62.9,82.6,61.2,66.5,Pass
10.9,78.3,73.5,61.1,63.4,62.6,65.7,76.3,Pass
14.7,78.8,79.6,72.4,69.1,70.5,73.2,95.1,Pass
4.5,60.4,45.5,53.1,59.9,45.6,53.5,46.3,Fail
5.8,67.0,51.2,39.2,51.6,54.9,47.8,42.6,Fail
11.6,78.2,59.4,61.7,58.5,73.1,59.7,61.6,Pass
4.9,59.8,56.9,39.7,57.6,49.3,52.0,52.3,Pass
9.6,61.9,70.7,73.2,66.2,70.6,69.6,63.7,Pass
5.9,83.6,60.4,30.7,62.4,55.6,52.3,50.8,Pass
8.1,71.2,44.5,49.2,53.0,68.7,49.3,62.8,Pass
3.0,71.1,52.7,39.2,46.8,47.3,46.3,31.9,Fail
7.0,70.1,68.3,46.9,73.4,52.5,63.9,48.6,Pass
0.4,68.9,32.5,20.1,44.0,29.7,33.4,19.3,Fail
12.9,76.1,75.4,45.7,68.7,82.2,63.8,78.1,Pass
10.4,77.2,62.5,43.3,71.5,69.4,60.3,70.5,Pass
3.5,55.3,53.5,44.3,51.8,36.9,50.1,43.5,Fail
16.6,65.8,63.7,67.8,86.9,74.1,74.2,74.3,Pass
12.5,71.2,62.9,44.5,68.8,57.9,59.7,73.2,Pass
3.1,52.3,29.3,47.8,45.8,53.5,41.4,25.2,Fail
4.7,48.7,46.7,55.2,48.8,46.2,50.1,30.9,Fail
3.2,66.3,50.7,41.3,43.3,55.3,44.9,47.1,Fail
8.2,55.7,55.9,50.8,45.3,71.3,50.1,61.9,Pass
4.6,73.1,47.0,44.2,56.6,64.7,50.0,52.8,Pass
1.5,73.3,41.5,31.0,50.8,35.2,42.1,19.4,Fail
6.4,56.1,47.0,26.6,33.4,71.7,35.4,62.0,Pass
11.1,75.6,72.0,48.6,72.2,72.3,65.1,70.0,Pass
7.1,83.4,47.6,51.0,59.4,47.5,53.3,52.3,Pass
9.1,67.1,55.6,57.0,62.9,60.9,58.9,63.5,Pass
7.5,73.9,45.4,47.9,54.1,56.8,49.6,50.1,Pass
10.1,91.3,64.3,59.2,80.4,72.5,69.2,77.4,Pass
7.9,56.1,52.5,46.8,61.1,54.0,54.2,53.0,Pass
6.2,59.3,67.0,44.4,44.3,53.4,51.1,50.3,Pass
7.1,73.0,50.8,43.6,50.4,47.8,48.5,55.7,Pass
15.0,95.4,86.8,75.6,84.1,86.6,82.4,71.0,Pass
9.4,65.6,44.8,42.1,54.0,53.7,47.7,52.0,Pass
3.5,83.7,52.4,46.4,61.8,50.4,54.4,40.6,Fail
7.0,69.5,55.2,34.1,49.6,50.3,46.6,44.1,Fail
8.1,54.0,58.4,35.6,62.0,46.4,53.0,50.5,Pass
6.1,80.0,51.8,42.0,40.8,60.3,44.5,49.4,Fail
1.5,58.1,34.2,34.6,37.4,39.3,35.6,38.0,Fail
3.7,68.0,31.2,42.3,56.5,47.8,44.6,42.8,Fail
5.1,52.8,48.7,31.8,46.9,37.9,42.9,32.6,Fail
17.7,75.2,72.8,60.0,80.5,88.1,72.0,90.0,Pass
8.9,58.7,63.6,60.1,63.6,55.6,62.6,45.8,Pass
2.1,49.7,43.2,32.6,43.9,29.8,40.3,18.4,Fail
6.3,68.3,62.6,44.7,55.4,59.8,54.4,48.8,Pass
13.7,81.0,64.7,68.7,82.9,82.9,73.2,82.3,Pass
4.6,61.1,49.2,31.8,49.9,16.0,44.3,35.3,Fail
11.9,62.8,64.2,66.5,68.7,46.0,66.7,63.2,Pass
2.2,52.4,36.2,38.1,46.7,49.2,41.0,30.9,Fail
0.5,63.6,49.9,29.4,25.5,22.0,34.0,18.9,Fail
12.9,76.4,75.0,61.9,67.4,59.6,68.0,47.6,Pass
4.9,69.0,66.7,40.9,50.4,45.8,52.4,31.3,Fail
1.6,74.4,51.1,49.1,52.5,43.6,51.1,48.9,Fail
5.2,70.8,66.6,48.0,67.8,44.7,61.5,44.0,Pass
7.5,72.3,71.5,54.5,47.9,28.4,57.0,39.6,Fail
8.7,89.4,60.3,57.1,63.6,65.7,60.7,68.4,Pass
0.8,58.8,27.5,31.5,45.9,49.0,36.1,36.7,Fail
4.3,84.2,67.4,62.4,45.9,39.9,57.3,44.2,Fail
6.9,79.7,63.3,46.8,63.5,70.7,58.4,54.4,Pass
8.7,68.1,62.0,53.1,63.6,55.0,60.0,53.9,Pass
3.5,70.6,44.6,58.9,52.9,61.9,52.2,50.6,Pass
5.9,65.4,54.6,56.3,45.6,55.6,51.5,56.2,Pass
4.5,53.9,53.3,41.8,47.0,36.7,47.3,35.5,Fail
7.6,69.1,61.2,35.4,50.2,58.9,49.1,58.7,Pass
12.6,63.4,59.3,78.1,73.3,80.1,70.5,58.3,Pass
5.4,68.3,63.6,41.8,47.3,35.0,50.5,33.8,Fail
2.5,69.4,46.8,38.6,47.6,41.9,44.7,33.2,Fail
4.2,63.3,52.8,49.4,64.1,53.7,56.3,34.4,Fail
16.6,81.8,84.5,70.1,90.0,80.0,82.4,79.8,Pass
3.7,66.2,64.3,41.6,38.8,31.4,47.3,55.6,Fail
2.9,70.2,50.2,39.5,46.7,60.7,45.6,58.4,Pass
5.2,67.0,50.1,39.9,52.4,30.8,48.0,27.7,Fail
6.3,65.0,67.4,48.3,54.6,47.3,56.6,43.9,Fail
4.7,72.0,59.9,37.6,56.8,46.5,52.0,40.2,Fail
2.2,63.9,46.0,25.6,49.3,56.1,41.2,34.2,Fail
8.1,52.6,53.9,50.8,66.3,31.1,57.9,31.7,Fail
7.6,66.3,39.4,59.6,51.2,54.7,50.2,50.6,Pass
9.9,67.7,59.4,47.0,67.2,54.0,58.8,50.4,Pass
7.5,70.2,44.8,44.3,55.0,48.4,48.7,39.3,Fail
15.8,79.3,54.0,69.6,86.3,94.3,71.6,80.9,Pass
10.4,56.9,53.1,52.2,61.5,49.5,56.2,64.1,Pass
9.2,59.1,45.1,32.3,56.3,42.6,45.7,45.8,Fail
12.9,67.9,63.3,56.5,66.3,57.7,62.5,60.8,Pass
7.3,69.3,57.9,64.5,51.5,57.0,57.3,52.3,Pass
5.9,75.7,58.6,59.5,63.2,53.2,60.7,57.1,Pass
8.0,56.8,52.2,62.1,48.5,50.8,53.7,38.4,Fail
1.5,56.4,29.6,38.0,26.0,29.7,30.7,32.2,Fail
7.3,68.4,54.2,43.4,50.1,65.9,49.3,56.7,Pass
6.3,60.1,42.1,46.2,51.8,30.7,47.2,46.3,Fail
8.5,70.9,69.5,56.8,53.4,69.1,59.2,64.3,Pass
11.9,79.4,66.4,58.1,64.6,56.8,63.2,79.4,Pass
9.3,65.1,49.0,36.2,45.4,66.1,43.7,54.7,Pass
4.2,67.7,40.3,49.3,43.1,53.0,44.1,36.3,Fail
10.8,72.0,63.3,52.7,77.5,69.5,65.8,59.7,Pass
15.9,69.9,73.2,73.1,71.1,77.2,72.3,81.3,Pass
12.1,73.4,64.7,45.7,67.7,63.0,60.2,75.1,Pass
2.7,66.9,53.4,31.9,63.6,41.7,51.0,47.3,Fail
9.3,82.5,55.7,59.6,67.2,74.1,61.5,59.9,Pass
3.0,76.8,57.1,46.5,54.0,42.3,52.7,52.4,Pass
5.6,62.2,49.1,49.6,44.4,43.0,47.4,44.2,Fail
8.4,65.1,63.2,49.1,60.7,55.1,58.0,52.9,Pass
7.7,69.6,51.3,51.1,69.6,52.9,58.6,51.2,Pass
11.9,69.9,71.0,62.2,59.6,65.5,63.8,76.6,Pass
16.0,88.9,72.2,75.3,80.0,99.1,76.2,82.6,Pass
8.9,71.5,72.4,57.6,55.1,52.5,61.0,57.5,Pass
5.3,66.8,50.0,33.0,63.4,57.9,50.3,48.8,Pass
1.5,66.9,39.6,51.8,35.5,47.3,41.6,24.4,Fail
13.6,77.6,61.1,62.7,67.0,60.6,63.9,48.2,Pass
6.3,70.0,54.9,45.5,47.5,44.9,49.1,46.6,Fail
6.5,69.9,52.8,44.2,45.9,51.2,47.5,38.5,Fail
6.8,67.0,43.0,48.8,54.4,51.4,49.3,46.5,Fail
8.6,63.1,50.2,36.7,54.5,49.3,47.9,51.1,Fail
8.8,84.6,47.3,51.1,65.8,71.6,55.8,49.5,Pass
5.6,59.5,40.0,25.0,53.3,46.2,40.8,41.5,Fail
6.3,80.8,55.9,44.8,47.2,55.1,49.1,46.5,Fail
4.5,68.1,52.3,43.3,53.5,57.7,50.1,41.3,Fail
4.2,60.2,43.9,44.4,40.8,36.5,42.8,32.5,Fail
4.2,69.5,53.0,41.1,52.4,40.3,49.2,36.0,Fail
6.2,73.7,46.8,49.6,57.6,49.1,52.0,39.0,Fail
3.6,78.1,54.2,27.3,51.2,32.6,44.9,67.7,Pass
0.4,50.0,35.2,29.8,45.2,28.8,37.6,9.8,Fail
5.3,65.2,48.5,54.3,41.3,53.9,47.4,49.1,Fail
2.8,74.4,47.9,43.9,41.7,32.3,44.2,31.3,Fail
7.1,74.5,51.8,42.5,59.6,44.9,52.1,41.9,Fail
4.5,69.3,37.5,43.7,64.3,46.8,50.1,46.8,Fail
8.7,82.3,53.7,67.0,56.8,66.2,58.9,69.0,Pass
3.0,62.2,33.4,42.3,43.6,38.2,40.2,35.9,Fail
1.8,43.0,34.7,35.1,44.7,27.4,38.8,26.3,Fail
6.3,64.6,57.4,37.9,60.7,61.1,52.9,52.3,Pass
5.1,82.2,66.7,43.5,63.2,46.5,58.3,43.5,Pass
2.6,65.5,41.2,36.5,40.5,53.4,39.5,45.2,Fail
10.4,65.7,59.2,70.6,62.1,57.7,63.8,49.5,Pass
3.4,74.8,64.3,33.0,53.4,48.9,50.6,31.0,Fail
4.0,71.6,46.3,44.0,57.9,40.6,50.2,48.0,Fail
11.5,75.0,60.5,65.1,66.3,63.9,64.2,50.9,Pass
9.0,75.5,59.6,60.4,72.3,55.5,64.9,54.3,Pass
3.1,55.6,39.5,33.5,42.8,44.3,39.0,25.7,Fail
5.4,63.6,44.5,39.8,51.5,61.2,45.9,46.8,Fail
2.9,63.0,33.4,54.5,43.2,42.5,43.6,31.3,Fail
11.0,82.0,79.3,57.3,70.1,58.4,69.0,70.5,Pass
11.0,68.8,67.0,52.6,65.0,69.1,61.9,78.7,Pass
17.3,80.6,91.7,81.6,84.3,98.9,85.7,82.5,Pass
21.0,96.7,98.6,86.5,85.3,100.0,89.6,96.0,Pass
4.4,85.5,54.6,34.3,54.8,37.6,48.6,37.0,Fail
10.0,65.0,46.1,62.1,71.2,55.2,60.9,55.4,Pass
1.6,63.0,34.8,30.7,29.3,28.6,31.4,35.1,Fail
7.5,56.9,49.3,42.0,51.3,50.6,47.9,40.4,Fail
8.6,70.2,50.5,75.4,55.2,65.3,59.8,56.0,Pass
3.5,61.9,31.0,36.1,46.8,51.0,38.8,38.3,Fail
4.3,75.2,44.0,43.9,55.5,51.3,48.6,40.5,Fail
11.1,63.9,59.8,63.6,64.1,76.9,62.7,71.8,Pass
8.7,60.0,68.1,40.8,44.8,70.5,50.6,56.7,Pass
16.1,91.5,74.3,78.3,68.4,98.4,73.1,77.1,Pass
15.0,72.9,77.1,74.5,56.8,70.8,68.2,64.4,Pass
1.9,63.9,35.2,47.1,41.9,44.9,41.4,33.7,Fail
4.7,68.0,48.0,48.3,39.6,51.9,44.7,58.8,Pass
3.2,57.5,43.4,26.5,28.1,54.9,32.2,44.4,Fail
10.3,66.1,73.2,58.1,57.9,89.6,62.6,77.7,Pass
7.9,78.5,38.0,39.9,53.7,53.9,44.8,53.5,Pass
3.4,69.5,41.2,50.9,47.6,46.6,46.7,39.7,Fail
3.8,64.4,48.9,49.1,48.5,45.1,48.8,41.2,Fail
13.2,74.7,72.2,64.7,72.4,83.1,70.0,76.1,Pass
5.1,68.7,41.4,45.1,56.7,47.2,48.6,45.1,Fail
1.3,64.6,41.7,33.9,40.9,42.7,39.0,41.3,Fail
3.2,73.9,48.7,40.3,55.5,45.1,48.9,39.9,Fail
17.9,81.3,92.0,83.4,83.0,74.4,85.8,83.7,Pass
11.7,77.6,68.3,57.3,66.8,68.6,64.4,80.5,Pass
2.7,69.0,45.0,57.9,43.3,45.7,48.2,41.6,Fail
7.4,74.8,51.6,51.5,58.2,59.2,54.2,39.7,Fail
11.3,85.2,73.0,72.3,76.5,81.1,74.2,65.6,Pass
1.9,62.2,40.4,19.8,47.6,32.4,37.1,19.5,Fail
12.0,69.9,60.4,53.7,70.9,57.6,62.6,67.5,Pass
8.6,67.5,49.6,59.0,60.3,71.3,56.7,70.4,Pass
4.1,70.0,46.8,44.4,42.3,42.4,44.3,46.1,Fail
9.4,70.4,65.5,53.5,82.2,62.5,68.6,57.9,Pass
8.0,87.9,58.3,64.1,55.2,64.2,58.8,73.1,Pass
8.3,70.1,57.9,69.9,60.5,45.9,62.5,53.1,Pass
7.3,61.1,48.5,35.9,74.7,64.2,55.2,60.7,Pass
3.7,67.0,48.9,48.9,55.3,47.8,51.5,43.5,Fail
4.2,77.4,52.3,39.6,48.7,54.2,47.1,36.5,Fail
5.7,60.3,43.2,50.3,58.4,59.7,51.4,44.9,Pass
6.9,61.5,58.9,41.5,56.1,49.6,52.6,51.4,Pass
9.8,70.3,49.0,58.9,55.4,67.8,54.5,64.6,Pass
18.1,76.6,88.3,79.6,85.3,88.8,84.5,88.0,Pass
7.7,58.4,55.6,40.3,52.2,59.0,49.6,48.8,Pass
9.7,59.3,61.9,46.9,58.0,54.5,55.8,60.0,Pass
11.0,75.1,51.3,56.3,65.3,80.9,58.4,77.8,Pass
10.1,77.8,63.1,42.0,70.9,53.6,59.9,60.8,Pass
3.6,58.7,57.1,41.7,54.0,54.3,51.2,53.9,Pass
13.9,76.1,69.5,77.9,68.2,89.6,71.5,89.3,Pass
12.7,76.7,69.5,50.8,73.8,73.7,65.6,67.9,Pass
7.2,59.8,43.2,51.7,50.5,51.6,48.7,54.9,Pass
3.7,71.3,37.3,44.1,54.0,58.5,46.0,67.5,Pass
6.8,69.9,56.4,41.2,49.5,61.6,49.1,46.3,Pass
2.1,66.7,38.8,54.7,44.5,34.3,45.8,36.7,Fail
14.9,83.3,70.4,79.0,64.6,86.2,70.7,68.4,Pass
4.4,84.7,54.7,57.0,61.5,50.9,58.1,51.6,Pass
5.6,58.5,54.2,42.3,63.4,50.7,54.3,51.8,Pass
14.3,70.0,73.8,50.3,83.6,78.2,70.7,75.3,Pass
13.4,89.5,74.4,68.4,83.0,71.0,76.0,71.8,Pass
8.1,74.9,65.8,50.4,65.9,46.1,61.2,51.0,Pass
16.1,79.9,84.5,79.6,95.1,78.0,87.3,71.8,Pass
3.5,60.4,44.1,32.5,42.1,52.4,39.8,37.8,Fail
8.1,67.9,69.9,61.8,58.7,59.0,63.0,53.6,Pass
3.5,62.5,37.1,32.7,55.5,53.3,43.1,47.5,Fail
12.2,62.7,50.9,63.9,62.4,82.6,59.4,53.1,Pass
12.0,82.2,79.7,55.2,66.7,72.4,67.2,71.7,Pass
16.8,64.1,67.2,67.6,63.9,83.4,66.0,75.7,Pass
6.7,61.2,30.4,33.0,44.1,57.0,36.7,49.9,Fail
19.3,79.7,79.9,78.0,97.9,72.7,86.5,100.0,Pass
3.3,81.1,60.8,33.5,53.7,41.2,49.8,35.1,Fail
6.4,66.9,50.4,50.8,48.8,51.8,49.9,37.1,Fail
3.4,66.6,32.6,45.4,45.4,53.9,41.6,28.8,Fail
7.5,62.0,51.3,46.9,57.1,40.0,52.3,46.6,Fail
3.6,71.3,47.1,34.9,36.9,51.7,39.4,52.0,Fail
12.3,98.4,71.4,70.3,71.1,73.6,71.0,60.5,Pass
8.8,74.5,54.2,61.5,50.9,66.4,55.1,65.4,Pass
3.1,61.0,39.1,35.5,55.0,37.2,44.4,28.9,Fail
10.7,56.6,64.2,48.8,60.0,57.3,57.9,57.9,Pass
15.5,84.1,71.6,58.8,77.6,76.5,70.2,90.8,Pass
9.3,63.3,58.9,53.2,58.3,55.2,57.0,52.7,Pass
2.5,57.0,43.4,44.3,35.3,49.8,40.4,40.6,Fail
6.1,74.8,49.7,60.0,59.5,45.4,56.7,41.2,Fail
10.0,68.2,54.4,56.2,74.5,49.6,63.0,53.3,Pass
5.7,66.1,51.8,31.5,48.5,37.6,44.4,40.6,Fail
3.3,70.0,34.4,35.5,53.3,39.1,42.3,34.8,Fail
13.1,70.1,83.2,71.9,71.3,70.9,75.0,53.8,Pass
5.6,56.4,43.5,48.8,43.2,48.3,45.0,44.1,Fail
15.5,82.3,72.6,60.4,84.8,79.4,73.8,85.5,Pass
4.8,71.8,57.0,61.3,42.4,45.0,52.4,43.7,Fail
5.4,61.9,48.0,32.6,40.5,64.0,40.4,56.1,Pass
4.5,60.4,43.8,36.5,60.2,49.5,48.2,44.2,Fail
6.0,58.4,38.8,47.3,46.3,41.3,44.3,30.9,Fail
8.7,76.1,61.0,52.5,71.0,60.7,62.4,54.4,Pass
3.4,79.4,46.2,39.4,51.0,57.0,46.1,36.9,Fail
3.0,71.1,64.0,39.5,33.6,38.8,44.5,15.3,Fail
1.9,61.6,40.6,43.8,47.8,36.6,44.4,39.7,Fail
1.7,67.8,25.6,53.0,44.8,37.0,41.5,55.1,Fail
2.5,56.3,49.5,37.3,38.6,48.1,41.5,30.6,Fail
4.7,68.6,42.0,36.8,58.0,50.8,46.8,45.5,Fail
7.4,60.2,53.7,47.3,61.0,46.4,54.7,40.0,Fail
8.4,69.1,68.8,68.5,55.9,78.8,63.6,64.0,Pass
7.2,77.2,55.1,57.4,67.0,49.0,60.6,60.1,Pass
14.5,83.9,72.5,79.9,78.7,80.2,77.2,83.0,Pass
17.1,85.1,87.2,81.4,84.9,98.3,84.5,99.6,Pass
5.6,70.1,63.6,53.3,50.5,50.3,55.3,57.9,Pass
3.5,58.3,43.4,37.7,38.9,38.1,39.9,49.0,Fail
20.0,85.1,100.0,93.2,100.0,99.8,98.0,100.0,Pass
12.8,81.6,56.2,38.1,73.6,72.8,57.7,65.3,Pass
12.3,72.8,59.2,65.4,74.5,62.7,67.2,61.0,Pass
4.6,63.9,44.5,45.4,45.8,52.6,45.3,42.4,Fail
10.8,69.2,70.8,48.2,69.3,56.2,63.4,57.7,Pass
7.3,66.5,56.4,50.8,54.1,41.8,53.8,35.2,Fail
6.4,61.5,45.8,49.8,56.5,52.3,51.3,47.1,Fail
6.4,67.9,44.2,30.5,43.7,42.8,39.9,45.9,Fail
9.0,68.2,46.5,55.1,48.9,60.0,50.0,49.7,Pass
14.8,66.0,73.5,75.8,64.7,79.1,70.7,76.2,Pass
20.9,100.0,88.7,100.0,95.8,100.0,94.9,93.7,Pass
5.1,57.8,55.7,46.3,34.3,74.2,44.3,53.3,Pass
7.5,67.9,43.9,47.7,58.7,68.4,51.0,49.8,Pass
6.3,68.0,56.4,54.7,59.5,58.0,57.1,52.6,Pass
8.6,66.0,56.7,42.9,46.6,61.5,48.5,61.0,Pass
5.8,66.2,46.6,51.5,49.4,58.2,49.2,55.1,Pass
19.0,76.3,76.6,75.6,96.6,89.4,84.3,100.0,Pass
4.3,71.0,50.7,52.9,48.6,48.0,50.5,46.1,Fail
5.2,66.1,50.0,38.8,44.6,47.7,44.5,43.2,Fail
4.7,71.4,43.7,58.8,48.8,46.3,50.3,50.1,Fail
6.1,79.1,60.1,59.2,66.9,74.6,62.6,44.4,Pass
2.7,61.0,53.3,39.6,38.1,31.5,43.1,28.0,Fail
4.7,71.8,49.0,46.0,56.2,58.1,51.0,43.1,Fail
8.6,82.6,66.6,70.0,68.2,72.1,68.3,56.2,Pass
8.5,69.2,56.5,70.5,59.5,66.9,61.9,56.6,Pass
7.8,74.9,77.4,47.9,60.5,58.9,61.8,71.5,Pass
14.1,73.2,70.3,61.7,79.4,67.0,71.4,70.1,Pass
8.8,80.1,67.2,66.3,57.0,68.4,62.8,65.3,Pass
13.8,72.6,78.7,42.5,76.3,76.2,66.9,67.7,Pass
20.9,90.7,83.9,60.9,81.6,100.0,76.1,95.6,Pass
11.0,81.2,72.0,53.0,76.7,74.7,68.2,61.2,Pass
2.7,53.8,48.4,37.5,48.6,41.0,45.2,27.7,Fail
7.9,64.1,58.5,38.8,54.3,54.8,50.9,64.0,Pass
7.3,63.1,59.6,36.0,54.4,49.0,50.4,45.3,Fail
15.5,87.2,72.0,67.0,83.2,85.7,75.0,77.6,Pass
6.2,58.0,67.0,55.9,44.1,55.8,54.5,51.2,Pass
3.9,67.3,28.8,37.3,44.4,38.6,37.6,38.4,Fail
4.9,71.7,44.6,54.1,52.0,46.7,50.4,57.0,Pass
2.7,64.6,34.1,38.5,32.4,33.8,34.7,35.6,Fail
0.4,70.7,55.8,48.0,51.6,43.1,51.8,42.9,Fail
19.1,67.5,77.4,72.2,95.8,97.1,83.2,83.7,Pass
6.7,72.9,47.7,52.2,72.9,31.2,59.1,41.4,Fail
2.9,62.0,39.6,39.4,31.1,38.6,36.1,40.3,Fail
16.3,67.5,60.7,67.0,81.8,95.6,71.0,80.7,Pass
17.8,72.7,82.4,80.1,76.8,92.7,79.5,90.0,Pass
7.4,81.4,65.0,58.4,61.7,64.0,61.7,47.2,Pass
2.6,68.2,48.1,40.4,40.5,32.0,42.8,32.0,Fail
5.0,72.4,46.0,27.4,56.9,56.6,44.8,35.5,Fail
5.8,74.6,66.2,36.4,40.2,51.6,46.9,41.4,Fail
6.9,57.4,57.3,36.7,44.8,56.7,46.1,39.1,Fail
3.2,65.8,32.2,41.2,29.5,63.8,33.8,42.8,Fail
11.5,82.6,66.2,61.1,66.4,59.5,64.8,68.9,Pass
1.2,58.2,30.6,26.0,37.0,47.8,31.8,22.2,Fail
12.6,86.0,82.8,57.4,64.9,72.1,68.0,75.9,Pass
14.1,72.0,66.2,70.8,75.6,86.8,71.3,73.7,Pass
5.3,67.4,39.8,37.5,53.8,43.5,44.7,25.5,Fail
6.4,70.9,52.9,25.1,61.8,42.6,48.1,51.3,Fail
15.1,84.2,88.2,71.2,90.5,88.5,84.0,86.4,Pass
9.8,69.5,67.4,49.6,61.7,47.0,59.8,51.4,Pass
5.4,74.6,49.0,52.9,56.0,45.9,53.0,51.5,Pass
5.8,70.4,51.3,39.1,47.1,44.2,46.0,61.1,Pass
9.0,57.7,63.3,47.6,58.5,50.1,56.7,52.8,Pass
18.1,96.4,96.3,81.9,91.7,99.5,90.1,100.0,Pass
5.9,59.4,37.2,23.6,59.7,51.2,42.1,32.3,Fail
5.3,81.7,56.3,42.2,61.2,52.5,54.0,51.0,Pass
6.9,67.0,51.1,40.4,59.1,46.0,51.1,50.8,Fail
6.9,65.5,49.5,42.7,52.4,51.2,48.6,52.2,Pass
8.1,72.9,68.8,46.8,38.9,46.7,50.2,39.6,Fail
6.4,62.1,40.6,45.0,51.4,39.0,46.2,38.3,Fail
13.0,60.5,70.6,60.8,63.8,61.5,64.9,68.0,Pass
3.7,63.6,28.2,45.1,37.2,31.0,36.9,33.3,Fail
8.6,73.3,53.4,57.2,65.7,61.6,59.5,54.5,Pass
8.8,82.9,62.7,66.2,72.0,70.0,67.5,67.4,Pass
3.9,55.1,33.8,46.5,36.6,42.2,38.7,31.5,Fail
8.6,75.0,77.3,65.6,64.8,51.7,68.8,50.9,Pass
8.9,69.8,53.0,63.5,59.2,56.6,58.6,60.3,Pass
0.8,61.2,33.6,27.8,47.8,42.6,37.5,40.0,Fail
3.5,72.0,43.1,38.3,52.4,55.9,45.4,45.8,Fail
15.8,74.9,78.7,66.8,82.7,68.9,76.7,89.6,Pass
4.6,66.9,56.5,52.8,49.2,52.0,52.5,56.4,Pass
2.9,72.2,44.0,37.8,51.4,36.4,45.1,49.4,Fail
1.6,70.2,46.8,43.6,52.1,51.2,48.0,29.0,Fail
3.2,54.1,45.8,19.1,60.1,48.4,43.5,36.7,Fail
6.3,62.7,39.9,26.2,47.3,25.9,38.8,39.0,Fail
2.8,62.2,43.3,49.0,42.6,33.2,44.7,24.3,Fail
9.8,78.3,58.0,61.3,59.7,69.0,59.7,61.8,Pass
3.9,62.7,34.2,50.7,42.8,24.7,42.6,26.5,Fail
8.1,70.4,59.0,37.4,69.2,69.5,56.6,41.3,Pass
14.5,87.4,83.3,71.1,74.0,84.3,75.9,72.5,Pass
14.0,74.1,70.6,51.7,75.7,59.5,67.0,69.4,Pass
8.0,81.4,39.8,61.8,66.8,70.6,57.2,73.9,Pass
3.1,50.9,37.8,35.6,49.9,46.7,42.0,25.6,Fail
6.5,64.7,45.3,45.2,63.1,56.4,52.4,59.3,Pass
8.2,58.9,68.3,56.5,61.0,58.7,61.8,53.2,Pass
23.1,88.7,90.1,88.0,99.3,100.0,93.1,100.0,Pass
1.6,67.9,30.7,35.2,38.9,28.8,35.3,22.2,Fail
6.5,66.5,52.6,33.7,40.8,52.0,42.2,44.6,Fail
9.6,67.7,64.6,66.0,58.1,54.4,62.4,54.2,Pass
7.2,57.8,52.5,47.1,54.3,60.8,51.6,57.4,Pass
7.7,82.7,53.8,58.2,68.8,60.2,61.1,54.9,Pass
4.0,64.6,43.7,28.5,58.6,22.4,45.1,46.1,Fail
11.4,70.1,70.0,70.9,67.1,53.4,69.1,51.2,Pass
6.9,80.8,58.8,52.6,68.4,56.6,60.8,64.5,Pass
7.6,66.3,71.3,64.5,60.4,50.5,64.9,44.4,Pass
12.1,67.2,65.1,68.2,68.2,62.7,67.3,59.9,Pass
5.5,60.9,37.0,21.0,46.6,37.4,36.0,43.2,Fail
13.6,69.5,66.5,70.0,67.0,64.4,67.8,59.9,Pass
2.7,54.7,37.3,43.5,37.8,40.9,39.4,46.3,Fail
7.9,63.9,42.6,54.7,50.9,61.1,49.6,53.2,Pass
3.9,84.0,54.0,47.1,50.6,52.0,50.6,45.7,Fail
3.2,54.6,39.4,34.5,49.0,43.8,41.8,36.1,Fail
18.0,69.7,78.1,72.3,88.9,83.7,80.7,93.8,Pass
2.8,65.6,59.9,50.7,43.4,27.8,50.5,24.5,Fail
7.0,67.8,53.3,61.1,49.7,67.4,54.2,45.2,Pass
2.7,68.5,54.1,37.0,47.2,53.9,46.2,41.9,Fail
13.1,71.3,66.1,55.1,63.8,75.3,61.9,71.2,Pass
5.2,59.3,51.5,53.2,42.8,35.0,48.5,34.9,Fail
12.0,87.8,71.3,72.1,71.2,60.3,71.5,74.4,Pass
9.4,58.4,58.5,52.6,59.9,49.7,57.3,49.9,Pass
21.2,88.3,87.8,75.5,94.4,100.0,86.8,90.9,Pass
2.3,68.3,56.7,22.4,45.9,41.8,42.1,59.0,Fail
3.4,70.7,53.1,47.4,46.6,44.6,48.8,33.1,Fail
11.7,71.6,65.8,54.0,71.7,67.3,64.6,71.1,Pass
8.1,59.7,61.4,42.9,59.4,49.0,55.0,48.7,Pass
5.8,79.0,56.3,51.8,58.8,52.8,55.9,28.6,Fail
19.0,79.2,90.7,72.1,82.6,89.3,81.9,85.6,Pass
6.7,80.3,48.1,45.7,67.7,50.2,55.2,48.4,Pass
4.0,67.7,65.4,34.6,43.1,32.9,47.2,15.5,Fail
12.1,70.6,66.8,65.7,64.1,69.0,65.4,58.8,Pass
6.8,71.3,45.9,39.3,48.6,45.4,45.0,42.2,Fail
7.1,77.7,63.5,36.8,60.6,64.5,54.3,53.0,Pass
9.9,72.5,71.9,46.4,60.7,65.6,59.8,71.8,Pass
10.1,66.2,51.9,66.7,61.5,60.8,60.2,57.5,Pass
3.4,49.8,38.0,29.7,45.4,30.0,38.5,26.1,Fail
5.6,63.3,58.3,47.6,61.7,53.9,56.4,53.4,Pass
2.5,69.5,50.4,35.1,49.4,47.1,45.4,30.8,Fail
8.2,61.8,51.4,46.7,57.4,49.6,52.4,64.9,Pass
17.8,86.8,79.6,88.2,88.0,92.6,85.5,85.4,Pass
3.5,64.4,36.3,39.9,30.1,34.3,34.9,31.6,Fail
2.1,68.5,36.8,51.7,45.3,42.5,44.7,33.1,Fail
4.4,46.6,29.4,53.8,33.6,33.0,38.4,38.5,Fail
5.7,55.5,45.3,55.7,44.2,42.1,48.0,48.1,Fail
10.2,68.5,66.4,49.9,63.0,68.8,60.1,65.4,Pass
5.4,81.4,53.1,48.8,63.8,63.4,56.1,47.5,Pass
8.3,63.9,64.7,62.6,46.4,43.7,56.8,39.5,Fail
4.8,64.7,43.8,48.9,51.3,44.9,48.3,44.3,Fail
5.9,84.3,45.2,59.5,58.4,62.1,54.8,57.3,Pass
3.9,68.1,57.5,51.9,54.1,36.0,54.5,43.9,Fail
3.1,70.6,50.3,51.2,65.0,40.5,56.4,26.3,Fail
10.4,67.3,70.8,45.9,75.4,65.7,65.2,62.2,Pass
5.1,75.6,50.2,44.7,56.4,45.0,51.0,33.9,Fail
8.7,81.1,74.5,48.6,70.1,49.0,65.0,55.5,Pass
3.8,68.6,39.6,39.5,48.1,41.0,43.0,33.8,Fail
6.7,67.4,51.3,48.5,60.3,49.9,54.1,42.4,Fail
1.3,66.0,45.7,35.3,44.2,50.6,42.0,46.1,Fail
5.3,53.4,42.9,34.7,50.0,63.9,43.3,56.6,Pass
4.1,73.6,52.1,31.1,47.6,48.5,44.0,44.1,Fail
12.8,68.6,76.2,46.6,71.7,68.1,65.5,63.8,Pass
2.7,61.0,46.7,52.7,54.7,30.3,51.7,36.8,Fail
6.1,77.9,54.1,59.1,61.4,42.0,58.5,52.6,Pass
8.1,78.5,69.6,55.5,64.4,69.8,63.3,59.7,Pass
11.8,61.2,66.1,30.6,44.2,47.7,46.7,64.5,Pass
10.9,65.5,61.4,48.0,66.2,67.6,59.3,63.7,Pass
6.4,72.8,54.0,51.8,55.8,74.5,54.1,52.4,Pass
7.0,54.5,47.4,51.7,43.5,39.8,47.1,45.6,Fail
12.8,86.7,78.4,62.0,75.3,57.0,72.2,58.5,Pass
6.3,68.5,60.2,51.0,55.5,55.7,55.6,41.6,Pass
7.4,80.2,69.0,50.5,62.8,69.2,61.0,45.4,Pass
13.0,69.6,70.3,71.2,75.0,61.6,72.4,79.1,Pass
22.8,82.1,85.9,85.4,92.1,100.0,88.2,100.0,Pass
7.8,77.6,61.5,50.9,59.8,69.1,57.6,69.3,Pass
9.1,68.5,54.3,47.7,57.6,61.5,53.6,42.2,Pass
10.7,62.9,61.6,61.1,64.1,58.1,62.4,79.3,Pass
13.0,80.1,81.3,67.4,78.4,80.5,76.0,73.3,Pass
12.0,61.7,72.0,46.4,74.9,58.5,65.5,64.6,Pass
4.6,77.1,59.6,47.9,59.1,49.0,55.9,34.6,Fail
8.1,71.2,57.4,52.3,67.1,53.6,59.8,51.8,Pass
12.0,67.3,71.4,66.9,73.4,69.4,70.9,61.8,Pass
14.5,86.6,69.9,67.7,78.6,80.6,72.7,72.2,Pass
6.1,76.6,43.5,38.8,50.4,51.9,44.8,46.2,Fail
8.0,69.6,59.1,45.9,62.0,53.3,56.3,38.9,Fail
8.6,88.5,60.7,72.6,77.0,70.7,70.8,78.3,Pass
6.8,86.2,73.7,49.6,71.8,51.3,65.7,49.4,Pass
7.9,72.1,70.5,59.7,70.4,50.1,67.2,61.0,Pass
1.2,70.0,37.9,22.8,30.9,46.5,30.6,57.8,Fail
25.0,100.0,100.0,98.6,91.2,100.0,96.1,100.0,Pass
6.0,58.1,33.6,28.9,44.9,39.1,36.7,44.0,Fail
6.2,69.7,56.0,46.7,58.8,44.3,54.3,49.0,Pass
2.0,56.9,43.6,27.0,39.6,28.5,37.0,18.1,Fail
1.7,55.5,32.1,24.3,38.1,16.7,32.2,29.9,Fail
8.9,71.7,60.6,43.1,51.3,66.6,51.6,70.4,Pass
12.1,76.1,59.6,58.7,64.3,72.2,61.2,66.1,Pass
10.8,60.1,66.4,36.7,56.2,50.6,53.4,60.1,Pass
3.8,67.3,49.3,27.2,43.4,48.8,40.3,41.9,Fail
10.5,70.6,74.1,56.6,61.0,71.0,63.6,63.0,Pass
6.2,78.6,43.7,32.6,48.6,51.9,42.3,57.4,Pass
5.3,75.7,46.4,31.9,37.4,53.2,38.4,41.7,Fail
2.5,56.2,38.0,50.6,51.9,42.0,47.3,30.9,Fail
4.2,75.5,55.0,57.3,52.6,48.7,54.7,31.8,Fail
9.0,75.1,62.7,46.1,58.3,59.9,56.0,54.1,Pass
8.1,68.0,60.0,52.8,58.0,59.2,57.0,62.3,Pass
7.4,64.8,49.0,40.1,57.4,53.8,49.7,49.6,Pass
1.1,52.1,22.6,23.4,36.8,26.8,28.5,19.8,Fail
7.4,59.1,46.5,17.8,47.9,43.0,38.4,30.9,Fail
4.5,50.8,55.5,51.4,53.6,56.0,53.5,30.3,Fail
8.1,69.9,52.2,55.3,54.2,53.4,53.9,41.9,Fail
13.2,59.4,65.6,65.6,64.8,55.9,65.3,64.2,Pass
5.0,59.1,48.2,45.6,61.0,55.4,52.5,59.1,Pass
7.1,73.8,57.8,47.3,73.0,54.2,60.7,56.3,Pass
19.0,94.7,75.7,76.1,97.0,92.8,84.3,94.4,Pass
7.9,60.3,60.4,47.1,51.7,52.0,52.9,56.7,Pass
6.6,72.8,54.2,60.9,53.9,65.7,56.1,49.9,Pass
3.9,62.2,64.9,39.3,45.0,33.6,49.3,12.5,Fail
10.6,68.6,58.8,72.9,61.8,74.3,64.2,71.5,Pass
3.4,65.3,54.2,31.8,52.6,44.3,46.8,45.4,Fail
13.5,71.0,65.2,49.0,57.2,78.2,57.1,64.8,Pass
9.8,71.1,76.3,46.0,58.2,56.3,60.0,58.7,Pass
4.7,66.2,55.1,40.5,52.4,69.8,49.6,58.7,Pass
4.0,74.1,39.9,54.8,49.7,46.7,48.3,30.6,Fail
4.0,75.8,62.0,38.4,51.1,46.0,50.6,51.4,Pass
1.7,57.3,46.8,19.9,32.5,25.2,33.0,33.4,Fail
8.8,68.4,54.4,51.6,55.3,56.5,53.9,65.4,Pass
1.3,68.0,30.1,45.9,38.9,30.5,38.4,45.3,Fail
6.3,66.1,62.0,45.3,46.2,69.6,50.7,47.0,Pass
6.1,73.0,67.9,48.5,52.2,35.8,55.8,49.2,Fail
5.4,73.7,61.9,45.1,54.8,29.2,54.0,28.7,Fail
8.7,78.6,67.9,51.9,67.7,55.5,63.0,51.3,Pass
4.7,66.3,53.8,63.5,57.8,51.3,58.3,59.1,Pass
7.4,59.6,61.2,58.0,48.0,64.4,55.0,59.5,Pass
13.5,74.9,67.4,80.3,69.4,75.5,72.1,68.7,Pass
9.4,67.2,44.4,78.4,57.0,58.5,59.6,50.0,Pass
5.1,72.3,58.0,55.9,53.2,50.1,55.4,45.0,Pass
6.7,80.2,60.6,45.6,58.3,62.3,55.2,48.1,Pass
5.4,78.9,43.2,54.6,46.7,42.1,48.0,29.8,Fail
6.0,74.3,36.7,64.0,56.9,62.6,53.0,50.8,Pass
7.6,61.6,54.3,51.9,53.1,35.9,53.1,33.8,Fail
2.5,74.2,46.0,35.9,48.9,39.9,44.1,31.6,Fail
2.0,65.8,41.8,48.2,45.2,38.7,45.1,47.0,Fail
3.6,57.7,49.1,25.9,41.9,26.1,39.3,27.3,Fail
9.0,77.7,55.3,55.5,68.2,61.7,60.5,47.3,Pass
9.7,69.9,65.9,60.6,60.2,57.3,62.0,63.1,Pass
10.6,57.1,63.9,51.6,62.0,61.0,59.4,60.4,Pass
3.7,56.6,23.1,42.9,42.8,43.1,36.9,45.1,Fail
7.1,68.0,54.1,53.5,58.1,56.8,55.5,51.4,Pass
5.2,65.4,51.6,47.8,59.2,42.8,53.5,42.0,Fail
6.2,58.9,56.1,41.7,47.2,48.7,48.2,47.6,Fail
5.2,72.2,56.5,40.9,54.4,59.7,51.0,58.6,Pass
7.8,73.5,43.6,49.5,57.3,63.7,50.8,47.4,Pass
4.3,53.7,45.5,25.5,43.6,42.1,38.7,46.2,Fail
12.7,96.3,72.2,79.4,81.0,69.9,77.9,74.6,Pass
12.7,65.5,73.6,64.2,60.4,44.5,65.5,66.0,Pass
8.8,66.9,48.1,52.6,67.9,39.4,57.4,39.2,Fail
11.9,77.3,67.0,54.4,79.8,74.1,68.3,63.5,Pass
2.4,59.2,49.5,36.2,40.1,30.2,41.8,16.7,Fail
13.1,87.4,78.5,66.6,75.9,64.1,73.9,65.2,Pass
8.3,68.6,55.9,46.5,46.4,50.1,49.3,50.4,Fail
4.5,58.0,55.8,48.9,44.3,42.3,49.1,28.5,Fail
4.2,70.0,43.6,31.6,66.3,45.4,49.1,35.5,Fail
15.6,55.5,73.7,55.0,75.0,64.5,68.6,74.2,Pass
10.7,77.1,71.7,67.8,72.9,74.9,71.0,75.4,Pass
6.1,77.6,44.5,61.4,52.5,52.7,52.8,48.4,Pass
2.4,44.4,48.5,33.9,39.2,30.4,40.4,28.8,Fail
13.5,73.0,55.7,54.1,69.1,62.7,60.6,67.1,Pass
3.1,50.6,44.4,46.4,32.6,55.1,40.3,33.8,Fail
5.3,66.5,46.8,45.2,52.3,46.2,48.5,40.6,Fail
6.1,85.3,65.9,50.9,66.7,60.8,61.7,50.8,Pass
4.1,66.8,50.9,54.6,62.4,47.3,56.6,46.5,Pass
5.9,65.3,65.7,51.8,56.7,60.7,57.9,57.1,Pass
6.6,45.3,55.9,37.5,47.9,36.2,47.2,39.8,Fail
5.8,58.1,50.1,28.2,49.5,49.5,43.3,38.8,Fail
8.1,68.7,66.5,47.2,62.7,52.7,59.2,35.2,Fail
16.0,79.9,75.1,74.4,84.4,83.1,78.6,75.1,Pass
2.4,65.6,35.8,42.4,51.8,36.8,44.2,35.6,Fail
7.3,74.9,53.4,38.8,43.8,71.8,45.2,55.1,Pass
3.1,56.5,42.2,30.1,51.3,36.7,42.2,31.4,Fail
2.3,63.1,18.7,9.2,32.5,21.6,21.4,14.7,Fail
11.3,69.6,74.5,60.4,60.5,64.0,64.7,61.0,Pass
7.7,61.7,53.1,31.9,53.9,52.1,47.1,56.1,Pass
2.2,55.7,48.8,29.6,46.5,36.3,42.1,16.7,Fail
5.9,71.4,54.5,37.8,46.0,38.5,46.1,12.8,Fail
3.7,43.9,28.2,40.2,34.9,25.8,34.5,18.7,Fail
6.0,52.4,48.4,44.8,50.8,61.9,48.3,50.0,Pass
9.9,97.2,68.0,54.5,75.6,67.3,67.0,58.3,Pass
9.3,65.8,52.9,53.3,62.6,57.2,56.9,62.4,Pass
5.2,78.0,50.7,52.0,62.0,70.4,55.6,60.9,Pass
11.6,73.4,65.4,61.6,75.7,74.4,68.4,57.2,Pass
14.1,72.4,50.3,33.7,70.4,70.0,53.4,79.5,Pass
10.0,77.3,66.1,77.1,65.6,68.0,69.2,70.7,Pass
4.6,66.2,53.9,46.5,45.7,64.0,48.4,49.2,Pass
6.1,65.9,56.0,55.0,50.1,44.8,53.3,42.5,Fail
15.7,78.5,72.7,62.7,68.2,86.6,67.9,91.6,Pass
5.4,69.6,67.4,35.9,65.4,54.1,57.2,59.9,Pass
9.4,65.8,62.6,47.4,60.6,58.5,57.2,56.3,Pass
4.1,61.1,43.2,57.3,52.4,39.4,51.1,39.4,Fail
11.7,66.2,53.3,54.4,82.7,68.2,65.4,71.4,Pass
3.8,54.9,33.2,36.5,58.9,39.6,44.5,50.2,Fail
6.3,82.4,60.5,66.2,67.9,63.6,65.2,64.4,Pass
9.2,63.8,63.3,47.9,57.6,42.2,56.4,46.5,Fail
17.5,89.0,82.7,75.9,91.2,100.0,84.1,100.0,Pass
7.6,66.3,54.6,36.4,56.7,57.9,50.0,36.0,Fail
5.7,71.2,50.0,62.8,47.5,56.2,52.8,52.7,Pass
5.4,66.5,54.7,36.7,46.5,65.6,46.0,73.1,Pass
11.4,59.3,54.4,53.4,67.4,56.0,59.3,49.7,Pass
8.7,70.7,58.5,21.7,65.8,48.9,50.4,51.4,Pass
9.8,76.6,63.3,54.2,73.7,60.0,64.7,56.1,Pass
15.1,70.5,76.0,65.2,73.1,95.0,71.6,80.8,Pass
6.9,86.9,53.3,48.2,58.4,57.3,53.8,61.5,Pass
8.4,76.6,51.7,37.0,53.2,82.5,47.9,71.6,Pass
5.3,72.9,52.9,49.8,42.7,45.3,47.9,49.4,Fail
4.0,72.2,51.3,24.7,45.6,20.6,41.0,34.0,Fail
4.5,46.7,43.0,21.7,39.0,22.3,35.0,36.3,Fail
0.9,66.7,20.1,31.3,31.7,40.7,28.1,26.8,Fail
9.1,89.1,67.6,68.2,64.7,72.1,66.6,69.4,Pass
8.6,76.4,80.7,52.6,78.8,62.9,71.5,62.4,Pass
9.0,68.7,66.0,54.7,56.9,49.3,59.0,47.7,Pass
3.8,55.6,28.6,31.2,29.9,28.6,29.9,31.7,Fail
4.6,55.8,42.7,33.0,47.5,28.5,41.7,34.7,Fail
4.5,54.7,43.8,46.5,50.6,39.5,47.3,36.3,Fail
12.3,71.6,63.5,71.1,61.9,72.5,65.1,65.3,Pass
7.5,60.5,43.2,56.6,58.4,64.1,53.3,47.6,Pass
6.9,67.1,46.8,52.5,67.2,61.1,56.7,44.5,Pass
10.3,74.0,70.3,59.1,64.7,65.5,64.7,60.7,Pass
4.5,51.6,50.5,24.9,51.4,63.4,43.2,46.5,Fail
8.3,63.8,54.8,44.1,63.8,54.8,55.2,65.2,Pass
18.7,77.8,88.3,69.2,88.1,66.7,82.5,69.5,Pass
13.4,71.2,62.9,62.9,76.3,59.2,68.3,73.8,Pass
8.2,70.0,54.7,57.5,62.7,58.2,58.7,70.5,Pass
7.0,69.4,51.9,44.7,49.6,40.8,48.8,29.8,Fail
9.0,67.4,45.8,29.2,42.6,67.5,39.5,74.1,Pass
14.5,72.0,68.6,76.3,74.3,77.6,73.2,89.4,Pass
13.9,76.5,83.9,56.6,73.9,85.5,71.7,79.3,Pass
15.9,90.6,91.2,65.0,73.1,85.9,76.1,83.5,Pass
7.7,57.6,53.6,52.1,52.7,29.9,52.8,36.7,Fail
1.3,70.6,42.0,30.9,43.9,51.2,39.4,33.7,Fail
18.0,68.5,90.7,71.9,83.6,82.2,82.2,83.5,Pass
4.0,67.7,46.3,43.7,57.3,44.6,49.9,37.1,Fail
10.2,80.6,60.4,58.9,60.9,69.9,60.1,61.1,Pass
1.3,51.0,45.6,28.4,25.0,30.2,32.2,44.3,Fail
6.8,71.0,41.2,48.8,51.9,58.3,47.8,51.2,Pass
5.4,58.1,47.3,62.3,54.9,49.3,54.8,40.4,Fail
15.9,88.4,77.8,83.7,91.2,84.3,84.9,87.2,Pass
8.3,57.2,57.9,56.2,51.6,40.7,54.9,58.1,Pass
6.7,60.9,46.9,49.3,56.5,50.3,51.5,42.5,Fail
8.8,71.6,57.7,67.5,53.3,59.2,58.9,64.7,Pass
0.6,66.4,41.9,41.6,42.3,41.9,42.0,33.6,Fail
4.4,66.0,46.6,53.7,29.8,53.4,42.0,40.7,Fail
4.9,69.8,49.3,56.1,49.9,47.1,51.6,48.2,Fail
9.6,67.1,66.0,59.8,64.5,57.4,63.5,69.8,Pass
3.4,55.4,48.1,41.9,41.7,50.3,43.7,41.0,Fail
7.5,80.7,63.4,49.6,52.4,64.5,54.9,63.7,Pass
6.3,71.6,40.9,65.0,54.5,47.9,53.6,49.4,Pass
4.6,61.6,51.1,40.8,62.1,30.0,52.4,62.7,Pass
4.8,52.5,38.6,29.4,39.4,57.0,36.2,46.6,Fail
6.3,77.3,71.7,52.2,55.3,61.5,59.3,71.6,Pass
1.6,72.0,44.7,35.5,44.5,47.6,41.9,47.8,Fail
10.4,70.7,60.4,47.1,75.6,51.8,62.5,58.9,Pass
4.0,59.5,58.0,30.7,39.4,48.2,42.4,36.3,Fail
5.7,64.8,60.5,44.7,48.4,39.4,50.9,42.0,Fail
15.6,77.0,72.4,70.1,81.8,88.7,75.5,89.6,Pass
10.5,78.8,55.2,45.6,57.2,63.3,53.1,67.6,Pass
3.0,54.5,28.2,32.1,35.0,25.1,32.1,21.9,Fail
0.5,55.9,29.4,39.1,49.5,33.6,40.3,29.6,Fail
9.0,69.3,61.4,29.2,73.4,60.9,56.5,51.2,Pass
5.8,69.0,51.1,42.8,57.9,55.0,51.3,60.6,Pass
7.5,75.9,50.3,50.8,61.1,57.1,54.8,44.6,Pass
10.3,74.8,59.9,62.3,60.9,46.2,61.0,45.8,Pass
11.2,87.5,82.4,59.6,73.8,83.4,72.1,75.4,Pass
5.1,58.2,56.6,37.3,44.8,49.5,46.1,39.0,Fail
6.2,79.1,70.2,53.9,71.0,55.2,65.6,53.8,Pass
8.4,62.4,50.0,48.6,57.4,66.2,52.5,68.2,Pass
8.7,67.3,64.0,66.9,59.4,46.9,63.0,66.0,Pass
7.5,72.1,62.3,55.1,59.9,52.6,59.2,40.3,Pass
14.6,86.9,87.0,76.2,76.0,89.3,79.4,80.7,Pass
8.7,67.3,57.7,51.6,63.1,76.7,58.0,68.1,Pass
10.2,75.4,56.8,73.2,63.0,61.3,64.2,70.2,Pass
7.9,67.0,48.7,44.1,77.0,38.3,58.6,34.5,Fail
3.4,45.7,40.4,23.6,37.8,41.2,34.3,30.6,Fail
4.4,65.0,48.9,40.1,55.6,56.9,48.9,60.2,Pass
2.9,53.5,44.0,32.4,55.8,20.7,45.2,23.9,Fail
12.0,84.6,58.2,61.3,51.2,70.2,56.3,77.3,Pass
2.2,72.9,56.6,55.9,46.3,53.1,52.3,50.7,Pass
6.1,60.6,39.6,36.5,60.8,60.4,47.2,58.6,Pass
5.3,58.4,58.4,40.7,35.1,30.7,43.8,36.1,Fail
5.2,61.2,46.2,27.0,58.0,41.8,45.2,51.2,Fail
5.5,70.9,67.0,61.9,58.5,46.7,62.1,42.8,Pass
16.1,83.6,63.3,50.4,89.3,71.2,69.8,64.5,Pass
1.5,89.1,59.1,41.9,51.2,46.5,50.8,19.7,Fail
13.6,73.9,61.1,51.3,72.7,74.3,62.8,71.1,Pass
5.8,67.7,43.1,32.2,44.0,64.2,40.2,54.7,Pass
10.8,88.4,81.4,52.9,71.6,47.0,68.9,53.2,Pass
7.0,70.7,61.2,38.2,52.5,57.3,50.8,56.6,Pass
3.1,55.0,30.9,38.0,37.6,30.9,35.7,23.2,Fail
14.3,79.9,74.2,55.0,76.9,64.6,69.5,78.9,Pass
13.1,81.4,81.9,73.5,69.8,72.1,74.5,83.4,Pass
3.3,61.2,49.4,49.6,31.1,44.1,42.1,41.0,Fail
9.4,77.6,62.3,70.0,66.3,58.5,66.2,49.0,Pass
4.5,71.1,59.5,28.9,54.9,43.1,48.5,34.7,Fail
2.2,59.0,45.0,27.6,48.6,35.9,41.2,30.2,Fail
4.0,77.2,37.9,38.8,51.0,50.8,43.4,47.3,Fail
13.8,70.3,69.5,57.9,63.8,81.6,63.7,76.0,Pass
11.0,76.7,68.9,65.6,78.8,65.3,71.9,53.9,Pass
5.5,61.8,51.3,45.4,48.8,47.7,48.5,53.0,Pass
13.9,63.1,63.5,53.0,61.7,69.3,59.6,83.7,Pass
12.5,77.9,72.0,59.4,81.9,86.1,72.2,79.0,Pass
4.0,80.2,53.5,43.6,66.2,52.8,55.6,45.5,Pass
15.8,78.5,59.2,67.8,56.5,83.3,60.7,72.6,Pass
5.3,54.4,36.3,33.6,39.8,42.6,36.9,21.4,Fail
5.7,68.6,54.5,34.7,52.7,48.5,47.8,46.4,Fail
1.5,55.3,45.6,38.9,43.1,16.7,42.6,25.9,Fail
4.5,73.8,44.9,32.7,56.6,42.8,45.9,54.1,Fail
6.1,65.5,57.7,51.2,71.9,54.8,61.4,54.3,Pass
8.0,55.4,56.6,48.6,46.8,51.6,50.3,62.8,Pass
3.1,67.8,45.0,31.1,48.8,39.7,42.3,40.9,Fail
4.1,66.6,51.6,45.3,39.8,57.6,45.0,54.5,Pass
16.0,76.8,78.3,63.0,80.2,82.9,74.5,73.6,Pass
12.1,66.2,71.1,63.3,78.9,55.8,71.9,68.0,Pass
13.3,90.3,81.1,59.7,58.6,62.1,65.7,69.1,Pass
6.4,64.1,43.7,46.1,42.2,58.4,43.8,51.5,Fail
8.1,76.9,53.4,51.6,66.1,50.4,57.9,58.9,Pass
9.5,67.7,71.1,47.3,68.7,61.3,63.0,55.9,Pass
15.8,84.4,84.0,68.0,75.6,88.8,75.8,74.3,Pass
2.2,63.1,48.4,29.8,50.9,39.8,43.8,32.6,Fail
4.8,66.0,55.8,52.6,60.9,61.3,56.9,40.2,Pass
7.7,62.6,63.3,41.3,61.0,50.7,55.8,57.7,Pass
7.0,72.6,56.8,47.9,68.1,56.8,58.6,60.3,Pass
4.1,76.2,48.0,24.3,54.7,41.8,43.6,45.7,Fail
9.1,62.6,61.5,44.5,57.5,53.5,54.8,65.4,Pass
4.9,59.2,47.3,46.3,50.7,51.9,48.4,46.1,Fail
6.7,91.6,73.3,56.9,71.4,68.2,67.6,58.7,Pass
8.8,62.5,68.6,53.9,48.6,42.2,56.2,55.2,Pass
5.1,61.7,55.8,41.4,53.0,38.4,50.4,43.2,Fail
10.5,83.7,55.9,61.3,66.5,69.4,61.8,59.7,Pass
11.6,85.2,60.0,74.8,66.7,77.3,67.1,78.3,Pass
4.2,45.6,31.6,27.3,33.0,25.9,30.9,11.1,Fail
4.9,72.0,52.9,54.8,40.2,44.3,48.4,54.0,Fail
3.4,62.5,52.9,30.2,44.2,45.1,42.6,44.7,Fail
6.6,66.7,50.7,48.9,50.3,57.9,50.0,40.4,Fail
8.0,78.9,54.5,44.6,67.8,61.7,56.8,62.1,Pass
5.4,63.7,50.7,50.4,59.3,46.2,54.0,49.2,Pass
7.9,65.4,49.1,37.1,50.2,44.1,45.9,53.3,Fail
4.8,63.2,50.7,32.3,44.2,40.8,42.6,42.7,Fail
4.9,63.1,46.8,40.5,45.8,54.3,44.5,34.8,Fail
8.2,72.6,52.9,44.1,67.3,64.9,56.0,67.4,Pass
5.1,76.7,54.1,39.0,50.6,41.9,48.2,32.7,Fail
6.4,71.1,61.2,45.8,70.8,66.2,60.4,49.6,Pass
8.4,70.0,45.6,39.7,58.8,49.1,49.1,39.2,Fail
7.8,73.7,59.1,51.7,63.1,58.1,58.5,56.0,Pass
4.8,72.0,34.4,46.9,47.1,38.8,43.2,37.6,Fail
12.2,79.3,66.2,47.5,82.0,84.3,66.9,63.8,Pass
2.1,57.2,46.9,36.1,46.0,43.7,43.3,50.7,Fail
0.4,63.9,48.1,33.7,38.7,35.2,40.0,16.7,Fail
9.3,54.2,50.7,52.9,46.4,51.0,49.6,52.0,Pass
7.7,81.5,55.6,53.4,66.5,78.6,59.3,61.5,Pass
3.1,76.0,47.2,44.0,46.0,49.6,45.8,34.3,Fail
7.1,75.6,48.1,52.7,56.4,74.1,52.8,58.8,Pass
4.4,75.2,52.7,45.7,46.8,49.5,48.2,44.2,Fail
8.9,70.1,50.8,55.5,53.2,60.4,53.2,55.4,Pass
0.5,54.6,41.8,43.6,34.3,39.5,39.3,15.7,Fail
5.7,56.8,42.7,53.5,48.3,48.4,48.2,39.0,Fail
4.7,73.7,49.0,42.7,44.6,50.5,45.3,49.0,Fail
10.5,66.6,65.0,49.1,61.9,64.6,59.0,57.4,Pass
1.6,58.9,46.0,44.7,37.4,44.0,42.2,28.9,Fail
6.9,70.1,59.5,68.3,56.5,48.2,60.9,45.4,Pass
9.2,70.7,61.7,52.7,68.4,59.8,61.7,58.4,Pass
17.5,83.1,71.2,78.8,83.6,82.1,78.4,96.2,Pass
4.9,51.4,45.0,35.7,41.7,47.1,40.9,43.1,Fail
8.1,67.9,55.2,54.6,57.9,56.3,56.1,58.8,Pass
1.7,68.6,40.6,18.0,48.9,31.7,37.1,39.2,Fail
6.6,64.5,53.1,40.9,59.1,62.9,51.8,56.8,Pass
12.7,68.3,59.0,66.5,68.7,79.5,65.1,67.9,Pass
17.6,88.8,81.6,68.0,98.1,98.1,84.1,91.3,Pass
8.5,66.8,54.6,55.4,52.3,68.6,53.9,58.3,Pass
2.1,64.0,39.7,40.3,47.6,43.8,43.0,46.8,Fail
13.9,75.0,61.4,69.5,71.3,80.3,67.8,65.0,Pass
2.1,62.5,33.8,30.7,49.7,35.5,39.2,30.9,Fail
2.9,75.7,59.2,47.2,51.9,56.8,52.7,42.6,Fail
14.5,82.0,74.5,84.0,91.5,80.9,84.2,71.1,Pass
6.4,57.9,64.7,39.1,54.2,42.3,52.8,40.5,Fail
4.5,62.4,62.6,34.5,56.3,47.4,51.6,36.4,Fail
9.9,68.6,70.2,52.4,62.5,57.4,61.8,66.9,Pass
7.4,70.6,45.7,51.4,58.8,63.2,52.6,53.8,Pass
12.1,81.8,80.0,52.8,69.0,77.1,67.4,64.0,Pass
7.6,69.4,55.0,45.0,60.8,62.2,54.3,40.9,Pass
7.7,69.3,54.0,62.4,44.0,43.6,52.5,45.4,Fail
11.9,56.4,57.4,65.5,58.2,47.6,60.2,66.5,Pass
6.3,78.2,53.3,39.5,53.0,55.1,49.0,44.7,Fail
3.7,63.1,49.5,55.7,61.3,45.7,56.1,29.3,Fail
10.3,74.4,81.3,52.4,63.0,75.3,65.3,70.9,Pass
5.5,68.7,38.5,47.3,47.9,43.7,44.9,42.3,Fail
7.9,63.3,70.3,48.6,53.4,45.1,57.0,50.6,Pass
1.4,59.7,52.8,41.3,46.2,29.0,46.7,47.0,Fail
6.1,61.1,49.1,33.4,49.3,37.4,44.5,50.5,Fail
4.7,76.7,48.4,39.8,50.5,44.4,46.7,37.3,Fail
1.4,43.9,25.2,20.8,49.4,18.3,33.6,13.6,Fail
6.3,59.9,43.3,34.3,51.9,48.0,44.0,31.8,Fail
6.4,65.1,47.5,38.7,57.9,49.8,49.0,45.8,Fail
8.3,81.9,60.3,46.2,66.4,53.9,58.5,62.4,Pass
12.6,80.8,69.2,68.7,66.4,63.8,67.9,56.1,Pass
11.5,60.7,67.3,52.0,60.0,52.2,59.8,65.4,Pass
5.0,65.1,54.7,40.0,43.9,24.7,46.0,40.0,Fail
7.5,74.8,59.3,33.7,51.2,48.3,48.4,53.2,Pass
9.0,88.6,64.2,65.8,67.7,61.5,66.1,55.9,Pass
5.1,63.4,58.4,26.7,52.7,26.3,46.6,36.5,Fail
2.3,53.3,47.3,34.2,41.3,47.8,41.0,40.4,Fail
5.9,69.7,56.3,57.4,57.6,59.7,57.2,54.0,Pass
12.9,75.1,65.1,76.0,69.3,70.8,70.0,71.6,Pass
2.2,66.3,53.1,24.0,55.5,19.4,45.3,28.1,Fail
3.4,69.6,54.4,38.3,46.7,53.4,46.5,50.5,Fail
3.9,67.2,46.0,47.3,55.9,40.5,50.3,32.9,Fail
3.4,68.3,32.0,35.9,51.7,28.5,41.0,37.5,Fail
10.0,85.1,66.3,68.0,50.5,56.1,60.5,73.4,Pass
4.4,63.0,42.2,22.1,37.6,37.4,34.3,32.4,Fail
10.1,62.3,64.6,54.2,49.5,50.8,55.4,52.2,Pass
6.8,70.7,56.5,51.7,59.0,47.5,56.1,33.6,Fail
1.8,51.9,25.8,21.6,30.1,14.4,26.3,21.5,Fail
5.1,57.1,49.7,47.7,56.1,57.5,51.7,53.1,Pass
11.7,67.5,77.4,48.4,60.3,73.0,61.9,72.3,Pass
7.3,58.8,51.0,60.4,54.7,45.0,55.3,38.3,Fail
5.4,75.8,53.5,42.9,48.4,58.3,48.3,43.8,Fail
13.0,76.0,66.1,61.2,75.1,67.2,68.2,64.2,Pass
3.2,69.5,47.8,30.1,46.5,42.1,42.0,45.1,Fail
4.5,69.5,62.2,39.1,50.1,35.2,50.4,21.3,Fail
11.1,71.6,72.1,51.0,62.5,69.1,61.9,57.4,Pass
9.9,79.6,59.1,59.4,57.8,71.9,58.7,65.8,Pass
3.0,59.7,43.3,38.9,47.3,41.3,43.6,35.2,Fail
8.8,69.2,58.3,50.9,55.6,53.1,55.0,40.8,Fail
4.4,59.6,50.0,41.1,65.1,25.0,53.4,43.3,Fail
1.3,72.8,47.9,26.2,57.5,45.5,45.2,27.2,Fail
5.5,65.7,49.9,34.2,50.2,45.1,45.3,35.3,Fail
18.2,86.6,72.4,87.5,81.7,83.2,80.6,83.5,Pass
11.8,69.5,63.5,51.6,65.3,59.9,60.6,61.5,Pass
6.5,74.6,52.5,50.6,67.5,56.2,57.9,58.1,Pass
2.1,68.7,37.6,16.1,59.8,26.5,40.0,37.3,Fail
1.3,48.6,43.5,33.8,24.7,35.0,33.1,37.1,Fail
6.9,68.3,54.4,57.7,65.4,51.2,59.8,36.7,Fail
8.5,71.1,50.1,52.6,57.1,51.4,53.6,52.6,Pass
10.0,69.6,76.7,55.9,59.6,54.3,63.6,53.5,Pass
9.4,82.4,66.9,70.4,74.5,68.4,71.0,65.6,Pass
9.8,62.0,64.5,54.6,61.5,36.2,60.3,56.7,Pass
7.9,65.9,64.0,42.7,68.2,48.0,59.3,45.3,Pass
12.8,68.6,62.7,56.4,74.7,74.0,65.6,71.7,Pass
4.7,73.9,55.9,38.3,56.3,46.8,50.8,40.0,Fail
6.8,59.9,36.1,53.7,62.0,61.3,51.7,40.5,Fail
1.8,47.5,45.5,42.4,38.3,34.2,41.7,17.5,Fail
4.7,69.1,49.6,52.2,44.0,41.8,48.1,51.2,Fail
11.6,72.8,69.3,52.2,81.5,63.9,69.1,81.0,Pass
9.7,80.0,62.8,57.0,64.2,65.3,61.6,54.8,Pass
0.9,67.6,56.6,40.2,46.6,29.3,47.7,31.7,Fail
19.0,82.5,92.5,66.9,83.9,94.4,81.4,93.0,Pass
7.3,57.2,30.9,53.5,50.6,67.1,45.6,41.9,Fail
7.4,59.3,57.0,53.8,56.9,41.2,56.0,51.9,Pass
4.5,51.2,42.1,43.1,37.0,46.5,40.4,39.1,Fail
5.1,65.0,54.4,49.9,44.2,40.3,49.0,25.6,Fail
7.3,63.5,58.3,46.2,49.8,45.7,51.3,51.3,Pass
9.4,69.8,53.8,45.6,60.0,55.6,53.8,69.2,Pass
8.1,71.1,56.6,61.1,62.4,52.3,60.3,41.7,Pass
4.7,80.8,45.5,46.0,63.6,56.4,52.9,38.1,Fail
3.6,69.0,59.8,35.5,68.3,43.7,55.9,41.3,Fail
3.5,64.8,49.1,40.1,49.4,40.5,46.5,45.8,Fail
12.1,62.0,66.3,58.2,62.2,67.9,62.2,61.3,Pass
11.3,73.8,67.2,54.1,50.9,69.5,56.8,69.4,Pass
8.9,77.7,52.6,58.9,64.0,61.3,59.0,62.1,Pass
12.1,77.6,72.5,78.3,69.7,80.4,73.1,84.4,Pass
6.2,59.1,64.4,32.2,51.1,47.3,49.4,36.0,Fail
10.8,69.9,50.1,45.3,58.3,81.5,51.9,72.3,Pass
9.1,71.5,60.3,64.0,57.5,52.4,60.3,66.8,Pass
10.9,69.8,68.8,63.5,68.2,51.0,67.0,62.9,Pass
3.2,58.9,38.1,51.8,48.6,42.6,46.4,51.3,Fail
0.8,43.8,40.6,44.7,35.5,37.8,39.8,26.4,Fail
7.8,63.2,54.9,54.9,61.7,50.9,57.6,49.8,Pass
5.3,68.4,45.4,33.4,60.9,39.7,48.0,33.2,Fail
1.1,68.3,22.6,37.7,40.2,37.1,34.2,37.2,Fail
13.2,76.4,68.5,60.0,80.5,69.7,70.8,85.7,Pass
11.3,82.0,66.6,64.9,63.3,67.6,64.8,48.3,Pass
8.2,69.2,67.7,43.8,62.7,48.6,58.5,41.8,Fail
3.8,57.5,47.6,42.7,43.5,36.4,44.5,41.8,Fail
1.7,58.2,36.6,39.9,44.4,44.3,40.7,46.2,Fail
1.1,65.3,29.2,36.4,25.9,47.4,30.0,46.8,Fail
4.7,63.5,55.4,45.2,59.1,43.8,53.8,42.1,Fail
9.9,66.7,60.7,60.2,61.6,51.0,60.9,65.1,Pass
5.4,54.0,43.8,33.8,50.5,34.0,43.5,39.1,Fail
8.9,63.5,52.5,53.4,52.4,45.3,52.7,35.9,Fail
9.2,67.9,68.7,51.7,73.9,66.6,65.7,61.6,Pass
9.8,67.1,70.9,63.6,65.8,62.5,66.7,52.5,Pass
1.5,54.0,34.2,39.1,36.4,32.1,36.6,28.3,Fail
4.0,77.3,32.8,38.2,35.6,55.0,35.5,51.8,Fail
8.8,75.4,58.5,59.7,59.8,64.3,59.4,53.2,Pass
14.8,95.3,80.0,84.0,66.0,62.0,75.6,62.1,Pass
12.5,62.2,64.2,61.9,66.7,59.6,64.5,66.2,Pass
8.0,72.1,45.0,47.9,61.9,56.0,52.6,64.6,Pass
13.3,72.5,80.6,52.8,77.7,86.2,71.1,68.6,Pass
7.9,69.6,41.8,32.1,50.4,68.7,42.3,55.4,Pass
2.1,77.3,41.4,49.0,43.7,23.5,44.6,36.3,Fail
9.8,57.8,48.8,38.9,56.6,44.3,49.0,45.5,Fail
12.8,70.8,58.2,51.7,64.2,69.7,58.6,77.6,Pass
17.4,74.9,59.8,72.9,66.1,88.9,66.2,72.9,Pass
4.6,61.0,48.0,43.2,44.4,38.2,45.1,40.8,Fail
3.0,46.7,51.3,46.5,44.9,40.8,47.3,45.6,Fail
10.8,83.2,65.2,62.9,66.0,62.3,64.8,58.9,Pass
8.5,80.8,53.2,51.5,60.9,55.3,55.8,55.9,Pass
8.1,74.4,69.8,49.0,58.7,47.4,59.1,27.6,Fail
13.4,65.4,73.1,47.2,86.1,55.5,70.5,58.5,Pass
10.8,75.2,57.4,70.5,66.5,62.1,65.0,61.7,Pass
9.0,77.7,63.9,62.2,65.7,72.2,64.1,70.8,Pass
5.0,69.1,59.4,45.8,49.6,52.1,51.4,55.3,Pass
10.3,72.0,55.0,68.6,66.7,66.6,63.8,67.7,Pass
2.9,74.8,49.2,49.8,50.7,42.1,50.0,24.1,Fail
7.9,63.8,51.8,53.2,43.9,58.0,49.1,51.2,Pass
6.5,66.4,43.4,45.6,63.6,46.5,52.1,43.9,Fail
2.0,67.4,45.5,36.6,44.9,31.7,42.6,34.8,Fail
8.5,72.7,62.3,38.6,65.2,61.7,56.4,61.4,Pass
4.6,70.0,50.6,52.3,47.4,42.6,49.8,39.1,Fail
8.4,74.3,52.6,50.3,63.4,48.7,56.2,55.3,Pass
3.5,68.4,64.3,49.4,56.1,48.1,56.6,33.4,Fail
10.8,70.0,58.7,62.9,54.0,52.1,58.1,66.8,Pass
16.1,73.7,78.8,69.8,81.6,82.8,77.2,74.3,Pass
2.9,64.6,51.6,45.1,46.6,44.8,47.6,34.5,Fail
3.5,76.3,30.0,34.8,41.5,33.5,36.0,45.6,Fail
2.5,62.8,50.5,22.9,57.6,26.4,45.1,33.1,Fail
5.8,71.8,53.2,44.3,48.4,62.2,48.6,45.3,Pass
8.3,70.9,55.8,54.9,61.2,63.1,57.7,58.1,Pass
9.9,88.1,65.2,66.5,60.3,72.2,63.6,67.8,Pass
7.8,68.3,60.8,50.1,50.9,56.9,53.6,67.4,Pass
9.7,76.5,44.1,47.4,69.4,68.4,55.2,69.8,Pass
6.4,61.9,51.6,56.3,50.4,56.6,52.5,54.5,Pass
4.5,56.4,49.4,35.8,57.5,34.5,48.6,28.9,Fail
3.5,64.1,63.5,42.2,47.2,40.5,50.6,30.2,Fail
6.0,76.6,44.2,51.9,52.2,49.2,49.7,42.1,Fail
3.6,69.4,51.6,40.9,44.7,49.1,45.6,54.5,Fail
8.2,53.1,48.5,28.8,49.5,50.8,43.0,46.1,Fail
3.6,70.2,52.1,34.4,54.7,54.9,47.8,40.3,Fail
4.9,53.6,52.8,43.4,48.4,45.2,48.2,28.9,Fail
12.1,81.2,62.7,76.1,68.4,72.6,69.0,60.1,Pass
12.7,79.6,84.9,68.9,79.3,79.9,77.9,74.7,Pass
12.5,73.8,77.7,65.3,75.1,77.4,72.9,80.8,Pass
6.5,73.6,61.4,29.8,56.0,62.3,49.8,52.2,Pass
4.7,63.5,45.6,50.7,60.0,47.7,52.9,42.2,Fail
8.9,71.9,54.9,60.9,50.0,78.4,54.7,77.2,Pass
3.7,52.9,46.8,41.5,47.4,47.6,45.4,38.2,Fail
10.2,70.2,58.3,57.4,62.3,81.2,59.6,67.2,Pass
4.4,72.7,46.4,47.4,55.2,48.3,50.2,51.2,Pass
5.8,56.3,63.8,52.9,52.6,67.1,56.0,57.1,Pass
10.3,78.9,68.7,56.9,69.4,71.5,65.4,61.0,Pass
1.7,45.9,43.8,33.6,25.9,22.2,33.6,21.4,Fail
4.5,55.9,60.8,36.1,50.6,33.1,49.3,38.6,Fail
8.3,67.4,57.5,50.3,66.1,53.3,58.8,54.5,Pass
9.3,72.4,55.3,54.6,57.5,57.7,56.0,69.9,Pass
8.5,65.6,48.1,55.6,64.2,59.6,56.8,53.0,Pass
5.8,62.2,61.1,38.8,50.8,62.9,50.3,55.3,Pass
10.9,81.9,63.4,58.4,64.6,70.6,62.4,70.7,Pass
3.4,73.6,25.2,43.9,43.0,35.9,37.9,39.7,Fail
3.3,60.6,23.5,36.2,35.5,44.0,32.1,32.1,Fail
8.2,66.7,44.6,51.1,57.0,52.0,51.5,51.4,Pass
3.2,61.5,41.8,26.7,41.1,36.0,37.0,34.1,Fail
16.4,97.4,80.2,80.4,81.9,86.6,80.9,98.7,Pass
4.6,65.7,53.1,36.1,46.2,41.5,45.2,37.6,Fail
10.8,85.5,58.2,47.7,71.1,55.8,60.2,62.0,Pass
2.8,69.2,48.1,41.1,39.2,42.7,42.4,36.8,Fail
14.5,76.6,79.1,69.1,80.1,91.8,76.5,96.7,Pass
6.7,62.9,51.1,49.4,57.1,57.8,53.0,56.1,Pass
4.5,71.6,46.8,46.9,55.2,36.7,50.2,43.7,Fail
5.5,60.3,42.2,46.0,42.5,23.7,43.5,35.9,Fail
4.1,61.8,55.9,52.7,51.0,47.0,53.0,36.7,Fail
5.8,72.2,42.3,53.3,62.6,56.7,53.7,57.6,Pass
2.9,61.6,56.9,45.2,38.8,45.4,46.2,33.8,Fail
4.6,62.4,47.7,45.9,50.4,45.8,48.2,56.0,Pass
10.7,70.4,54.2,63.9,55.7,54.9,57.7,60.8,Pass
7.6,63.6,61.0,43.8,55.0,67.4,53.4,60.9,Pass
3.4,67.7,51.2,45.2,48.9,42.2,48.5,37.9,Fail
5.9,67.4,55.3,55.3,49.7,45.8,53.1,66.2,Pass
12.8,64.5,70.6,57.4,62.7,71.5,63.5,60.9,Pass
5.0,62.1,49.9,53.9,51.9,42.0,51.9,37.7,Fail
3.2,60.9,48.3,34.2,39.2,29.5,40.4,24.6,Fail
9.2,68.0,69.7,56.5,66.0,54.7,64.3,45.8,Pass
1.2,66.2,43.9,25.1,55.8,37.6,43.0,33.7,Fail
5.6,61.1,56.1,49.8,42.9,59.1,48.9,44.6,Fail
13.4,97.7,58.5,79.9,67.8,64.6,68.6,70.5,Pass
5.8,78.0,57.6,47.0,46.9,56.4,50.1,47.6,Pass
11.3,84.6,88.2,49.0,70.6,76.1,69.4,70.7,Pass
3.1,55.5,28.6,36.0,47.5,41.7,38.4,23.7,Fail
5.7,50.6,62.6,32.2,56.5,48.4,51.0,33.4,Fail
5.4,63.8,55.7,43.7,55.2,59.7,51.9,37.8,Fail
8.9,73.0,46.1,60.4,61.2,68.7,56.4,61.2,Pass
6.9,67.0,54.2,51.2,64.6,48.9,57.5,48.7,Pass
14.5,73.2,74.2,51.2,70.8,81.9,65.9,78.1,Pass
4.8,51.8,52.4,35.6,51.0,42.6,46.8,42.7,Fail
6.9,62.9,49.2,47.8,67.6,58.0,56.1,53.3,Pass
5.5,64.7,56.0,55.7,61.3,37.5,58.0,27.8,Fail
6.6,64.0,63.5,44.2,47.8,48.5,51.4,45.8,Fail
6.2,63.4,58.5,49.0,49.9,54.9,52.2,49.5,Pass
3.7,58.1,54.4,39.2,61.5,39.5,52.7,27.9,Fail
10.3,85.6,62.7,53.8,64.6,71.6,60.8,55.2,Pass
4.3,70.8,55.3,38.1,63.5,57.9,53.4,51.6,Pass
4.1,72.6,68.4,40.4,51.4,43.6,53.2,33.6,Fail
2.1,64.7,35.0,47.2,42.0,47.3,41.5,43.0,Fail
4.7,55.0,49.3,32.1,40.9,32.2,40.8,35.7,Fail
4.3,71.1,41.0,40.6,45.0,53.0,42.5,41.8,Fail
1.4,72.5,54.6,30.8,46.1,23.6,44.1,32.4,Fail
5.8,78.9,39.5,59.2,56.3,55.9,52.1,50.8,Pass
14.1,81.9,68.2,69.9,72.4,78.3,70.4,76.3,Pass
2.4,62.9,62.1,48.3,52.4,55.2,54.1,32.5,Fail
6.5,67.8,49.4,22.3,51.6,44.4,42.2,57.4,Fail
5.7,71.0,52.2,53.6,39.9,32.9,47.7,32.3,Fail
9.6,58.4,66.7,42.6,58.4,60.5,56.2,65.8,Pass
10.0,77.1,62.0,51.0,62.1,54.1,58.7,46.8,Pass
19.9,80.0,67.5,77.1,95.4,92.0,81.5,98.5,Pass
7.7,86.9,52.9,53.5,69.1,54.7,59.6,61.1,Pass
3.9,62.3,57.0,39.0,56.2,40.5,51.3,38.4,Fail
4.6,67.1,61.1,35.5,57.5,25.9,52.0,40.2,Fail
4.9,67.0,33.8,41.6,52.1,30.9,43.5,46.6,Fail
4.4,59.7,39.1,38.7,49.7,46.2,43.2,45.1,Fail
16.0,82.9,71.5,56.1,85.9,79.2,72.6,95.4,Pass
9.7,74.4,58.7,58.0,67.6,52.1,62.0,73.7,Pass
2.0,70.6,37.7,37.2,41.7,34.9,39.2,44.7,Fail
8.8,76.3,61.3,55.2,53.0,64.8,56.2,64.9,Pass
3.2,65.3,41.4,33.9,33.4,38.5,36.0,32.7,Fail
9.9,65.3,56.0,53.3,54.9,63.6,54.8,62.4,Pass
12.3,68.4,56.1,39.6,60.9,57.3,53.1,68.3,Pass
5.8,80.2,61.9,43.0,58.1,57.8,54.7,41.4,Pass
4.6,66.2,38.0,37.6,48.0,43.0,41.9,39.8,Fail
14.7,94.3,80.7,70.5,94.0,85.5,83.0,75.0,Pass
4.2,58.5,54.0,38.6,52.1,44.5,48.6,35.0,Fail
3.9,82.2,68.4,52.7,51.7,46.0,57.0,45.2,Pass
3.5,56.7,48.0,26.9,55.1,35.3,44.5,32.7,Fail
6.3,64.1,53.6,51.4,52.0,48.8,52.3,41.6,Fail
7.7,72.8,43.7,68.2,61.2,64.1,58.0,59.3,Pass
11.4,81.7,79.1,56.1,75.2,84.2,70.6,72.3,Pass
9.1,76.3,62.2,60.7,63.9,54.6,62.4,56.7,Pass
9.0,55.5,57.1,61.6,66.3,64.0,62.1,56.6,Pass
13.3,71.4,71.2,74.8,67.0,69.8,70.6,73.5,Pass
3.4,54.9,44.2,33.6,45.1,37.4,41.4,21.2,Fail
2.3,51.7,40.2,42.7,34.4,38.1,38.6,31.6,Fail
9.3,71.0,57.0,60.9,64.0,56.6,61.0,69.7,Pass
6.2,50.5,53.4,52.1,52.2,42.6,52.5,21.1,Fail
11.4,81.7,55.3,66.7,68.9,86.5,64.2,70.8,Pass
6.5,73.8,43.0,58.3,55.8,55.0,52.7,51.3,Pass
4.5,78.4,45.7,42.5,52.3,53.5,47.4,36.8,Fail
9.4,62.7,67.6,47.2,63.5,73.4,59.8,49.1,Pass
7.0,60.7,55.8,26.0,58.5,64.4,47.9,49.2,Pass
6.5,76.2,50.8,44.5,48.7,52.0,48.1,44.9,Fail
21.9,95.3,86.0,84.2,94.0,94.8,88.7,100.0,Pass
12.8,86.1,70.8,48.5,72.0,63.0,64.6,64.7,Pass
10.1,81.4,67.8,58.0,72.4,54.9,66.7,63.7,Pass
7.1,70.3,66.2,57.8,67.3,50.8,64.1,51.5,Pass
6.8,64.5,69.4,37.9,60.0,40.2,56.2,50.1,Pass
5.5,72.5,51.7,62.1,55.4,51.1,56.3,43.6,Pass
7.6,65.6,72.5,51.5,53.9,47.4,58.8,47.7,Pass
4.9,66.7,50.4,50.1,64.4,44.2,55.9,50.5,Pass
2.9,60.4,46.3,36.0,38.8,38.1,40.2,44.3,Fail
6.5,69.9,61.8,38.8,48.2,48.2,49.5,60.8,Pass
7.9,79.4,68.6,57.1,68.4,49.8,65.1,43.8,Pass
11.4,70.9,76.7,64.6,64.7,69.4,68.3,59.1,Pass
3.9,60.7,35.7,37.2,50.9,52.8,42.2,44.3,Fail
6.8,67.3,54.8,49.1,65.7,63.0,57.4,50.1,Pass
9.0,61.4,66.5,50.1,57.7,63.6,58.1,40.7,Pass
8.9,76.0,52.1,47.7,64.8,57.4,55.9,60.4,Pass
15.6,79.7,60.1,72.2,72.9,74.4,68.8,72.2,Pass
5.6,66.4,39.2,37.6,51.4,54.0,43.6,46.9,Fail
3.7,67.1,46.6,46.8,47.9,47.0,47.2,42.1,Fail
7.1,56.7,67.4,65.7,61.6,57.7,64.6,46.8,Pass
5.7,78.0,42.7,56.9,51.2,70.0,50.4,52.0,Pass
5.1,62.0,39.5,40.1,44.0,45.2,41.5,47.1,Fail
4.7,62.6,44.2,44.1,47.5,38.1,45.5,24.5,Fail
7.9,76.4,50.8,61.7,64.4,54.1,59.5,43.5,Pass
4.3,70.0,40.2,41.1,44.2,47.1,42.1,21.4,Fail
10.1,88.1,50.3,64.3,58.9,63.0,57.9,58.5,Pass
9.8,64.0,54.6,59.0,68.3,66.3,61.4,73.0,Pass
8.4,62.6,71.3,51.5,44.0,61.2,54.4,46.2,Pass
3.4,54.5,47.6,37.8,35.5,50.2,39.8,39.5,Fail
7.7,70.3,65.9,59.0,75.0,67.9,67.5,56.5,Pass
11.8,72.0,60.4,74.6,54.6,45.8,62.3,50.8,Pass
10.5,67.0,54.4,54.0,59.1,54.7,56.2,52.9,Pass
9.7,71.1,64.9,65.3,59.0,63.1,62.7,44.0,Pass
6.7,59.8,52.0,31.3,36.7,37.7,39.7,46.0,Fail
6.6,80.3,56.8,54.0,52.5,55.5,54.2,63.5,Pass
12.9,69.9,80.2,41.2,73.1,60.4,65.7,56.0,Pass
7.9,64.9,48.8,41.6,61.3,49.7,51.6,51.6,Pass
7.9,50.4,43.4,35.7,58.6,63.5,47.2,61.8,Pass
25.0,76.8,99.9,100.0,95.4,100.0,98.1,100.0,Pass
5.5,61.9,55.3,40.0,38.8,46.6,44.1,48.8,Fail
1.3,59.1,32.0,32.2,40.2,26.3,35.3,38.1,Fail
6.0,73.0,54.5,44.5,65.5,54.5,55.9,37.7,Fail
6.2,55.5,34.7,29.5,58.7,25.9,42.7,30.9,Fail
7.8,73.0,59.9,53.0,66.8,62.8,60.6,54.9,Pass
8.9,75.7,56.8,54.2,52.7,65.6,54.4,65.3,Pass
1.5,67.2,41.2,27.8,42.7,26.3,37.8,35.1,Fail
9.0,79.1,52.6,67.0,64.4,75.1,61.6,64.0,Pass
6.4,58.4,59.9,55.8,55.8,43.9,57.0,47.8,Pass
5.7,71.2,54.9,34.0,42.4,40.9,43.6,46.2,Fail
2.0,76.5,54.9,32.3,64.2,42.9,51.8,21.7,Fail
14.4,88.5,74.5,73.0,87.9,68.2,79.4,69.8,Pass
5.1,81.3,64.1,42.4,58.2,43.8,55.2,27.1,Fail
9.7,73.6,46.5,52.8,62.4,64.9,54.8,58.1,Pass
3.9,59.9,45.8,29.4,43.4,36.8,39.9,35.2,Fail
8.0,49.4,60.4,35.9,61.9,61.3,53.6,52.8,Pass
5.7,56.9,32.6,37.1,39.1,31.2,36.6,33.6,Fail
9.6,67.3,60.4,54.1,62.3,60.6,59.3,61.0,Pass
5.6,64.0,55.0,45.1,46.7,56.9,48.7,47.4,Fail
3.8,58.2,42.0,30.6,45.5,47.3,40.0,32.9,Fail
6.6,70.6,62.3,36.8,65.6,45.3,56.0,35.7,Fail
6.4,69.2,61.6,35.2,52.0,66.9,49.8,47.4,Pass
7.7,69.6,51.3,58.2,58.7,39.3,56.3,49.1,Pass
11.2,79.7,63.2,78.7,67.7,69.6,69.6,66.3,Pass
3.2,60.1,35.1,40.9,38.9,48.5,38.4,39.9,Fail
10.9,81.8,68.9,36.3,65.2,76.5,57.6,70.7,Pass
2.9,53.8,43.6,39.9,38.7,29.3,40.5,39.4,Fail
9.4,68.9,59.5,63.6,48.9,61.9,56.5,53.1,Pass
9.5,73.9,62.0,48.5,62.5,68.0,58.2,67.9,Pass
4.9,50.5,38.1,46.3,45.2,40.5,43.4,52.4,Fail
4.0,60.8,34.8,48.6,35.0,32.4,39.0,22.7,Fail
3.9,70.4,52.5,52.8,47.8,30.7,50.7,37.8,Fail
7.0,65.0,51.9,41.4,53.3,45.3,49.3,42.5,Fail
9.9,57.3,48.7,51.8,63.0,52.2,55.4,48.0,Pass
6.1,60.2,44.5,45.1,62.8,41.0,52.0,59.6,Pass
1.1,50.6,44.7,41.9,41.6,48.9,42.6,36.6,Fail
4.7,69.6,57.2,39.1,43.3,51.6,46.2,41.3,Fail
4.6,66.5,54.5,50.2,44.9,43.9,49.4,49.1,Fail
8.8,58.1,54.7,51.3,57.0,52.6,54.6,59.5,Pass
9.1,57.8,50.1,58.1,53.1,54.5,53.7,54.2,Pass
7.3,63.0,64.1,53.6,56.4,57.9,57.9,52.6,Pass
10.9,73.3,61.2,51.4,71.6,54.7,62.4,59.1,Pass
11.3,68.2,65.2,59.3,64.4,56.0,63.1,59.5,Pass
4.9,68.7,43.6,36.7,68.1,46.3,51.3,36.1,Fail
3.8,67.1,45.8,39.9,37.8,18.8,40.8,26.0,Fail
6.4,71.9,33.0,62.8,56.8,46.6,51.5,46.6,Fail
7.3,57.5,46.8,41.6,40.7,57.7,42.8,47.7,Fail
4.8,63.6,36.5,36.0,42.2,51.8,38.6,37.9,Fail
25.0,98.6,100.0,93.0,100.0,96.9,97.9,100.0,Pass
13.9,71.3,64.4,69.5,56.6,72.1,62.8,76.4,Pass
4.5,58.9,44.3,45.6,49.5,31.6,46.8,32.8,Fail
3.3,60.1,61.7,40.5,39.5,33.5,46.5,42.2,Fail
4.3,61.1,38.8,32.6,46.4,36.7,40.0,34.0,Fail
11.4,74.7,66.2,56.5,63.5,72.5,62.2,63.6,Pass
11.6,69.3,65.7,70.5,66.6,75.3,67.5,60.4,Pass
14.0,60.6,58.6,47.3,70.0,63.3,59.8,67.0,Pass
3.8,74.0,58.6,44.2,60.2,32.5,54.9,42.1,Fail
8.8,74.6,73.2,51.0,65.2,43.2,63.3,56.6,Pass
4.0,66.0,57.4,44.5,54.9,54.4,52.5,46.1,Pass
15.6,78.0,67.0,70.0,76.1,76.8,71.5,81.1,Pass
3.8,62.0,40.6,25.3,37.1,38.7,34.6,33.5,Fail
2.8,57.0,26.5,40.7,33.1,27.8,33.4,42.8,Fail
3.2,48.8,39.6,25.5,51.8,43.4,40.2,54.9,Fail
6.6,80.9,56.6,39.1,51.1,60.1,49.2,52.7,Pass
9.8,71.9,67.4,55.0,65.7,57.6,63.0,58.6,Pass
9.4,58.4,70.4,46.6,61.2,47.2,59.6,37.1,Fail
3.3,55.8,33.3,29.0,43.5,39.5,36.1,35.0,Fail
5.3,68.8,52.3,40.4,60.2,31.2,51.9,32.6,Fail
4.8,68.0,48.2,36.0,46.8,50.3,44.0,53.8,Fail
3.0,57.6,42.1,49.9,42.5,37.0,44.6,44.4,Fail
4.8,57.1,59.2,42.7,47.3,45.0,49.5,30.2,Fail
13.7,71.9,69.7,61.7,55.8,71.6,61.7,68.6,Pass
2.7,47.8,44.1,39.7,35.5,42.6,39.3,34.7,Fail
7.6,65.3,58.6,46.3,64.5,61.4,57.3,65.7,Pass
13.8,72.8,71.2,61.2,86.5,81.8,74.3,85.8,Pass
13.5,88.4,67.4,75.2,82.6,78.7,75.8,87.1,Pass
16.0,75.6,89.7,62.9,82.7,78.2,78.9,79.2,Pass
8.0,71.6,57.2,41.3,49.8,49.5,49.5,62.0,Pass
8.7,83.2,66.6,60.8,66.9,57.5,65.0,44.0,Pass
4.8,57.2,48.8,41.3,48.8,46.4,46.6,45.3,Fail
2.7,58.2,26.0,36.9,57.6,38.0,41.9,33.7,Fail
6.1,63.0,42.8,41.0,39.1,59.2,40.8,62.3,Pass
12.2,61.2,63.7,62.5,56.1,63.0,60.3,59.7,Pass
1.1,59.2,33.2,19.9,48.2,19.5,35.2,29.4,Fail
5.0,75.3,55.8,27.4,65.8,49.1,51.3,61.6,Pass
9.1,77.7,54.2,50.9,65.1,69.5,57.6,61.2,Pass
6.7,77.5,56.8,54.8,56.3,60.1,56.0,56.5,Pass
13.1,70.6,53.7,72.7,71.8,75.4,66.6,71.8,Pass
11.5,64.8,69.1,61.4,80.7,73.4,71.4,61.8,Pass
2.4,80.9,52.7,32.2,47.0,45.4,44.3,34.7,Fail
7.0,70.1,59.0,39.7,60.7,37.7,53.9,48.9,Fail
4.1,52.0,43.1,47.9,43.0,48.2,44.5,34.9,Fail
4.1,85.4,48.2,53.5,57.8,53.7,53.6,47.5,Pass
2.6,62.4,56.5,41.3,52.3,38.2,50.3,27.6,Fail
7.7,45.7,62.4,51.7,47.8,37.1,53.4,50.9,Fail
13.2,87.5,72.1,67.4,82.7,68.8,74.9,78.4,Pass
8.1,51.2,47.0,43.7,48.5,33.4,46.6,34.2,Fail
2.5,65.3,30.8,35.4,47.7,34.5,38.9,29.2,Fail
6.5,74.5,57.2,53.7,44.0,48.5,50.9,43.1,Fail
8.9,76.1,55.3,55.7,67.5,59.5,60.3,55.9,Pass
6.2,79.9,52.5,30.9,51.8,66.6,45.7,60.7,Pass
8.0,77.7,67.0,60.0,59.3,67.9,61.8,53.4,Pass
4.3,80.0,44.9,49.7,37.7,50.0,43.5,39.7,Fail
5.7,66.1,66.6,47.0,53.5,42.0,55.5,40.3,Fail
5.5,63.3,41.9,55.6,59.5,37.9,53.0,43.8,Fail
14.5,74.6,55.0,58.3,60.8,84.1,58.3,62.7,Pass
3.3,74.9,43.8,31.4,51.3,32.3,43.1,38.1,Fail
1.3,56.4,42.4,36.5,26.3,23.3,34.2,7.3,Fail
14.0,83.6,74.2,59.9,75.4,99.2,70.4,84.3,Pass
7.2,61.8,54.4,61.3,60.7,50.9,59.0,43.8,Pass
2.9,56.7,40.6,29.3,42.6,55.9,38.0,26.0,Fail
11.0,82.7,62.8,53.4,74.5,64.5,64.7,72.9,Pass
9.2,74.5,50.8,50.2,58.0,71.6,53.5,58.7,Pass
15.8,61.7,71.1,62.5,90.7,76.7,76.4,67.6,Pass
7.5,62.2,62.1,43.7,64.2,45.5,57.4,50.0,Pass
22.0,65.8,83.9,77.5,88.4,84.5,83.8,100.0,Pass
6.2,64.4,45.6,41.5,64.3,28.9,51.8,29.2,Fail
9.3,69.0,60.5,38.7,71.3,48.8,58.3,61.7,Pass
10.0,68.2,72.2,58.6,60.5,67.5,63.4,49.3,Pass
25.0,99.7,98.3,91.0,100.0,100.0,96.8,96.1,Pass
5.1,69.4,41.1,42.2,49.1,42.6,44.6,39.4,Fail
5.0,85.7,57.5,36.5,64.8,50.8,54.1,46.5,Pass
10.1,76.4,67.8,42.6,77.3,71.0,64.0,72.7,Pass
2.7,67.7,52.6,37.0,37.7,28.3,42.0,27.3,Fail
4.1,67.1,53.9,54.8,51.4,48.9,53.2,41.2,Fail
6.1,65.2,53.1,58.4,63.7,37.1,58.9,36.8,Fail
15.6,73.5,66.6,59.5,80.4,51.9,70.0,87.2,Pass
10.1,70.2,53.4,48.1,65.2,55.5,56.5,54.8,Pass
7.0,66.9,51.4,48.7,62.9,48.0,55.2,43.2,Fail
4.8,65.0,54.0,17.8,41.9,40.3,38.3,37.4,Fail
19.0,87.9,79.2,73.5,91.4,90.2,82.4,91.5,Pass
6.4,70.1,49.9,48.6,63.7,56.6,55.0,34.2,Fail
4.1,60.8,39.4,37.2,50.5,35.5,43.2,28.5,Fail
21.0,79.3,98.3,63.9,82.8,80.6,81.8,83.0,Pass
2.8,65.2,43.4,21.0,43.5,48.3,36.7,32.2,Fail
13.4,68.7,72.8,48.8,70.7,80.3,64.8,87.2,Pass
6.7,64.6,65.4,45.2,50.5,52.4,53.4,31.1,Fail
10.1,67.9,53.0,46.7,55.2,64.3,52.0,50.3,Pass
9.1,90.3,71.4,71.6,72.6,75.9,71.9,70.2,Pass
10.0,61.8,57.8,40.4,71.7,66.6,58.1,53.9,Pass
22.0,80.1,99.3,94.5,80.3,87.5,90.3,100.0,Pass
20.2,79.8,78.0,68.6,83.6,89.1,77.4,100.0,Pass
4.2,61.4,48.5,62.2,43.2,30.1,50.5,19.6,Fail
8.9,78.7,66.5,60.2,75.1,64.3,68.0,49.2,Pass
1.9,60.2,36.4,14.3,47.0,39.6,34.0,47.1,Fail
10.7,62.2,58.4,65.0,71.4,49.5,65.6,59.9,Pass
12.1,86.0,68.9,59.0,79.1,77.8,70.0,61.7,Pass
1.3,63.7,50.5,42.1,52.3,45.1,48.7,26.1,Fail
6.6,71.3,72.3,47.2,61.1,66.0,60.3,59.6,Pass
10.1,77.3,76.0,53.3,71.1,62.3,67.2,60.9,Pass
8.2,60.0,65.9,45.8,61.3,57.3,58.0,54.8,Pass
2.8,63.3,11.1,26.4,40.9,50.5,27.6,33.8,Fail
3.1,70.3,48.4,35.4,49.0,31.7,44.7,30.1,Fail
6.1,62.2,51.4,32.3,55.7,45.9,47.4,53.1,Fail
5.1,68.6,57.2,39.1,56.5,35.6,51.5,45.9,Fail
5.4,70.8,40.5,46.3,53.5,49.8,47.4,33.4,Fail
2.6,51.4,46.4,43.1,43.3,34.2,44.2,26.9,Fail
6.8,59.9,34.9,58.3,55.4,45.0,50.1,52.6,Pass
15.6,60.4,77.5,64.3,71.9,79.1,71.3,54.9,Pass
2.9,65.3,32.2,27.6,36.1,32.7,32.4,15.2,Fail
5.8,82.0,66.0,47.8,61.4,50.3,58.7,61.8,Pass
9.5,65.9,68.2,50.9,55.8,68.7,58.0,60.7,Pass
2.1,61.0,39.8,46.7,50.3,56.4,46.1,37.5,Fail
6.8,76.3,60.0,56.9,55.0,68.5,57.1,61.9,Pass
11.9,76.4,66.7,62.4,65.8,71.3,65.1,52.9,Pass
3.4,56.3,31.9,50.2,45.7,47.0,42.9,39.1,Fail
7.2,80.9,63.2,46.5,61.6,59.6,57.6,62.8,Pass
11.4,75.3,74.9,64.5,77.6,49.3,72.9,56.3,Pass
21.4,83.8,85.4,78.5,90.0,81.9,85.2,100.0,Pass
7.0,67.2,59.3,43.0,54.6,49.4,52.5,62.5,Pass
4.2,69.8,42.3,23.1,44.5,61.0,37.4,57.2,Pass
1.7,57.1,47.9,33.9,34.1,24.0,38.2,28.7,Fail
4.2,77.6,51.8,44.8,49.9,54.8,48.9,44.6,Fail
2.4,72.9,46.6,37.3,51.1,30.4,45.6,28.3,Fail
16.3,79.6,80.2,74.8,89.2,90.3,82.2,85.5,Pass
11.0,73.7,76.3,66.6,74.3,71.3,72.6,74.4,Pass
3.1,57.0,47.5,35.9,40.8,27.1,41.3,19.5,Fail
4.0,59.7,37.3,44.2,46.8,43.4,43.2,40.1,Fail
6.9,59.2,45.8,48.3,52.2,55.7,49.1,55.4,Pass
11.8,72.5,64.8,68.8,75.8,70.2,70.4,60.9,Pass
8.9,71.2,63.1,57.2,71.1,70.1,64.5,60.2,Pass
8.4,57.4,44.7,64.2,40.4,61.1,48.8,60.9,Pass
7.5,74.5,60.1,52.5,69.6,73.0,61.6,63.2,Pass
3.2,56.9,50.6,27.8,34.4,52.1,37.3,35.2,Fail
7.0,71.7,51.5,59.7,58.7,59.5,56.8,45.2,Pass
6.5,74.3,71.1,53.6,45.0,61.3,55.4,43.3,Pass
2.4,73.3,40.8,42.9,54.5,40.4,46.9,35.1,Fail
16.1,88.1,80.2,58.6,80.1,86.3,73.7,89.1,Pass
4.5,78.7,35.9,58.0,56.8,56.7,50.9,46.4,Pass
2.5,69.5,43.3,46.9,44.8,36.9,45.0,27.7,Fail
5.0,67.3,49.0,45.7,58.3,61.0,51.7,52.1,Pass
5.7,63.1,46.9,17.7,39.6,41.5,35.2,41.1,Fail
6.4,66.7,46.9,42.7,57.8,53.0,50.0,41.0,Fail
5.6,79.8,51.0,64.5,59.6,52.8,58.5,39.1,Fail
6.6,66.3,58.2,50.4,58.1,64.7,55.8,50.4,Pass
7.3,68.7,39.9,37.3,58.3,40.2,46.5,43.0,Fail
7.1,80.3,43.4,45.7,66.3,44.9,53.2,46.1,Fail
8.4,68.2,53.3,46.9,65.5,50.8,56.3,64.8,Pass
8.7,64.1,55.7,60.3,48.4,53.6,54.2,56.6,Pass
8.8,79.6,55.2,40.7,63.8,60.4,54.3,60.2,Pass
10.1,65.5,60.4,63.1,64.4,49.7,62.8,51.2,Pass
4.2,68.3,53.9,48.4,50.7,48.1,51.0,45.3,Fail
4.3,67.0,56.5,61.4,52.4,35.3,56.3,33.4,Fail
11.8,76.7,77.2,64.9,74.2,70.2,72.3,83.4,Pass
5.1,46.8,33.6,26.8,48.6,50.2,37.6,53.5,Fail
6.2,73.7,48.3,46.6,59.5,60.0,52.3,40.9,Fail
5.8,66.5,44.5,35.5,58.1,44.9,47.2,36.7,Fail
20.9,90.0,96.9,87.0,100.0,92.5,95.2,100.0,Pass
3.8,68.6,43.1,56.2,47.4,68.8,48.8,46.3,Pass
3.7,67.0,50.0,32.2,48.3,48.8,44.0,43.9,Fail
6.6,64.7,41.3,54.1,57.4,57.2,51.6,46.5,Pass
5.9,64.0,45.9,38.4,51.7,56.9,46.0,25.9,Fail
3.0,63.2,37.8,23.4,42.7,43.9,35.4,27.4,Fail
6.3,68.9,58.7,60.5,52.6,57.5,56.8,52.6,Pass
6.7,64.6,42.8,48.0,57.3,54.1,50.2,48.7,Pass
4.8,73.3,65.9,48.3,58.7,51.8,57.7,42.7,Pass
6.1,64.7,53.3,52.4,66.4,47.4,58.3,45.0,Pass
4.0,57.0,39.3,22.7,38.0,38.7,33.8,26.6,Fail
3.0,68.4,49.3,36.3,41.3,55.4,42.2,30.7,Fail
5.1,81.2,48.1,31.7,56.2,58.0,46.4,33.6,Fail
3.4,54.7,34.7,31.4,37.2,30.7,34.7,32.5,Fail
2.6,62.1,49.4,46.6,33.3,48.2,42.1,45.0,Fail
1.6,70.4,55.3,40.2,44.3,38.6,46.4,40.0,Fail
7.6,73.7,60.4,44.6,75.0,49.0,61.5,59.4,Pass
5.0,71.0,41.5,44.0,68.9,52.0,53.2,29.4,Fail
11.9,74.5,59.6,58.5,71.5,60.4,64.0,61.0,Pass
5.3,45.1,56.4,40.7,38.7,32.8,44.6,39.3,Fail
7.6,71.2,62.9,43.9,54.0,66.4,53.6,56.7,Pass
4.4,68.3,40.3,40.7,50.1,34.7,44.3,34.4,Fail
6.5,76.8,50.3,49.9,53.8,56.2,51.6,57.8,Pass
1.6,55.9,41.5,36.3,42.0,42.4,40.1,46.6,Fail
5.1,79.6,52.9,48.1,56.3,44.2,52.8,30.9,Fail
3.8,62.1,62.9,24.1,41.3,50.6,42.6,52.7,Fail
11.2,69.6,57.4,45.7,64.3,69.2,56.6,62.5,Pass
7.3,63.0,58.3,52.4,59.0,83.5,56.8,61.4,Pass
10.3,80.7,67.2,55.5,65.2,67.0,62.9,62.8,Pass
12.6,66.4,51.8,55.3,72.0,84.0,60.9,64.0,Pass
4.8,70.8,31.7,41.0,50.0,36.7,41.8,40.8,Fail
7.1,62.1,49.8,43.9,53.0,43.9,49.3,50.0,Fail
3.2,63.5,48.8,22.0,47.6,49.5,40.3,34.3,Fail
8.2,57.6,66.4,63.0,53.2,49.3,60.1,32.9,Fail
8.9,77.0,54.6,52.8,65.2,56.7,58.3,58.0,Pass
7.9,68.3,60.1,49.6,52.7,72.4,54.0,68.3,Pass
4.8,70.2,48.3,43.8,68.7,53.8,55.1,44.6,Pass
16.9,78.8,91.3,80.5,97.0,89.1,90.3,82.3,Pass
6.7,72.3,54.8,54.0,56.4,56.7,55.2,57.7,Pass
25.0,89.6,93.4,91.7,100.0,100.0,95.5,100.0,Pass
3.2,69.8,48.7,31.6,53.2,26.6,45.4,29.0,Fail
9.4,75.6,63.0,65.7,68.2,64.5,65.9,59.1,Pass
11.4,75.2,76.5,59.4,74.3,61.0,70.5,60.7,Pass
3.2,56.6,43.4,41.5,49.5,48.6,45.3,36.8,Fail
5.7,63.3,53.8,33.6,57.2,40.5,49.1,44.3,Fail
2.4,56.7,28.6,40.3,35.1,32.3,34.7,39.8,Fail
12.9,86.9,62.6,52.3,76.8,61.5,65.2,51.8,Pass
6.3,73.8,51.7,43.7,51.0,58.2,49.0,47.1,Pass
3.8,64.9,47.9,40.8,52.2,56.1,47.5,54.1,Pass
11.5,69.3,57.7,73.3,71.7,59.0,68.0,59.3,Pass
6.6,61.6,53.9,50.8,56.1,44.3,53.8,53.8,Pass
10.6,73.7,59.1,69.7,70.3,74.8,66.8,68.1,Pass
8.6,85.1,76.3,59.3,69.0,62.6,68.3,70.6,Pass
3.5,64.2,44.6,28.8,60.2,43.0,46.1,40.1,Fail
4.7,75.3,55.4,34.2,57.2,52.7,49.8,55.0,Pass
3.9,66.9,46.1,47.2,42.6,42.5,45.0,41.4,Fail
3.0,68.1,45.7,29.6,44.3,37.7,40.3,44.2,Fail
2.0,58.6,46.0,20.2,46.1,26.4,38.3,41.6,Fail
18.8,81.0,83.0,67.8,94.8,79.0,83.2,93.5,Pass
7.8,62.7,50.2,50.2,58.2,36.4,53.4,52.7,Fail
8.5,72.6,61.5,44.7,62.9,59.0,57.0,51.2,Pass
12.2,72.7,64.9,71.3,60.7,70.9,65.1,68.8,Pass
4.7,68.5,54.6,46.3,65.5,51.1,56.5,33.6,Fail
2.6,55.2,50.9,36.2,34.6,44.7,40.0,39.0,Fail
10.1,75.8,70.9,59.7,55.7,66.0,61.5,69.3,Pass
2.9,64.8,36.7,43.0,41.9,28.5,40.7,22.3,Fail
9.9,73.0,37.5,60.6,64.5,56.5,55.2,72.6,Pass
2.3,65.9,62.4,29.2,45.5,29.5,45.7,27.4,Fail
2.7,61.3,48.0,47.6,41.1,31.2,45.1,39.2,Fail
4.4,95.7,60.5,54.3,54.9,60.2,56.4,48.3,Pass
9.7,75.4,56.3,51.6,75.9,62.6,62.7,58.7,Pass
15.7,79.7,58.9,76.4,78.4,72.8,72.0,56.4,Pass
8.5,76.1,43.8,40.7,66.0,64.7,51.8,58.7,Pass
4.5,61.2,44.7,47.9,62.6,42.5,52.8,30.8,Fail
11.1,68.9,64.1,59.2,79.4,57.7,68.8,67.3,Pass
2.2,69.0,58.6,17.8,42.2,41.7,39.8,28.8,Fail
3.6,71.4,50.6,58.8,52.2,58.7,53.7,39.6,Fail
7.0,77.9,62.7,38.1,65.9,49.0,56.6,49.9,Pass
10.3,61.0,54.6,58.1,60.8,51.4,58.1,63.0,Pass
5.9,66.1,48.0,57.2,47.9,54.3,50.7,48.7,Pass
5.5,69.2,40.0,20.9,33.0,48.2,31.5,41.9,Fail
5.7,72.6,43.4,47.8,63.0,46.9,52.6,49.8,Pass
12.1,78.7,57.9,69.3,82.0,65.4,71.0,70.3,Pass
4.0,58.0,42.5,48.3,51.1,43.6,47.7,34.7,Fail
3.4,68.2,33.9,50.5,46.5,33.5,43.9,16.8,Fail
5.6,69.3,45.5,53.0,48.8,46.4,49.1,55.4,Pass
13.1,78.3,69.4,60.4,73.4,66.0,68.3,65.2,Pass
4.3,56.4,26.3,42.7,53.0,33.7,41.9,41.2,Fail
5.7,59.4,61.1,60.5,56.1,50.4,58.9,49.0,Pass
2.2,77.1,61.8,50.5,36.1,60.4,48.1,32.1,Fail
5.8,74.8,62.3,40.5,68.4,37.1,58.2,38.3,Fail
7.6,68.6,58.9,58.5,62.8,63.2,60.3,41.8,Pass
2.9,63.1,47.3,49.4,38.7,42.0,44.5,24.5,Fail
12.1,92.3,76.1,56.8,80.0,38.1,71.9,58.3,Pass
7.6,69.5,56.7,48.9,59.5,51.5,55.5,54.7,Pass
4.8,64.8,50.5,39.2,52.1,76.2,47.8,63.2,Pass
7.6,62.8,40.8,55.7,46.6,35.0,47.6,43.5,Fail
8.8,68.7,59.1,47.8,58.5,68.1,55.5,49.9,Pass
1.8,48.7,42.2,25.5,27.9,35.4,31.5,29.3,Fail
7.8,73.5,60.4,60.4,68.7,49.5,63.7,50.9,Pass
12.8,85.4,80.4,53.7,69.7,77.5,68.1,73.7,Pass
4.0,75.0,62.3,44.2,61.9,50.8,56.7,44.8,Pass
4.8,60.1,43.4,34.0,52.5,42.9,44.2,56.9,Fail
5.3,48.0,35.9,48.5,41.6,39.7,42.0,42.9,Fail
10.3,75.1,73.2,50.9,61.8,59.8,62.0,49.0,Pass
3.2,74.4,54.0,41.0,52.6,47.1,49.5,40.9,Fail
8.6,57.5,49.9,26.8,62.8,56.1,48.1,40.6,Fail
5.4,63.5,48.1,42.8,56.7,55.7,50.0,50.6,Pass
16.1,82.2,74.4,69.4,83.8,80.4,76.7,82.7,Pass
5.6,60.0,51.4,43.0,49.6,49.5,48.2,34.1,Fail
1.1,47.5,47.9,41.0,44.1,19.5,44.3,19.2,Fail
9.5,65.5,51.5,57.7,48.7,43.6,52.2,51.3,Pass
8.3,65.4,58.6,53.2,60.1,51.8,57.6,66.8,Pass
7.4,53.8,53.0,38.1,52.5,38.0,48.3,30.8,Fail
12.6,83.7,54.4,82.9,62.4,74.8,66.2,73.8,Pass
2.0,74.8,66.5,21.6,48.6,43.3,45.9,37.5,Fail
3.6,64.6,48.3,28.3,60.0,42.0,47.0,35.2,Fail
6.5,73.6,64.3,40.8,62.4,47.8,56.5,45.2,Pass
7.1,56.7,38.3,46.5,57.1,41.8,48.3,36.4,Fail
5.9,65.9,67.0,44.8,52.3,55.4,54.5,50.9,Pass
2.2,58.0,39.0,27.5,30.5,45.4,32.2,31.1,Fail
4.9,69.2,32.1,44.7,59.9,47.6,47.0,38.7,Fail
15.5,57.0,56.7,73.8,63.4,66.3,64.5,79.0,Pass
3.1,61.3,34.8,37.6,41.9,46.7,38.5,43.6,Fail
6.4,72.7,48.4,35.9,46.1,40.2,43.7,54.2,Fail
8.6,72.2,48.5,51.0,69.2,48.7,57.5,48.4,Pass
10.2,78.5,70.4,49.7,69.8,69.8,64.0,77.9,Pass
9.5,66.6,60.4,40.0,60.2,43.3,54.2,44.0,Fail
4.6,42.9,46.2,36.2,47.4,26.5,43.7,27.0,Fail
3.6,73.1,52.6,33.1,48.7,55.1,45.2,28.1,Fail
16.2,85.5,76.1,69.0,77.0,68.3,74.3,68.2,Pass
10.7,85.4,54.5,63.7,59.8,65.8,59.4,75.7,Pass
6.8,68.8,42.1,50.0,45.0,68.4,45.6,47.5,Pass
13.8,79.9,59.8,76.2,80.3,81.4,72.9,80.5,Pass
2.2,81.3,40.1,24.7,58.2,33.1,42.7,19.7,Fail
2.6,48.3,53.2,31.0,30.3,37.3,37.4,30.3,Fail
1.1,64.9,29.7,42.8,40.5,40.3,38.0,7.7,Fail
7.1,78.3,69.5,35.1,62.4,44.8,56.3,42.3,Fail
7.3,70.5,47.3,47.1,51.8,58.8,49.0,57.0,Pass
2.4,63.4,33.0,37.9,37.6,50.7,36.3,44.9,Fail
10.5,60.7,62.6,43.4,62.2,73.0,56.7,67.8,Pass
1.5,73.5,55.2,30.6,43.2,42.9,43.0,49.7,Fail
8.0,78.2,46.5,41.4,60.1,64.9,50.4,55.6,Pass
9.1,81.2,61.8,57.8,57.4,54.8,58.8,59.9,Pass
7.0,68.2,64.0,25.0,53.6,66.0,48.1,54.9,Pass
2.2,60.1,49.7,28.0,42.5,28.4,40.3,38.1,Fail
12.6,75.1,55.4,55.0,66.2,63.4,59.6,70.7,Pass
4.7,79.2,51.5,53.3,63.0,47.1,56.6,45.0,Pass
4.7,63.6,35.6,27.2,44.0,38.8,36.4,53.5,Fail
4.2,76.9,54.5,55.1,60.4,38.6,57.0,33.2,Fail
9.7,70.5,61.9,60.7,42.1,58.9,53.6,64.6,Pass
4.6,58.7,51.3,49.2,48.6,57.8,49.6,44.9,Fail
2.9,46.9,32.2,29.3,24.5,28.6,28.2,15.2,Fail
11.2,78.0,60.2,55.4,76.2,61.7,65.2,63.4,Pass
6.3,73.7,62.6,40.2,72.0,64.6,59.6,60.0,Pass
11.4,64.5,70.4,61.4,65.2,46.1,65.6,56.7,Pass
6.6,79.7,70.5,46.3,73.4,62.4,64.4,44.6,Pass
4.0,53.7,55.5,30.0,41.1,37.2,42.1,35.3,Fail
1.7,67.7,30.5,32.5,49.8,42.2,38.8,15.9,Fail
7.1,74.6,66.4,52.6,66.0,58.1,62.1,59.5,Pass
5.4,75.1,53.1,34.3,54.1,62.0,47.9,40.5,Fail
9.9,56.1,62.4,42.2,58.9,45.6,54.9,57.9,Pass
4.5,73.9,48.5,55.5,54.9,36.9,53.2,40.9,Fail
8.2,68.7,49.7,42.1,59.3,58.6,51.3,38.5,Fail
6.4,65.0,50.0,58.4,55.9,41.2,54.9,41.9,Fail
3.8,71.2,49.5,36.4,65.6,51.8,52.0,39.9,Fail
4.7,73.3,53.7,31.5,67.5,50.8,52.6,37.6,Fail
2.5,47.1,46.9,44.6,46.6,37.9,46.1,37.2,Fail
16.8,69.8,66.2,85.1,90.6,75.4,81.6,63.8,Pass
8.1,79.3,51.0,47.4,53.4,58.5,50.9,46.5,Pass
2.4,66.7,31.8,46.8,49.9,38.6,43.5,32.5,Fail
16.3,81.0,75.1,72.0,85.9,97.5,78.5,100.0,Pass
3.1,55.8,35.9,37.2,39.8,35.7,37.8,41.9,Fail
4.4,68.8,46.8,44.7,65.7,40.1,53.7,35.5,Fail
5.6,76.5,54.3,46.6,67.5,60.8,57.3,45.0,Pass
6.5,86.3,44.6,51.8,63.0,48.8,54.1,60.7,Pass
9.7,68.8,55.6,53.6,56.5,76.7,55.4,71.8,Pass
1.4,68.7,46.3,30.1,34.3,22.8,36.6,25.0,Fail
6.6,82.8,58.6,43.8,53.3,71.8,52.0,65.0,Pass
5.4,54.9,44.3,30.3,59.3,43.1,46.1,49.6,Fail
7.2,83.0,59.0,34.6,59.8,52.7,52.0,47.9,Pass
5.3,68.0,48.8,42.8,60.3,63.6,51.6,52.1,Pass
4.8,66.4,41.5,34.6,52.3,43.0,43.8,27.1,Fail
6.0,62.9,41.5,29.2,36.7,37.5,35.9,45.6,Fail
15.8,76.0,95.9,61.4,78.8,77.9,78.7,81.8,Pass
4.9,59.9,52.8,36.0,43.0,49.5,43.8,39.4,Fail
12.2,67.0,73.2,53.6,73.9,65.3,67.6,57.3,Pass
7.0,72.0,60.4,60.9,64.5,52.6,62.2,41.4,Pass
6.8,77.1,67.9,43.9,59.3,51.7,57.3,61.5,Pass
7.2,60.3,57.1,58.9,65.4,57.2,61.0,60.0,Pass
8.6,64.8,39.8,43.4,63.5,44.8,50.4,71.2,Pass
5.1,68.2,44.0,47.6,48.2,52.0,46.8,35.5,Fail
11.8,65.2,65.1,48.3,69.4,77.6,61.8,70.6,Pass
8.6,72.3,60.6,67.4,55.7,72.7,60.7,56.8,Pass
2.7,61.1,44.8,47.2,42.6,53.1,44.6,29.2,Fail
1.1,48.2,27.7,36.2,39.9,23.0,35.1,26.0,Fail
15.6,82.5,71.5,87.7,79.0,97.6,79.4,100.0,Pass
7.4,64.4,56.1,55.2,46.1,52.0,51.8,51.1,Pass
2.5,71.2,46.7,42.2,50.8,45.5,47.0,42.4,Fail
4.9,64.3,55.3,29.7,49.2,44.6,45.2,53.8,Fail
10.7,67.1,52.9,34.1,56.7,54.5,48.8,55.6,Pass
5.8,66.7,55.5,32.8,46.1,49.2,44.9,39.6,Fail
6.1,77.3,50.8,32.6,55.4,58.8,47.2,62.0,Pass
9.6,86.3,62.2,50.5,69.3,70.1,61.5,61.0,Pass
7.8,74.1,57.4,60.5,58.3,61.4,58.7,69.1,Pass
8.9,66.0,43.7,41.5,59.5,48.9,49.4,55.0,Pass
9.6,71.8,61.8,49.9,61.3,59.2,58.0,60.2,Pass
4.1,64.1,57.5,40.6,54.4,45.9,51.2,45.5,Fail
4.3,64.0,38.1,41.3,46.6,29.7,42.5,30.5,Fail
3.7,62.4,61.0,33.4,38.1,46.7,43.6,36.0,Fail
4.5,57.7,41.1,50.0,38.2,47.4,42.6,33.2,Fail
6.0,75.0,59.2,47.2,53.5,65.1,53.3,45.4,Pass
6.2,74.3,44.1,48.8,63.9,48.8,53.4,40.2,Fail
13.6,76.5,87.4,86.3,68.9,75.0,79.7,77.5,Pass
7.6,79.2,50.5,67.2,62.8,59.4,60.4,54.5,Pass
6.0,71.9,55.2,46.3,58.5,57.4,53.8,49.6,Pass
3.2,54.9,38.6,40.7,34.5,34.6,37.6,25.2,Fail
5.3,63.5,49.3,34.2,49.1,56.9,44.7,57.4,Pass
16.2,91.3,80.7,54.7,84.7,81.3,74.5,97.2,Pass
16.1,76.4,72.5,75.7,75.8,82.8,74.8,81.5,Pass
5.3,60.8,43.4,32.3,53.3,38.3,44.0,40.1,Fail
1.9,68.1,43.9,41.3,49.1,28.9,45.2,38.7,Fail
4.9,63.6,48.3,61.0,51.6,46.4,53.4,52.4,Pass
13.7,80.9,74.3,48.5,81.5,65.7,69.4,78.2,Pass
6.0,66.9,55.9,24.4,54.2,38.3,45.8,50.2,Fail
9.6,65.1,65.2,44.1,62.4,57.6,57.8,48.7,Pass
6.4,62.1,55.9,51.9,55.5,37.8,54.5,36.4,Fail
2.3,49.3,40.4,43.6,32.3,32.0,38.1,44.7,Fail
6.5,59.0,48.6,51.3,55.8,49.3,52.3,46.4,Fail
10.4,77.5,51.8,59.8,60.4,74.9,57.6,66.6,Pass
4.4,74.9,52.5,43.6,51.8,46.6,49.6,53.8,Pass
10.2,67.4,69.4,55.4,67.8,64.8,64.6,56.1,Pass
6.8,57.2,44.6,54.9,54.2,38.2,51.5,46.5,Fail
9.9,81.0,58.8,51.2,56.0,52.9,55.4,73.9,Pass
7.8,78.7,69.7,52.2,53.2,66.1,57.8,53.5,Pass
3.4,69.9,60.8,29.6,44.2,36.1,44.8,24.9,Fail
5.4,54.9,40.6,43.8,48.7,35.5,44.8,30.5,Fail
5.3,70.5,72.2,44.4,65.7,39.7,61.3,38.2,Fail
4.3,69.6,52.8,65.1,48.2,45.1,54.6,35.0,Fail
7.5,76.2,65.2,37.2,54.5,61.1,52.5,58.2,Pass
17.8,82.6,77.6,83.2,76.9,67.9,79.0,82.4,Pass
11.8,68.2,66.1,53.4,69.7,89.0,63.7,87.9,Pass
12.7,72.0,70.4,68.4,77.5,70.8,72.6,69.4,Pass
4.1,74.3,43.3,49.3,58.3,39.6,51.1,42.4,Fail
12.8,78.4,82.3,60.2,69.2,70.0,70.4,71.5,Pass
15.1,67.7,70.2,55.9,62.4,64.9,62.8,78.3,Pass
4.0,78.5,47.5,33.9,53.5,48.5,45.8,36.8,Fail
8.4,79.3,51.3,54.3,72.0,53.0,60.5,51.7,Pass
8.5,83.5,66.5,48.1,68.3,62.4,61.7,69.4,Pass
5.6,75.8,56.0,44.2,46.7,46.8,48.7,51.6,Fail
7.1,61.1,44.7,34.7,52.3,54.8,44.7,58.0,Pass
8.7,73.1,60.5,57.0,54.6,74.9,57.1,59.5,Pass
5.8,71.8,57.0,37.7,57.8,43.4,51.5,56.5,Pass
11.5,63.0,58.7,52.3,63.1,62.4,58.5,58.2,Pass
2.7,53.9,44.6,46.3,40.8,43.5,43.6,30.2,Fail
5.2,72.2,52.1,45.8,49.4,60.2,49.1,48.4,Pass
9.7,78.2,61.1,62.7,68.1,67.4,64.4,74.0,Pass
16.8,99.1,75.7,68.1,94.7,81.8,81.0,82.2,Pass
11.9,72.2,67.1,61.7,79.5,56.7,70.4,52.9,Pass
7.1,55.1,34.1,48.3,52.3,51.5,45.6,58.3,Pass
6.0,66.0,63.3,36.0,64.0,54.4,55.4,42.4,Pass
5.4,73.2,62.3,45.7,48.9,54.7,52.0,56.8,Pass
5.4,63.6,41.7,39.0,47.7,52.3,43.3,39.9,Fail
1.7,62.9,30.8,36.9,34.8,25.3,34.2,25.7,Fail
16.4,74.5,84.5,57.8,76.1,74.0,73.1,93.0,Pass
6.3,77.1,54.4,38.7,50.4,51.3,48.1,60.0,Pass
3.9,70.6,49.5,28.7,62.0,46.0,48.3,52.8,Fail
8.3,63.4,55.8,38.8,54.7,56.1,50.3,50.0,Pass
4.1,60.7,35.9,33.6,45.0,44.9,38.8,42.0,Fail
10.9,67.6,68.4,60.5,54.3,45.9,60.4,60.5,Pass
4.0,49.9,46.6,37.1,30.1,26.8,37.2,36.9,Fail
10.0,65.9,59.9,54.3,73.7,60.7,63.7,59.7,Pass
5.4,52.3,28.3,31.2,43.0,43.7,35.0,52.9,Fail
7.7,76.7,62.4,50.9,77.3,55.9,64.9,44.4,Pass
10.4,80.6,68.0,69.3,67.0,70.7,68.0,75.1,Pass
4.6,63.1,47.4,43.6,40.6,50.7,43.5,44.8,Fail
10.3,74.0,70.5,63.5,66.5,54.3,66.8,82.7,Pass
1.8,70.7,53.8,32.1,48.0,23.4,45.0,27.8,Fail
14.5,83.7,76.8,63.5,78.7,74.1,73.6,67.8,Pass
11.3,89.6,57.4,67.0,70.3,77.8,65.4,70.5,Pass
6.1,69.4,42.9,37.3,42.6,52.1,41.1,39.7,Fail
12.4,86.5,65.2,62.8,62.3,70.7,63.3,81.8,Pass
11.7,74.8,63.9,61.1,76.2,78.9,68.0,68.2,Pass
6.5,66.8,59.8,42.5,69.5,69.7,58.5,53.6,Pass
6.4,73.1,57.4,39.8,55.0,58.5,51.2,51.4,Pass
3.6,68.7,46.5,34.2,36.3,57.2,38.7,37.0,Fail
6.7,63.2,57.4,33.1,63.1,35.5,52.4,36.8,Fail
2.3,56.2,35.3,36.6,35.4,37.4,35.7,20.9,Fail
9.9,72.5,66.6,62.4,67.0,58.0,65.5,42.6,Pass
10.0,56.9,58.9,46.7,55.2,63.0,53.8,57.6,Pass
1.8,59.7,45.7,58.5,39.5,27.2,47.1,23.6,Fail
13.7,68.6,74.7,55.5,65.4,70.0,65.2,63.4,Pass
4.4,60.7,46.6,33.2,57.9,36.9,47.1,41.1,Fail
25.0,83.8,79.2,97.9,100.0,100.0,93.1,100.0,Pass
7.4,75.0,52.0,55.6,60.9,52.1,56.6,54.6,Pass
13.8,80.1,77.9,71.4,75.8,61.7,75.1,71.5,Pass
3.5,64.6,41.9,48.5,49.7,47.2,47.0,53.8,Fail
5.4,63.4,44.5,34.3,42.1,53.7,40.5,42.6,Fail
4.6,73.8,51.8,46.9,56.8,40.3,52.3,49.1,Fail
2.2,69.8,54.1,24.7,56.5,44.9,46.2,58.1,Pass
2.7,62.4,47.8,46.1,47.3,41.0,47.1,43.6,Fail
6.0,78.0,69.3,56.7,65.7,54.9,64.1,42.4,Pass
8.1,68.2,59.9,59.3,56.2,37.0,58.2,39.9,Fail
3.2,65.5,49.0,37.9,50.6,51.8,46.3,32.2,Fail
5.2,61.6,47.0,51.1,47.2,49.8,48.3,48.2,Fail
4.1,61.8,34.3,41.0,34.5,45.4,36.4,32.8,Fail
6.2,62.4,52.3,56.7,51.1,53.7,53.1,48.7,Pass
9.5,76.9,62.4,52.3,72.4,64.3,63.4,46.2,Pass
6.9,71.3,60.5,45.1,48.5,66.5,51.1,69.9,Pass
4.5,57.0,48.5,43.0,58.9,52.6,51.0,40.5,Fail
11.5,78.3,68.6,48.5,65.6,63.0,61.4,70.1,Pass
8.0,83.9,70.3,51.4,69.1,85.0,64.2,61.9,Pass
7.0,63.1,50.8,45.7,64.8,57.9,54.9,44.2,Pass
3.3,58.2,50.8,24.8,58.8,55.7,46.2,50.8,Fail
10.8,73.0,73.8,57.9,78.7,66.7,71.0,64.2,Pass
8.4,81.1,56.7,58.2,57.6,62.2,57.5,49.9,Pass
8.7,66.9,54.2,58.4,66.9,46.5,60.5,55.1,Pass
5.7,81.6,49.7,34.5,53.0,36.2,46.5,49.6,Fail
5.0,57.5,36.4,49.5,40.1,44.9,41.8,40.0,Fail
16.5,81.3,92.1,52.9,78.8,77.9,75.0,71.7,Pass
5.0,52.4,71.2,30.9,59.3,44.9,54.4,51.8,Pass
2.8,55.9,44.1,53.5,40.1,33.0,45.3,39.0,Fail
7.2,66.9,51.8,49.0,50.3,59.5,50.4,46.2,Pass
6.5,70.0,67.9,37.4,69.1,59.1,59.2,48.3,Pass
11.8,84.1,73.6,49.7,71.6,85.3,65.6,74.7,Pass
5.9,61.5,44.2,32.0,55.3,67.7,45.0,62.0,Pass
9.3,74.5,53.9,45.6,55.6,66.9,52.1,64.7,Pass
14.3,66.4,75.1,71.8,69.2,91.0,71.8,89.8,Pass
8.1,77.8,62.6,57.2,60.9,63.3,60.3,54.9,Pass
3.4,74.6,58.2,50.7,48.2,48.5,52.0,49.7,Pass
1.7,70.3,50.1,26.8,46.1,29.1,41.5,38.0,Fail
8.3,78.2,50.3,34.9,54.7,58.5,47.4,61.1,Pass
5.2,65.5,43.9,48.6,50.1,44.6,47.8,29.2,Fail
7.5,71.2,49.3,48.7,65.2,46.4,55.5,54.6,Pass
6.5,67.0,54.8,38.9,43.3,36.3,45.4,44.5,Fail
2.8,63.0,43.5,45.9,44.5,40.3,44.6,58.1,Fail
5.9,61.1,46.5,54.9,47.6,38.7,49.5,46.0,Fail
3.3,66.2,44.0,54.3,43.4,42.3,46.8,31.8,Fail
4.8,69.1,55.7,33.6,66.4,53.3,53.4,51.1,Pass
10.8,80.8,64.4,70.0,78.5,60.2,71.7,58.8,Pass
6.8,71.3,49.5,51.3,52.6,42.4,51.3,46.3,Fail
9.0,77.8,50.9,48.6,52.7,48.7,50.9,42.4,Fail
7.1,62.6,45.8,57.2,64.1,46.2,56.5,53.4,Pass
5.4,77.9,62.7,38.4,60.3,45.1,54.4,34.0,Fail
7.5,67.1,49.8,42.6,48.0,41.2,46.9,49.4,Fail
2.0,46.0,52.3,39.0,33.9,41.2,40.9,28.1,Fail
9.9,68.8,65.5,48.4,64.0,65.3,59.8,59.7,Pass
3.8,69.2,41.8,44.3,61.2,31.0,50.3,38.9,Fail
8.7,71.1,53.8,47.4,57.5,48.3,53.4,42.6,Fail
5.3,50.8,29.0,40.9,47.3,50.2,39.9,51.4,Fail
2.8,65.1,41.6,39.7,41.7,28.7,41.1,28.3,Fail
4.2,66.1,63.8,32.1,55.3,34.9,50.9,47.3,Fail
8.7,62.7,69.3,51.7,48.5,53.8,55.7,44.6,Pass
19.4,87.8,98.0,74.9,95.4,85.5,90.0,94.0,Pass
6.2,66.4,57.2,36.6,56.4,67.9,50.7,52.5,Pass
18.2,66.2,74.8,61.6,73.1,85.6,70.2,96.3,Pass
2.0,68.0,45.2,26.5,22.3,40.5,30.4,45.1,Fail
5.6,68.1,56.0,38.9,65.3,47.9,54.6,54.1,Pass
6.2,79.5,56.1,53.7,46.2,62.5,51.4,60.0,Pass
9.0,63.9,50.9,38.5,66.8,58.1,53.5,50.3,Pass
4.4,63.4,47.2,41.3,43.2,39.7,43.8,39.0,Fail
7.9,78.0,48.4,55.3,62.5,43.9,56.1,60.4,Pass
5.7,59.5,54.0,51.4,55.5,41.5,53.8,37.2,Fail
12.7,83.5,63.2,58.9,84.0,69.7,70.2,70.3,Pass
7.2,77.1,62.1,51.6,52.8,60.6,55.2,35.2,Fail
24.9,92.4,88.9,82.5,100.0,100.0,91.4,100.0,Pass
5.8,65.6,49.9,32.4,45.9,47.4,43.0,42.6,Fail
12.3,69.6,67.7,62.7,60.9,68.7,63.5,68.7,Pass
14.5,71.6,69.2,83.4,73.6,65.3,75.2,75.8,Pass
0.8,63.4,45.7,38.6,48.2,27.2,44.6,8.7,Fail
9.9,48.9,58.1,38.1,73.6,37.0,58.3,65.8,Pass
2.8,58.9,39.9,25.7,42.2,31.7,36.6,29.4,Fail
5.6,61.2,44.8,48.2,49.7,50.1,47.8,42.3,Fail
3.1,55.8,37.7,42.3,42.9,44.6,41.2,27.8,Fail
12.8,76.8,62.2,62.9,71.6,65.3,66.2,57.4,Pass
4.5,53.6,61.9,36.4,50.2,50.6,49.6,48.8,Fail
1.9,71.9,40.3,41.9,37.9,53.7,39.8,42.7,Fail
7.3,76.1,66.2,40.8,41.6,63.0,48.7,56.2,Pass
13.9,87.6,75.4,76.7,75.7,89.4,75.9,82.7,Pass
3.1,59.5,41.2,39.9,58.3,31.3,47.6,34.4,Fail
10.6,74.4,65.1,49.7,66.7,50.8,61.1,62.4,Pass
1.5,68.4,45.6,34.6,44.1,46.0,41.7,30.1,Fail
14.5,76.4,57.9,97.2,72.6,91.3,75.6,86.7,Pass
8.2,65.3,55.4,46.7,52.8,69.8,51.8,57.5,Pass
2.9,64.4,45.2,42.5,45.6,25.8,44.6,19.8,Fail
10.1,70.5,58.7,62.4,63.5,63.1,61.7,65.0,Pass
4.7,57.1,29.5,41.3,45.3,32.8,39.4,26.9,Fail
3.6,45.3,38.1,30.6,41.6,34.1,37.2,22.7,Fail
4.6,58.1,59.5,33.1,50.4,49.9,47.9,49.1,Fail
9.5,52.5,59.2,47.5,56.3,57.6,54.5,48.9,Pass
3.4,57.1,35.5,35.5,51.5,26.0,41.9,21.9,Fail
1.1,72.7,51.2,47.1,59.7,37.6,53.4,27.0,Fail
4.8,51.0,36.0,52.7,32.5,37.8,39.6,30.0,Fail
13.1,79.3,72.1,79.9,69.3,82.8,73.3,94.9,Pass
13.0,85.4,73.8,61.8,59.6,67.7,64.5,71.4,Pass
4.6,52.9,42.1,47.8,49.0,43.6,46.6,43.9,Fail
4.5,79.8,61.3,47.4,65.0,47.0,58.6,53.2,Pass
4.3,64.5,54.0,30.9,51.0,59.2,45.9,46.9,Fail
4.2,75.9,45.0,29.9,52.9,52.5,43.6,54.5,Fail
4.4,67.4,46.7,38.6,46.1,44.0,44.0,47.0,Fail
7.6,65.4,48.0,46.8,56.8,50.0,51.2,54.4,Pass
13.3,52.7,57.8,49.4,62.9,63.9,57.3,67.2,Pass
3.4,55.2,48.6,47.4,52.6,59.5,49.8,50.6,Pass
3.9,70.1,48.7,54.5,64.6,51.5,56.8,25.5,Fail
8.1,82.0,69.0,51.6,75.4,62.8,66.3,57.3,Pass
9.8,60.5,45.1,65.5,73.4,65.4,62.5,57.6,Pass
2.3,62.3,45.5,39.5,49.2,43.6,45.2,34.9,Fail
16.1,75.8,81.6,51.7,81.3,84.1,72.5,91.9,Pass
5.3,69.7,52.3,25.8,53.2,52.9,44.7,45.2,Fail
2.4,63.6,33.0,39.2,46.0,30.2,40.1,23.9,Fail
2.2,59.7,33.9,33.4,44.3,25.1,37.9,9.4,Fail
2.1,67.6,51.7,28.1,56.1,44.6,46.4,34.6,Fail
12.1,69.0,60.6,62.8,65.3,70.5,63.1,75.6,Pass
6.8,68.2,47.8,66.7,47.5,49.2,53.4,47.2,Pass
12.2,80.8,65.9,62.7,70.9,64.8,66.9,69.6,Pass
6.1,61.5,48.6,40.0,45.3,52.3,44.7,45.9,Fail
12.0,71.5,74.9,53.0,67.8,71.3,65.5,73.5,Pass
6.0,62.7,36.8,33.2,38.1,33.6,36.2,42.5,Fail
9.0,74.4,64.9,60.7,63.5,61.3,63.1,58.0,Pass
6.3,70.4,65.4,42.6,51.1,50.0,52.8,35.8,Fail
5.8,62.8,58.0,42.2,58.2,45.2,53.3,37.0,Fail
3.6,67.0,65.9,36.0,48.8,32.9,50.1,35.9,Fail
9.7,49.1,50.5,63.1,41.4,49.1,50.6,61.0,Pass
3.1,70.4,54.5,26.6,47.0,38.7,43.1,36.1,Fail
9.7,78.8,62.4,62.2,64.9,47.4,63.3,56.9,Pass
7.0,64.3,49.1,54.3,56.6,61.7,53.7,48.5,Pass
9.8,66.1,41.7,46.4,62.4,58.3,51.4,58.0,Pass
7.4,68.4,51.6,53.8,50.9,49.2,52.0,51.8,Pass
12.7,68.0,74.3,58.4,64.1,58.8,65.4,70.8,Pass
8.5,64.2,42.5,57.1,55.7,58.5,52.2,41.1,Fail
7.1,71.0,72.3,39.6,62.1,37.8,58.4,37.6,Fail
1.0,67.7,45.6,36.6,47.3,43.0,43.6,33.3,Fail
13.0,78.1,60.6,63.8,77.6,79.6,68.4,79.7,Pass
2.1,85.6,51.7,45.9,40.5,39.6,45.5,27.7,Fail
2.6,73.1,52.6,17.6,56.3,19.8,43.6,15.0,Fail
10.3,78.2,60.1,50.7,71.7,58.9,61.9,69.3,Pass
6.7,73.6,50.5,53.4,62.7,51.4,56.2,49.5,Pass
2.1,63.2,59.0,51.2,45.0,38.2,51.1,32.8,Fail
4.5,69.4,47.1,51.7,52.8,63.3,50.8,46.6,Pass
12.6,76.7,67.1,65.5,74.2,74.1,69.5,59.0,Pass
7.2,77.0,68.1,42.5,60.0,70.6,57.2,65.7,Pass
6.8,65.9,52.8,49.1,61.6,58.8,55.2,60.8,Pass
4.1,62.3,53.0,44.9,40.7,47.0,45.6,46.1,Fail
10.5,82.0,61.8,74.6,72.8,69.5,70.0,55.7,Pass
6.2,63.8,46.0,36.6,55.7,30.6,47.1,35.5,Fail
9.4,63.7,61.0,48.2,70.8,38.9,61.1,33.8,Fail
3.9,58.7,37.6,56.3,58.8,49.8,51.7,47.0,Fail
19.5,89.4,89.1,78.5,88.9,92.7,85.8,100.0,Pass
14.0,98.2,70.1,74.8,90.9,91.3,79.8,77.3,Pass
7.2,61.5,56.0,36.7,56.9,36.0,50.6,55.3,Fail
8.1,74.9,68.6,48.5,64.7,60.5,61.0,58.1,Pass
4.5,66.6,33.0,44.5,50.8,49.8,43.6,37.6,Fail
9.9,80.9,60.8,53.6,56.8,58.7,57.0,49.4,Pass
1.2,66.5,26.7,35.9,49.1,27.0,38.4,17.9,Fail
16.0,88.7,76.3,74.7,72.1,74.7,74.1,79.4,Pass
9.5,73.7,63.8,55.0,67.3,55.0,62.6,54.8,Pass
3.4,57.4,41.3,30.1,27.0,34.3,32.2,22.9,Fail
15.7,73.4,56.3,75.3,72.2,73.3,68.4,87.3,Pass
18.5,83.9,89.4,78.3,86.8,92.1,85.0,100.0,Pass
8.4,73.8,47.3,45.9,63.8,56.4,53.5,44.3,Pass
3.9,61.6,53.0,31.7,58.6,30.1,48.8,38.4,Fail
6.8,84.3,52.9,41.8,59.9,61.4,52.4,59.6,Pass
9.1,78.4,54.8,65.5,54.4,52.1,57.8,67.0,Pass
8.0,52.9,52.0,39.4,49.9,46.7,47.4,34.0,Fail
3.4,63.1,54.3,30.1,49.8,31.2,45.2,27.9,Fail
9.0,62.6,72.4,41.5,61.9,49.2,58.9,41.9,Pass
12.6,90.4,69.0,47.4,63.0,68.8,60.1,71.3,Pass
2.8,45.6,28.9,52.4,34.5,31.8,38.2,27.1,Fail
3.1,67.1,49.1,39.4,44.3,39.7,44.3,29.5,Fail
4.4,66.3,38.0,33.3,47.1,43.8,40.2,68.3,Pass
5.8,73.5,59.6,43.0,60.6,60.2,55.0,41.5,Pass
10.7,75.4,67.6,46.1,61.5,54.7,58.7,55.2,Pass
12.5,91.6,83.3,67.1,84.9,49.4,79.1,73.4,Pass
3.8,71.9,57.6,40.0,57.2,35.3,52.2,35.8,Fail
7.5,54.3,52.4,55.1,38.0,60.3,47.4,51.0,Pass
12.2,85.9,70.4,57.0,70.4,77.7,66.4,76.4,Pass
20.1,85.7,78.8,83.9,90.2,87.1,84.9,100.0,Pass
7.5,80.2,51.8,51.7,70.9,54.6,59.4,57.1,Pass
7.7,66.7,55.1,40.9,48.7,35.3,48.3,35.6,Fail
8.4,61.6,46.7,52.1,43.5,46.8,47.0,45.4,Fail
5.5,56.6,45.8,40.5,50.3,37.6,46.0,45.3,Fail
7.2,77.1,53.8,59.1,52.1,63.8,54.7,51.4,Pass
1.4,68.1,48.0,38.7,44.6,36.2,43.8,36.0,Fail
4.5,60.7,47.0,35.8,43.3,33.2,42.2,40.2,Fail
8.9,49.3,60.5,54.9,61.3,39.7,59.1,38.3,Fail
3.7,73.2,46.9,44.0,55.9,53.1,49.6,45.6,Fail
10.8,56.7,49.3,48.3,54.6,57.4,51.1,55.6,Pass
1.9,79.7,52.1,47.6,60.7,34.6,54.2,21.7,Fail
10.6,61.2,58.6,61.4,61.7,69.7,60.7,55.6,Pass
10.6,72.8,60.9,48.4,67.4,69.7,59.8,64.7,Pass
20.3,86.2,83.1,74.7,85.2,89.4,81.4,91.6,Pass
5.3,69.3,51.3,45.1,47.9,37.5,48.1,43.8,Fail
6.7,70.6,52.4,44.2,66.8,65.3,55.7,48.8,Pass
15.1,79.2,78.1,65.1,78.5,83.4,74.4,97.0,Pass
14.0,73.3,75.9,57.0,75.2,71.3,70.0,68.4,Pass
11.8,72.4,62.4,60.6,63.7,56.0,62.4,69.9,Pass
8.2,64.6,71.8,51.2,61.8,58.8,61.6,50.1,Pass
14.9,78.8,68.9,54.6,75.9,66.9,67.4,80.0,Pass
24.3,75.1,91.3,83.8,94.8,100.0,90.4,100.0,Pass
9.4,73.8,48.0,49.1,72.8,65.0,58.2,82.1,Pass
6.9,67.5,53.2,49.5,56.6,45.9,53.4,39.6,Fail
10.1,78.9,62.2,62.1,58.3,69.6,60.6,62.4,Pass
7.4,66.5,54.4,54.4,59.9,49.4,56.6,55.0,Pass
5.6,71.5,60.5,41.9,53.0,58.5,51.9,40.7,Fail
10.9,77.5,78.5,63.2,62.5,62.3,67.5,71.3,Pass
4.8,64.6,57.8,28.2,46.7,50.3,44.5,63.8,Pass
9.3,74.0,60.0,65.9,70.6,85.2,66.0,59.3,Pass
2.2,51.9,41.5,26.6,33.6,26.4,33.9,28.4,Fail
16.3,90.3,91.9,61.3,78.4,71.5,77.3,82.3,Pass
4.0,60.4,38.1,32.7,46.5,41.9,39.8,28.0,Fail
2.6,61.7,50.0,49.2,43.4,44.3,47.1,28.3,Fail
13.7,68.0,60.7,67.9,62.3,63.5,63.5,50.1,Pass
15.2,72.1,81.2,82.6,82.6,76.8,82.2,76.4,Pass
8.1,82.9,60.0,56.3,60.5,53.4,59.1,56.2,Pass
6.3,68.7,46.2,58.2,44.8,38.2,49.2,45.3,Fail
5.4,64.1,44.8,39.7,52.8,48.8,46.5,50.2,Fail
7.8,66.9,51.7,37.1,62.6,53.0,51.7,60.6,Pass
6.5,67.8,61.0,49.5,59.5,41.7,57.0,44.0,Fail
6.0,73.0,64.6,47.1,62.0,43.6,58.3,42.7,Fail
3.7,66.0,44.0,44.1,52.6,39.9,47.5,42.3,Fail
3.0,65.3,38.6,45.4,43.9,40.3,42.8,52.2,Fail
7.0,61.0,68.5,49.3,52.9,37.6,56.5,30.7,Fail
7.7,66.9,62.0,47.8,53.5,47.8,54.3,38.8,Fail
4.1,66.2,41.9,40.1,48.5,54.1,44.0,34.3,Fail
4.5,65.2,51.4,45.5,38.9,50.5,44.6,33.1,Fail
7.7,65.9,51.9,35.2,48.3,49.2,45.4,34.7,Fail
3.6,60.3,35.0,31.7,54.1,49.9,41.6,38.4,Fail
12.0,77.9,64.9,79.8,76.0,69.4,73.8,55.3,Pass
9.1,74.6,49.6,49.4,62.3,56.5,54.6,61.5,Pass
4.1,72.8,46.2,48.3,61.8,49.0,53.1,52.8,Pass
8.8,72.1,56.1,48.8,63.6,60.0,56.9,48.6,Pass
3.7,47.8,37.4,33.2,41.8,49.0,37.9,34.9,Fail
10.6,91.6,76.0,41.7,63.5,58.4,60.7,63.9,Pass
3.8,64.5,50.2,45.1,46.8,49.5,47.3,51.3,Fail
6.2,64.2,46.5,39.9,59.2,46.3,49.6,43.5,Fail
7.3,68.3,57.7,29.9,61.2,39.8,50.8,40.1,Fail
15.1,75.0,83.1,54.3,90.8,78.5,77.5,84.4,Pass
4.0,58.3,38.9,39.4,45.7,37.4,41.8,28.9,Fail
3.9,69.6,38.2,34.8,30.7,55.6,34.2,38.4,Fail
2.3,61.6,34.4,28.1,45.5,29.4,37.0,33.5,Fail
17.6,80.4,82.3,69.9,66.0,79.3,72.1,88.1,Pass
6.8,48.1,59.9,13.8,47.3,43.7,41.0,35.4,Fail
12.2,72.8,73.0,45.5,76.0,51.1,66.0,65.1,Pass
4.6,56.9,56.5,45.1,60.6,52.0,54.7,34.1,Fail
4.9,61.7,30.7,45.8,39.7,55.3,38.8,37.4,Fail
6.5,69.7,47.2,51.8,57.5,58.3,52.7,44.1,Pass
6.6,63.0,43.2,50.7,63.3,51.5,53.5,46.3,Pass
9.9,68.1,64.7,57.7,63.6,66.3,62.2,63.1,Pass
6.9,69.1,52.9,60.4,51.8,56.2,54.7,47.6,Pass
5.3,62.3,25.3,47.6,60.0,54.3,45.9,51.7,Fail
17.8,72.9,83.5,72.7,88.4,99.5,82.2,93.1,Pass
3.7,50.7,52.0,49.7,45.1,38.3,48.6,35.8,Fail
4.0,67.5,64.3,45.5,41.4,42.3,49.5,42.7,Fail
3.7,60.3,46.8,43.4,44.3,39.9,44.8,45.4,Fail
10.1,58.8,62.8,47.4,55.1,46.8,55.1,57.3,Pass
8.7,80.4,52.4,54.5,50.6,62.1,52.3,68.2,Pass
6.0,69.9,39.8,35.4,62.2,34.9,47.4,47.7,Fail
3.6,54.8,53.6,23.0,50.0,48.5,43.0,37.7,Fail
7.3,63.1,57.9,31.4,50.8,61.9,47.1,50.0,Pass
10.9,81.5,76.2,57.4,66.4,59.7,66.6,72.7,Pass
15.4,77.1,71.9,80.5,73.4,70.0,75.1,81.9,Pass
4.5,62.1,66.6,44.3,44.7,52.2,51.2,38.3,Fail
6.0,73.2,56.5,54.3,76.2,38.5,63.7,37.2,Fail
8.6,69.0,51.9,43.4,54.0,48.3,50.2,51.6,Pass
5.2,76.1,50.7,48.2,52.5,41.0,50.7,50.4,Fail
2.6,59.8,30.3,54.0,37.4,43.0,40.2,26.5,Fail
6.0,62.6,43.2,51.0,38.5,52.2,43.7,40.6,Fail
2.8,63.5,41.6,33.7,36.7,41.1,37.3,33.6,Fail
11.4,81.4,79.6,45.2,79.3,65.9,69.2,69.2,Pass
5.5,68.6,51.1,32.4,50.9,52.9,45.4,26.2,Fail
6.4,68.5,62.0,52.1,59.3,51.5,58.0,42.5,Pass
4.1,58.5,45.0,40.6,49.9,54.9,45.6,38.2,Fail
6.6,60.3,43.1,60.8,54.7,58.9,53.0,42.7,Pass
13.4,83.8,76.3,66.0,70.8,67.5,71.0,75.0,Pass
12.1,83.1,62.4,49.0,82.9,66.1,66.6,57.7,Pass
3.2,72.1,44.9,38.0,55.6,40.8,47.1,39.1,Fail
0.6,67.0,57.6,33.5,48.2,25.5,46.6,12.3,Fail
6.1,70.9,58.3,42.7,57.8,59.9,53.4,46.2,Pass
5.5,70.0,45.4,44.6,43.1,55.5,44.2,39.1,Fail
5.3,67.4,56.7,46.9,59.1,44.9,54.7,39.1,Fail
4.7,70.1,42.9,24.6,50.0,48.7,40.2,43.5,Fail
3.1,63.4,31.2,31.6,38.6,35.2,34.3,35.8,Fail
21.1,89.8,97.9,95.2,87.5,100.0,92.9,98.6,Pass
17.6,88.5,84.1,90.4,92.7,87.3,89.4,92.5,Pass
5.2,56.2,45.7,29.0,38.3,24.2,37.7,41.2,Fail
7.2,77.4,44.3,38.7,55.0,42.9,46.9,36.1,Fail
11.5,73.3,62.5,65.5,68.2,78.0,65.7,69.7,Pass
7.2,80.3,60.0,69.2,60.0,56.8,62.8,42.9,Pass
4.9,76.0,43.3,46.8,56.0,52.4,49.4,48.0,Fail
2.6,54.9,42.0,35.4,50.7,34.4,43.5,13.6,Fail
6.7,68.0,66.2,40.4,61.7,37.7,56.7,32.2,Fail
2.9,48.6,42.2,42.6,41.6,25.7,42.1,28.7,Fail
12.9,72.4,72.2,58.8,67.6,78.9,66.3,71.0,Pass
6.5,70.6,50.7,61.1,45.5,62.2,51.7,61.5,Pass
9.0,77.6,52.9,57.4,62.0,48.6,57.9,62.5,Pass
5.4,67.0,46.4,46.0,49.2,58.4,47.4,51.2,Pass
10.7,76.4,72.8,50.2,71.8,59.6,65.6,67.6,Pass
4.4,59.7,45.9,32.5,46.8,43.4,42.2,25.3,Fail
7.9,69.3,55.0,44.1,65.5,54.4,55.9,55.6,Pass
5.3,61.6,45.0,41.2,46.7,51.2,44.5,36.9,Fail
5.8,69.2,42.2,55.0,48.6,57.8,48.6,55.7,Pass
11.5,84.9,79.4,68.9,76.0,67.3,74.9,61.4,Pass
4.0,64.3,45.6,35.6,49.1,52.3,44.0,48.1,Fail
8.2,58.9,49.8,28.9,57.6,63.1,46.7,60.3,Pass
13.7,78.0,71.4,58.1,72.8,76.5,68.0,75.6,Pass
11.2,79.1,61.9,60.8,68.4,58.2,64.2,54.2,Pass
4.5,58.1,48.9,41.5,45.8,46.7,45.4,31.1,Fail
8.9,80.6,56.5,71.2,64.6,58.9,64.2,67.6,Pass
1.9,57.5,42.0,46.4,50.6,33.3,46.8,36.7,Fail
11.7,68.0,63.4,64.9,62.4,57.7,63.4,54.5,Pass
24.3,74.9,100.0,81.3,92.0,100.0,91.2,97.0,Pass
8.0,71.8,72.8,53.1,64.1,55.9,63.4,47.8,Pass
14.1,91.4,81.9,73.5,78.8,92.1,78.1,99.6,Pass
2.5,65.9,44.1,48.8,55.8,47.3,50.2,45.6,Fail
3.4,58.2,50.7,28.1,51.1,31.6,44.1,36.7,Fail
5.4,70.6,58.1,52.6,60.6,42.9,57.4,38.2,Fail
6.0,73.6,50.3,52.0,62.0,50.7,55.5,58.7,Pass
8.0,78.9,46.5,47.7,55.5,58.0,50.5,56.7,Pass
4.5,55.5,30.4,50.5,45.1,39.1,42.3,23.2,Fail
7.3,81.2,58.0,34.3,65.9,65.8,54.0,39.1,Pass
11.4,75.4,61.4,78.5,67.4,69.7,68.9,78.9,Pass
8.9,84.7,58.9,67.6,59.0,66.8,61.6,53.9,Pass
5.3,67.6,44.4,41.8,58.0,38.0,49.1,26.8,Fail
10.2,76.9,56.7,52.9,63.7,47.7,58.4,68.3,Pass
5.2,58.7,53.2,40.8,52.1,52.5,49.0,56.3,Pass
7.0,76.3,32.7,42.7,59.5,45.7,46.4,51.8,Fail
11.1,64.7,66.3,53.6,74.9,60.0,65.9,42.9,Pass
5.9,69.2,50.4,52.7,55.4,50.0,53.1,37.2,Fail
2.8,59.9,55.1,29.8,32.2,39.1,38.4,29.7,Fail
6.9,67.6,56.2,55.5,57.4,48.6,56.5,60.6,Pass
11.2,82.1,53.2,57.9,69.7,60.9,61.2,68.4,Pass
11.8,71.3,50.0,68.6,53.5,63.0,57.0,57.2,Pass
3.3,72.8,39.3,52.7,59.0,29.8,51.2,41.1,Fail
9.9,68.6,62.5,44.9,44.2,63.5,49.9,57.1,Pass
5.7,67.9,38.1,25.5,55.4,51.8,41.2,35.0,Fail
14.6,94.7,78.5,72.3,70.7,85.8,73.5,86.4,Pass
2.9,64.5,50.8,39.8,54.7,41.5,49.1,47.1,Fail
9.8,71.2,56.7,43.4,66.5,69.9,56.6,55.4,Pass
5.3,67.5,43.7,58.5,61.7,60.0,55.3,42.7,Pass
4.5,62.8,30.6,37.3,50.2,53.1,40.4,36.7,Fail
11.4,65.7,74.6,62.3,68.9,63.8,68.6,58.9,Pass
12.4,91.4,86.8,58.5,75.5,73.0,73.8,72.1,Pass
1.5,58.5,50.3,19.5,30.6,33.8,33.2,28.6,Fail
11.5,61.6,59.3,66.2,78.3,57.9,69.0,61.2,Pass
6.4,66.4,52.3,37.3,50.9,51.2,47.2,40.4,Fail
6.8,71.0,60.4,54.8,60.0,54.3,58.6,57.6,Pass
2.8,61.7,45.3,29.1,39.6,46.3,38.2,18.3,Fail
9.5,71.0,35.4,51.7,51.2,72.6,46.6,54.6,Pass
21.4,84.4,95.5,81.7,93.6,99.4,90.6,94.9,Pass
4.7,69.0,59.9,42.4,56.1,52.7,53.1,37.7,Fail
13.1,82.3,79.5,58.6,87.5,73.2,76.4,72.2,Pass
6.6,66.4,56.7,52.6,62.3,58.6,57.7,52.8,Pass
4.9,86.6,63.4,55.9,61.3,61.4,60.3,46.2,Pass
2.4,71.2,34.9,49.1,45.5,54.9,43.4,34.6,Fail
14.1,76.9,70.5,61.2,76.4,57.2,70.1,60.3,Pass
7.1,58.0,46.3,35.1,50.3,53.8,44.5,57.7,Pass
5.0,66.9,61.7,44.6,55.1,44.6,53.9,39.6,Fail
5.6,73.2,54.6,49.0,49.7,55.1,51.0,38.5,Fail
9.9,78.5,62.1,59.8,61.8,68.7,61.3,61.6,Pass
5.0,51.2,37.2,52.6,44.6,36.0,44.8,29.3,Fail
3.6,65.2,38.3,40.2,49.0,27.5,43.2,30.0,Fail
6.2,63.6,42.5,63.4,50.8,53.9,52.1,55.4,Pass
6.1,79.3,62.0,56.2,60.4,51.1,59.6,60.6,Pass
6.0,68.2,57.2,53.4,48.5,57.0,52.6,49.6,Pass
5.1,47.8,46.5,39.0,37.1,39.5,40.5,32.7,Fail
13.3,78.9,76.6,61.2,73.8,79.6,70.9,75.5,Pass
25.0,74.4,85.9,83.1,83.4,100.0,84.1,100.0,Pass
3.3,67.6,32.1,40.8,52.1,29.8,42.7,31.6,Fail
1.3,82.3,52.8,46.3,40.3,42.7,45.8,40.2,Fail
5.8,77.8,54.5,45.4,54.2,52.4,51.6,54.1,Pass
1.4,63.8,48.6,30.7,47.5,32.8,42.8,12.8,Fail
2.2,57.4,45.0,24.9,49.3,40.2,40.7,38.1,Fail
4.8,76.0,51.8,49.2,58.7,41.8,53.8,50.5,Pass
9.9,77.0,64.5,46.4,69.0,76.4,60.9,76.1,Pass
5.7,64.7,62.1,47.3,72.0,36.0,61.6,40.9,Fail
1.0,56.9,36.7,34.0,32.0,20.3,34.0,40.8,Fail
5.7,59.6,55.2,41.2,53.6,51.5,50.4,41.6,Fail
5.9,70.1,55.3,56.4,59.4,70.8,57.3,41.0,Pass
6.0,63.9,37.8,58.5,53.1,44.4,50.1,31.9,Fail
12.2,76.0,56.7,41.9,65.0,71.6,55.6,70.0,Pass
11.1,80.7,66.1,46.2,72.9,76.3,62.8,75.0,Pass
7.0,64.9,49.5,51.9,57.8,50.1,53.5,43.2,Fail
19.1,88.1,77.0,94.3,96.1,88.9,89.8,100.0,Pass
4.8,75.5,60.8,32.2,58.7,59.5,51.4,38.7,Fail
6.2,70.6,41.6,50.1,40.3,54.7,43.6,20.7,Fail
6.6,73.5,53.7,32.2,62.5,56.7,50.8,67.2,Pass
2.4,66.1,37.6,20.1,42.0,26.5,34.1,19.3,Fail
6.7,68.2,65.7,65.4,56.0,57.7,61.7,43.4,Pass
2.1,69.2,65.1,40.4,41.3,48.7,48.2,42.2,Fail
4.3,78.0,49.5,30.1,54.5,51.6,45.7,42.6,Fail
7.2,75.5,63.8,47.8,74.0,60.2,63.1,52.6,Pass
2.7,61.7,54.1,29.3,54.0,52.8,46.6,36.2,Fail
8.1,68.4,63.9,46.1,51.4,60.5,53.6,48.1,Pass
3.9,63.6,53.2,36.7,47.7,53.2,46.0,48.5,Fail
5.3,73.9,38.6,47.0,59.6,57.3,49.5,44.4,Fail
8.9,66.5,67.2,55.2,59.8,52.7,60.6,61.6,Pass
6.3,59.4,53.3,37.5,37.8,49.6,42.4,46.2,Fail
8.0,73.4,56.2,44.3,56.0,61.7,52.6,47.9,Pass
8.6,70.5,57.7,55.2,69.9,37.6,61.8,44.0,Fail
6.3,79.4,58.5,42.9,69.5,55.6,58.2,51.0,Pass
8.3,51.9,50.1,40.3,51.8,61.2,47.8,47.6,Pass
4.3,66.8,45.8,42.1,47.7,36.7,45.4,41.2,Fail
8.9,67.5,50.2,51.7,42.7,47.8,47.7,54.8,Pass
5.8,73.4,57.7,42.1,55.4,53.8,52.1,36.8,Fail
13.5,74.0,67.9,72.7,67.7,62.9,69.3,73.6,Pass
7.2,64.0,47.3,51.3,41.0,62.5,46.0,58.6,Pass
4.7,73.1,52.1,61.8,46.5,45.2,52.8,39.4,Fail
9.0,81.0,62.6,52.8,55.7,68.2,56.9,53.2,Pass
13.9,75.9,74.6,70.9,74.4,66.4,73.4,74.2,Pass
4.9,65.3,49.2,55.2,61.6,65.5,56.0,44.8,Pass
4.4,75.4,56.4,35.5,52.9,67.0,48.7,35.4,Fail
0.7,70.1,40.2,30.8,45.1,46.0,39.3,31.3,Fail
7.2,76.9,55.9,61.1,76.7,51.0,65.8,55.3,Pass
5.4,63.3,52.0,48.8,38.2,46.7,45.5,36.9,Fail
8.9,65.4,60.5,50.7,61.1,39.1,57.8,36.6,Fail
9.1,84.0,73.1,43.6,75.6,74.1,65.2,61.6,Pass
2.5,67.9,53.8,25.8,50.1,40.3,43.9,35.8,Fail
11.1,67.4,62.1,52.2,53.1,62.4,55.5,67.8,Pass
4.0,63.9,35.9,32.5,60.3,34.3,44.6,46.4,Fail
5.0,66.7,55.5,35.7,58.2,55.0,50.6,38.7,Fail
8.1,68.9,61.1,33.5,61.3,59.1,52.9,52.4,Pass
3.1,61.4,46.4,25.0,36.3,39.1,35.9,35.0,Fail
4.4,75.1,57.5,35.5,70.1,51.0,55.9,42.0,Fail
2.9,67.7,43.2,39.4,51.1,58.9,45.2,28.7,Fail
11.6,91.9,58.0,60.4,75.3,64.4,65.6,66.3,Pass
5.2,76.5,46.4,46.1,58.4,39.2,51.1,55.1,Pass
2.7,64.3,21.5,37.1,49.1,32.7,37.2,25.9,Fail
2.9,74.8,51.8,24.8,51.2,53.0,43.5,38.7,Fail
10.5,75.4,63.1,66.5,65.2,68.0,65.0,87.5,Pass
3.8,83.9,59.7,50.9,40.3,42.8,49.3,47.2,Fail
4.9,63.4,54.8,42.0,45.6,50.2,47.3,37.6,Fail
6.8,71.8,51.2,43.1,70.3,48.4,56.4,39.1,Fail
5.5,61.8,42.9,54.8,44.1,49.3,46.9,39.2,Fail
1.6,58.9,34.6,24.1,38.7,38.3,33.1,17.1,Fail
9.5,68.7,74.9,61.9,55.9,55.1,63.4,51.6,Pass
5.7,76.7,53.2,38.9,59.8,34.8,51.6,50.4,Fail
7.9,71.1,54.9,62.0,57.0,59.5,57.9,60.6,Pass
9.9,52.2,57.8,54.0,55.1,54.1,55.6,50.5,Pass
1.3,62.3,28.6,41.5,34.7,30.5,34.9,32.4,Fail
10.0,64.2,56.1,55.0,63.6,62.0,58.8,63.9,Pass
23.0,84.1,84.4,90.6,100.0,100.0,92.5,100.0,Pass
8.4,79.3,52.1,53.6,49.9,40.5,51.7,52.9,Fail
13.6,65.6,64.8,52.2,66.8,69.9,61.8,64.0,Pass
11.4,63.9,62.3,65.9,62.9,63.2,63.6,67.2,Pass
9.8,58.5,47.1,48.8,51.9,53.6,49.5,51.1,Pass
11.6,70.8,61.5,59.1,74.4,72.0,65.9,66.3,Pass
12.7,61.7,64.5,44.1,74.2,47.9,62.3,65.9,Pass
13.0,62.8,68.5,57.7,69.1,40.6,65.5,68.8,Pass
2.8,61.5,41.9,40.1,40.0,24.9,40.6,25.3,Fail
12.0,76.9,69.7,76.2,78.2,77.1,75.0,73.3,Pass
5.7,59.6,46.5,41.9,48.1,42.0,45.8,38.0,Fail
13.3,78.8,80.5,60.9,81.5,70.8,75.0,56.3,Pass
8.9,71.6,63.6,46.5,79.1,73.7,64.7,72.1,Pass
2.8,67.7,40.5,32.4,46.4,44.4,40.4,40.6,Fail
14.3,68.8,65.3,79.7,72.3,83.5,72.4,70.1,Pass
4.0,80.7,55.3,34.4,49.8,47.0,46.8,45.6,Fail
5.5,57.5,44.0,37.7,55.9,25.4,46.9,43.2,Fail
16.2,74.4,59.3,82.1,76.9,79.0,73.2,75.1,Pass
7.3,72.9,58.8,59.7,50.0,48.6,55.6,49.8,Pass
5.3,67.3,47.7,64.3,46.9,42.6,52.4,43.8,Fail
6.4,74.5,60.6,57.4,71.7,57.6,64.1,41.6,Pass
5.3,63.9,50.1,44.8,49.5,27.0,48.3,31.4,Fail
10.5,62.8,65.0,59.4,54.8,54.8,59.2,59.3,Pass
5.4,54.3,67.2,31.4,52.4,39.0,50.5,40.3,Fail
6.5,82.0,67.9,48.9,57.8,61.5,58.2,54.0,Pass
9.3,68.7,56.4,43.9,59.5,77.0,53.9,73.2,Pass
8.7,69.1,61.5,64.3,64.4,40.0,63.5,58.7,Pass
4.2,79.5,53.2,30.9,56.8,48.3,48.0,46.0,Fail
10.6,68.8,64.0,53.3,64.6,59.4,61.0,52.7,Pass
4.8,66.0,36.9,32.6,44.7,47.3,38.7,47.3,Fail
3.3,55.7,51.7,45.3,32.9,63.0,42.3,34.0,Fail
1.8,51.7,20.7,33.4,50.3,20.7,36.4,17.0,Fail
6.0,82.3,56.6,48.5,72.0,49.1,60.3,44.0,Pass
2.1,77.7,33.5,28.4,47.3,52.9,37.5,34.4,Fail
3.9,72.8,44.0,54.6,56.3,51.0,52.1,45.5,Fail
6.6,75.8,57.6,40.1,58.0,60.4,52.5,56.5,Pass
12.6,81.2,76.5,59.4,68.1,67.9,68.0,60.3,Pass
5.6,60.8,57.6,42.5,52.5,55.2,51.0,50.7,Pass
2.4,65.2,42.8,41.4,46.3,47.8,43.8,37.0,Fail
6.2,63.4,59.3,41.9,64.5,51.9,56.2,34.2,Fail
12.3,54.0,60.3,68.5,63.1,81.6,63.9,87.6,Pass
5.5,75.6,48.0,46.5,66.7,53.5,55.0,46.2,Pass
13.8,81.0,74.9,80.6,74.2,80.7,76.3,72.9,Pass
6.6,57.4,43.1,35.6,46.6,43.3,42.2,38.1,Fail
10.0,69.1,59.7,59.0,73.1,65.6,64.8,55.0,Pass
7.6,77.5,54.6,44.4,69.9,59.3,57.7,56.8,Pass
13.4,77.1,57.5,62.3,71.4,78.9,64.5,67.4,Pass
19.8,70.2,83.3,64.1,86.6,90.3,78.9,91.5,Pass
4.9,56.2,47.8,52.2,49.8,47.8,49.9,32.4,Fail
7.3,83.6,68.9,64.3,65.0,56.0,66.0,63.6,Pass
12.6,75.6,52.9,72.7,65.7,77.6,64.0,73.7,Pass
7.8,77.8,53.2,60.3,77.1,60.5,64.9,50.0,Pass
1.7,76.7,55.4,62.6,46.6,40.6,54.0,16.9,Fail
5.6,63.0,54.3,45.0,56.0,40.3,52.2,32.7,Fail
7.7,72.1,62.8,65.1,61.2,64.9,62.8,48.8,Pass
15.5,62.9,81.5,64.7,56.4,81.6,66.4,73.6,Pass
7.1,63.7,47.2,52.0,54.8,51.0,51.7,60.9,Pass
3.7,69.0,41.2,47.8,46.6,33.2,45.3,37.7,Fail
7.8,67.8,62.8,32.8,54.9,66.6,50.6,55.1,Pass
14.6,81.1,78.6,66.4,70.1,89.4,71.5,85.0,Pass
4.4,72.7,49.6,40.9,64.8,68.4,53.1,57.7,Pass
4.8,70.2,49.4,42.9,44.3,30.5,45.4,42.7,Fail
4.5,68.0,41.6,35.4,48.4,42.7,42.5,47.1,Fail
2.7,64.8,57.5,38.6,44.3,33.4,46.6,32.3,Fail
6.9,63.7,69.1,49.3,49.5,35.2,55.3,48.6,Fail
6.4,60.3,59.8,35.1,59.0,48.1,52.1,23.3,Fail
1.9,73.1,51.0,37.8,51.1,42.7,47.1,42.3,Fail
3.9,71.0,53.8,39.1,47.9,44.3,47.0,38.4,Fail
7.5,62.7,56.5,58.0,49.3,38.8,54.1,39.9,Fail
9.9,72.4,47.4,60.1,65.3,68.0,58.4,65.4,Pass
11.4,62.5,57.7,48.8,66.0,51.4,58.4,63.3,Pass
10.3,68.5,67.7,63.6,63.2,72.1,64.7,84.1,Pass
6.7,72.3,48.3,47.4,66.1,62.1,55.1,54.6,Pass
2.3,64.8,45.3,36.8,56.4,42.4,47.2,31.3,Fail
5.8,67.9,61.2,36.4,51.4,44.8,49.8,43.8,Fail
0.9,54.0,47.4,32.3,54.5,33.0,45.7,31.0,Fail
7.5,60.3,60.6,55.1,53.8,46.8,56.2,28.5,Fail
4.3,72.8,52.7,40.5,50.6,52.3,48.2,46.4,Fail
1.3,75.1,51.5,50.9,52.6,53.6,51.8,45.2,Fail
8.3,74.4,57.0,60.0,63.2,70.8,60.4,58.2,Pass
14.5,76.0,85.4,58.4,76.9,75.1,73.9,74.4,Pass
2.1,72.3,33.2,40.0,32.0,53.6,34.8,28.1,Fail
8.7,63.7,57.1,37.7,47.2,57.7,47.3,48.3,Fail
5.2,74.7,49.0,36.4,45.1,28.1,43.7,32.2,Fail
4.0,60.0,51.5,23.1,48.0,52.0,41.6,44.9,Fail
4.0,60.4,43.4,24.4,43.2,42.2,37.6,43.9,Fail
5.2,63.6,68.8,39.7,51.1,50.2,53.0,55.3,Pass
5.2,65.4,57.3,41.1,50.5,43.2,49.7,44.7,Fail
6.5,75.1,47.5,50.1,63.2,65.9,54.6,40.5,Pass
3.8,54.1,22.5,28.8,46.9,32.0,34.2,43.6,Fail
4.3,60.3,37.6,47.0,43.6,54.8,42.8,33.9,Fail
9.2,72.7,64.7,51.5,60.9,51.1,59.2,54.8,Pass
3.5,68.7,45.5,42.7,42.7,46.0,43.5,32.9,Fail
7.8,55.7,47.7,17.1,50.6,60.4,39.7,50.9,Fail
5.4,60.2,43.1,42.0,58.3,59.1,48.8,52.3,Pass
4.7,51.7,51.5,45.3,53.1,49.5,50.3,42.9,Fail
17.2,75.0,74.3,51.1,82.3,90.7,70.5,81.0,Pass
2.7,59.7,39.8,36.2,36.2,46.6,37.3,41.8,Fail
15.1,82.1,82.8,61.6,78.9,74.8,74.9,93.0,Pass
10.7,54.5,70.2,66.0,58.4,64.4,64.2,60.8,Pass
4.4,70.5,41.0,30.7,49.1,47.8,41.2,37.5,Fail
10.9,69.0,71.9,75.7,71.6,75.4,72.9,73.8,Pass
0.6,58.0,37.7,42.5,46.7,43.6,42.7,22.6,Fail
4.1,72.7,57.4,43.2,69.9,46.9,58.1,41.3,Fail
3.6,75.1,55.0,28.8,46.0,43.6,43.5,36.0,Fail
8.4,64.8,56.4,45.6,66.6,64.5,57.2,70.0,Pass
10.0,66.7,60.5,59.9,61.1,59.4,60.6,59.1,Pass
8.3,67.1,62.1,51.0,54.4,66.3,55.7,52.7,Pass
7.2,63.3,44.6,36.8,68.9,52.0,52.0,45.5,Fail
11.3,62.1,52.1,65.4,74.1,58.5,64.9,40.7,Pass
10.4,72.2,79.1,55.1,65.3,59.7,66.4,58.0,Pass
4.3,59.9,55.9,42.0,44.0,17.4,47.0,32.3,Fail
4.7,66.4,57.3,50.9,39.7,46.2,48.3,39.2,Fail
10.0,85.7,64.5,66.4,77.2,73.1,70.2,58.2,Pass
6.5,67.0,40.0,55.8,38.5,74.9,44.1,61.9,Pass
6.7,62.0,47.8,51.5,51.8,44.9,50.5,45.4,Fail
7.3,66.6,57.9,41.7,50.6,49.3,50.1,64.8,Pass
1.8,63.2,51.8,34.4,54.7,30.9,47.7,24.0,Fail
4.2,63.7,50.9,52.3,62.2,37.9,55.8,37.4,Fail
8.8,66.1,61.1,38.7,47.9,60.9,49.1,54.7,Pass
4.2,51.8,42.6,27.0,45.1,35.2,38.9,30.7,Fail
5.7,71.9,58.2,50.4,57.4,44.4,55.5,50.9,Pass
8.8,63.4,49.3,49.4,55.2,59.6,51.7,55.6,Pass
11.6,85.6,69.9,46.8,67.6,74.3,62.0,71.8,Pass
12.4,71.9,64.5,66.5,79.5,62.9,71.1,66.8,Pass
12.8,71.2,78.5,65.0,67.5,79.7,70.0,79.9,Pass
6.1,63.5,28.4,68.0,63.2,66.1,54.2,64.2,Pass
5.7,68.0,50.6,46.3,48.6,55.7,48.5,41.7,Fail
3.0,56.7,45.0,54.9,49.6,44.9,49.8,35.2,Fail
14.6,72.1,56.0,74.0,77.2,54.9,69.9,72.1,Pass
5.5,71.6,58.4,28.1,50.5,40.4,46.2,45.6,Fail
14.4,69.1,68.5,64.2,59.5,60.7,63.6,76.7,Pass
7.9,73.9,50.3,50.3,52.9,65.3,51.3,52.7,Pass
11.9,80.9,76.2,60.6,63.9,78.9,66.6,70.9,Pass
6.3,72.9,48.5,39.3,61.3,55.5,50.9,57.1,Pass
9.3,73.0,67.0,60.9,61.0,59.0,62.8,53.9,Pass
12.2,60.2,64.0,53.8,74.2,61.6,65.0,64.9,Pass
4.8,56.1,43.2,50.2,51.0,78.6,48.4,45.0,Pass
12.8,64.5,56.9,68.5,64.6,75.4,63.5,87.4,Pass
3.2,60.8,38.9,35.1,45.4,38.9,40.4,36.3,Fail
16.9,80.5,85.0,66.8,73.0,87.5,74.7,96.9,Pass
7.3,59.2,61.6,40.8,53.8,38.6,52.2,44.5,Fail
4.3,63.8,53.3,40.7,50.9,49.1,48.6,46.6,Fail
10.6,78.2,64.4,60.8,64.5,63.8,63.4,65.9,Pass
8.1,61.7,60.3,44.2,53.2,57.7,52.6,60.6,Pass
1.8,55.6,42.8,29.1,48.4,25.6,40.9,33.1,Fail
5.2,75.7,48.3,47.9,47.7,66.9,47.9,49.3,Pass
3.4,56.7,36.5,46.0,47.7,32.1,43.8,30.2,Fail
3.6,67.1,44.8,41.9,56.0,40.2,48.4,44.0,Fail
3.5,74.1,44.2,41.0,53.6,35.2,47.0,51.4,Fail
9.0,61.3,57.4,52.3,49.8,49.6,52.8,49.1,Pass
11.0,64.3,74.1,39.1,66.0,59.5,60.4,55.9,Pass
4.0,62.9,49.1,37.4,54.7,43.1,47.8,29.3,Fail
1.5,62.3,53.4,22.6,42.4,32.5,39.8,33.7,Fail
0.9,55.9,38.6,26.0,33.2,36.2,32.7,29.1,Fail
19.1,98.7,86.5,73.5,85.7,100.0,82.3,99.1,Pass
7.3,73.1,44.4,41.0,59.0,52.5,49.2,53.7,Pass
10.6,66.3,66.2,46.0,61.6,56.5,58.3,62.2,Pass
5.9,56.2,43.4,63.0,44.7,60.3,49.8,49.2,Pass
1.2,60.9,33.8,32.4,25.8,26.0,30.2,30.3,Fail
8.5,73.7,51.0,63.0,72.7,74.5,63.3,67.6,Pass
15.9,93.8,82.8,80.3,82.0,69.4,81.7,85.7,Pass
4.4,65.9,43.9,47.4,55.0,54.5,49.4,44.5,Fail
1.1,59.4,53.2,37.2,52.1,25.8,48.0,26.7,Fail
2.9,55.7,51.5,54.1,68.5,30.6,59.1,24.0,Fail
10.9,76.0,60.3,61.8,71.2,69.8,65.1,60.9,Pass
8.1,77.9,40.6,36.3,61.4,65.5,47.6,66.7,Pass
12.9,61.2,65.1,57.1,55.5,72.6,58.9,63.0,Pass
6.7,68.6,51.5,37.5,41.2,44.9,43.2,37.1,Fail
9.9,63.7,66.0,40.1,45.1,65.7,49.9,65.5,Pass
5.1,55.3,46.9,43.9,46.6,36.2,45.9,42.4,Fail
3.1,77.3,58.6,22.5,45.6,40.9,42.6,39.4,Fail
9.9,79.0,67.4,57.5,63.2,59.0,62.8,66.5,Pass
11.0,68.4,52.3,41.5,73.2,60.8,57.4,48.1,Pass
4.5,64.1,42.3,39.3,52.3,39.5,45.4,42.1,Fail
15.1,75.6,69.2,74.1,75.1,79.5,73.0,76.5,Pass
15.4,69.5,70.3,60.4,75.5,63.2,69.4,70.3,Pass
3.5,59.9,42.8,27.0,40.8,44.7,37.3,45.0,Fail
3.6,70.6,54.1,37.5,47.4,39.4,46.4,46.1,Fail
3.7,59.9,49.4,43.7,37.4,32.1,42.9,28.2,Fail
6.2,71.2,50.4,49.2,60.5,61.1,54.1,58.0,Pass
5.2,61.8,54.2,41.2,63.4,62.4,54.0,58.5,Pass
2.6,53.6,31.9,26.6,50.1,40.2,37.6,32.9,Fail
3.8,74.1,55.4,38.2,52.6,47.7,49.1,42.3,Fail
1.2,44.4,42.7,34.9,43.6,26.3,40.7,26.7,Fail
1.4,76.0,47.8,35.9,51.3,27.9,45.6,22.6,Fail
2.3,70.7,50.0,39.9,49.1,46.1,46.6,28.6,Fail
18.6,83.8,87.6,73.6,89.2,74.9,84.0,100.0,Pass
17.3,77.2,86.1,62.2,73.0,86.8,73.7,85.5,Pass
10.2,69.3,67.1,72.8,60.9,48.0,66.3,41.9,Pass
4.5,67.0,58.8,48.7,47.2,48.0,51.1,45.4,Fail
2.2,64.1,31.0,38.4,32.3,50.2,33.7,42.5,Fail
6.6,60.2,52.3,43.1,56.8,52.2,51.3,32.3,Fail
8.6,70.9,58.1,64.4,65.4,69.2,62.9,56.0,Pass
4.0,66.9,49.3,33.4,31.9,56.7,37.6,50.7,Fail
8.4,67.7,64.3,56.4,60.0,57.3,60.2,59.6,Pass
2.9,81.4,51.3,42.1,50.0,62.6,48.0,43.8,Fail
4.6,64.4,49.2,38.9,45.6,42.2,44.7,32.3,Fail
5.7,52.7,50.9,38.2,37.2,35.1,41.6,47.4,Fail
17.6,73.0,65.0,83.7,78.8,75.4,76.1,73.4,Pass
3.8,70.2,61.1,24.1,52.2,51.6,46.4,58.6,Pass
8.6,64.5,55.7,65.0,55.5,55.2,58.4,58.6,Pass
3.4,56.1,55.4,45.7,51.9,36.0,51.1,27.1,Fail
3.1,74.9,41.8,40.9,54.7,51.0,46.7,39.0,Fail
4.0,66.2,40.6,38.2,35.1,29.6,37.7,30.6,Fail
6.8,63.4,50.8,45.7,59.2,74.2,52.6,57.2,Pass
16.2,57.3,69.9,69.3,65.1,64.1,67.8,72.7,Pass
4.4,70.2,45.8,53.3,48.9,52.9,49.3,50.6,Pass
11.0,73.3,57.6,61.9,77.0,70.6,66.6,65.9,Pass
18.1,92.1,86.8,80.3,87.9,89.6,85.3,90.8,Pass
7.8,60.6,65.4,47.5,64.2,62.4,59.6,51.6,Pass
12.2,71.7,79.2,43.2,68.6,73.7,64.2,76.4,Pass
3.9,67.1,45.6,25.4,55.5,41.4,43.5,48.0,Fail
8.5,80.2,52.4,63.7,61.8,67.3,59.6,51.1,Pass
9.8,73.8,59.6,59.3,61.8,42.7,60.4,61.2,Pass
2.5,57.3,55.9,42.3,45.9,34.1,47.8,42.2,Fail
3.6,74.7,57.8,48.9,44.7,51.3,49.9,37.9,Fail
5.5,64.1,53.3,48.6,48.5,41.9,50.0,40.5,Fail
4.1,66.4,44.4,48.4,53.2,44.3,49.1,38.1,Fail
5.9,73.1,61.0,38.6,62.6,48.9,54.9,50.8,Pass
2.3,75.3,65.3,44.0,45.1,27.4,50.8,26.6,Fail
17.1,83.5,78.1,77.6,94.6,93.8,84.5,98.9,Pass
11.7,94.7,56.0,76.3,85.5,76.5,73.9,54.1,Pass
25.0,89.3,88.6,59.7,93.6,94.7,81.9,100.0,Pass
2.8,65.7,45.8,59.1,43.4,59.3,48.8,40.1,Fail
8.7,65.5,55.8,58.1,58.5,58.9,57.6,50.7,Pass
4.1,67.5,59.3,43.2,60.0,47.0,54.8,44.8,Fail
3.0,66.0,41.1,29.5,50.4,39.4,41.3,36.0,Fail
11.3,81.9,65.8,57.7,67.6,85.7,64.1,75.2,Pass
6.9,71.8,50.2,51.3,47.6,62.3,49.5,56.8,Pass
5.3,62.1,55.5,57.2,37.8,41.3,48.9,55.7,Pass
7.9,71.5,50.4,64.0,60.2,38.9,58.4,65.8,Pass
3.7,59.1,43.3,43.5,58.6,47.4,49.5,31.7,Fail
3.7,68.8,35.9,46.9,47.7,43.4,43.9,29.9,Fail
4.2,60.6,42.4,41.2,50.0,39.6,45.1,35.1,Fail
12.6,63.9,77.7,49.6,70.0,64.3,66.2,59.3,Pass
12.1,65.5,78.1,51.0,56.7,48.8,61.4,63.1,Pass
2.7,53.8,46.9,43.1,54.0,38.4,48.6,31.8,Fail
16.7,75.8,79.7,77.1,74.2,80.0,76.7,88.5,Pass
6.5,61.0,46.3,39.0,46.3,44.4,44.1,43.9,Fail
8.6,70.1,59.8,44.6,63.7,57.6,56.8,60.3,Pass
4.1,61.8,48.1,45.3,43.1,57.4,45.3,50.1,Fail
6.8,72.3,55.4,45.3,48.1,50.2,49.4,42.7,Fail
3.0,66.7,52.5,31.2,55.1,51.9,47.2,25.4,Fail
4.0,62.2,39.1,42.4,47.6,44.4,43.5,38.1,Fail
10.8,82.9,87.0,65.6,79.1,80.5,77.4,66.7,Pass
10.9,65.7,74.5,45.5,62.9,61.0,61.2,63.9,Pass
8.8,78.6,54.7,51.0,59.4,52.8,55.5,58.9,Pass
5.1,67.4,51.3,49.7,53.9,67.1,51.9,45.7,Pass
2.6,60.0,38.4,49.9,45.9,48.6,44.8,42.1,Fail
13.5,85.2,77.6,68.6,72.0,89.1,72.7,85.0,Pass
11.4,78.1,65.5,55.0,63.4,72.9,61.5,59.6,Pass
1.6,53.3,24.1,24.4,43.8,33.0,32.1,19.3,Fail
11.0,76.1,57.5,58.2,68.6,75.1,62.2,72.4,Pass
5.3,69.3,62.0,43.6,56.6,53.7,54.3,39.9,Fail
10.0,80.1,62.3,37.6,52.5,58.0,51.0,71.8,Pass
2.3,67.4,43.0,21.6,47.6,42.4,38.4,32.9,Fail
4.3,70.4,55.1,21.5,54.7,40.9,44.9,46.5,Fail
7.1,65.0,61.2,47.0,54.2,40.4,54.1,39.8,Fail
17.1,78.8,77.1,81.8,84.9,84.0,81.6,80.7,Pass
7.1,66.5,36.8,55.4,48.4,47.8,47.0,35.9,Fail
12.3,62.0,56.8,46.0,66.7,82.9,57.5,68.1,Pass
7.7,79.5,42.1,43.6,48.3,48.0,45.0,45.1,Fail
7.5,60.0,41.8,34.8,59.1,46.3,46.6,35.5,Fail
9.1,73.1,60.7,54.1,57.0,55.0,57.2,55.4,Pass
6.4,65.0,52.7,53.7,57.0,57.9,54.7,60.6,Pass
10.6,70.8,72.6,66.3,74.9,66.6,71.6,57.4,Pass
3.2,69.3,46.9,33.2,55.5,59.3,46.2,41.6,Fail
6.5,61.6,44.5,45.7,54.9,62.9,49.0,64.2,Pass
17.9,85.1,91.0,69.0,92.2,88.1,84.9,92.9,Pass
12.6,78.8,82.8,62.6,84.2,61.6,77.3,63.7,Pass
8.1,63.5,62.6,43.0,58.9,57.0,55.2,43.2,Pass
11.7,81.3,67.3,56.0,77.3,71.3,67.9,65.0,Pass
15.3,89.3,74.9,59.1,72.3,67.5,69.1,70.2,Pass
1.5,78.0,36.9,10.7,41.6,36.4,30.9,27.0,Fail
5.6,64.6,44.3,40.0,61.7,49.2,50.0,41.7,Fail
4.3,66.7,45.0,44.2,47.8,45.6,45.9,36.2,Fail
2.4,64.9,33.7,38.3,40.2,30.5,37.7,17.3,Fail
19.4,88.6,82.7,66.4,86.9,91.6,79.5,94.0,Pass
9.4,85.3,62.1,36.7,61.8,61.7,54.4,56.6,Pass
11.4,77.6,76.3,58.8,69.1,72.1,68.2,63.4,Pass
4.4,69.4,36.7,31.6,41.9,36.8,37.2,38.4,Fail
5.5,57.8,49.7,37.5,45.7,55.4,44.4,41.2,Fail
6.6,84.3,47.6,40.1,59.9,60.3,50.3,55.8,Pass
8.4,66.3,41.0,36.1,67.2,42.6,50.0,48.4,Fail
10.4,51.2,52.2,61.2,56.6,59.9,56.7,56.1,Pass
1.7,43.8,36.7,33.8,24.6,31.2,31.0,23.8,Fail
10.0,74.6,72.6,55.4,73.3,62.2,67.7,53.6,Pass
5.8,56.8,46.5,50.0,55.1,33.3,51.0,42.4,Fail
15.6,79.2,70.7,69.3,71.9,76.8,70.8,86.6,Pass
13.9,64.7,61.6,58.3,74.2,64.3,65.6,64.1,Pass
7.9,71.9,53.2,65.3,57.8,53.8,58.7,55.7,Pass
6.8,72.7,27.2,63.6,63.2,63.3,52.5,48.0,Pass
5.5,68.0,44.8,35.0,68.7,41.6,51.4,31.9,Fail
8.5,64.6,62.8,52.3,61.9,75.6,59.3,53.3,Pass
13.4,83.1,52.1,66.5,77.2,97.4,66.5,72.9,Pass
6.9,65.1,50.0,54.2,65.7,55.4,57.5,60.8,Pass
4.6,64.0,46.1,31.6,56.1,32.3,45.8,32.8,Fail
6.8,64.1,58.6,57.5,58.4,40.4,58.2,43.5,Fail
8.0,67.5,57.2,41.2,57.5,58.6,52.5,60.1,Pass
3.0,78.6,53.0,40.0,44.0,43.0,45.5,30.4,Fail
2.5,63.0,37.9,26.0,42.1,31.2,36.0,24.7,Fail
4.7,55.5,32.0,34.4,43.3,42.0,37.2,32.7,Fail
15.6,71.0,68.3,57.8,74.8,64.4,67.8,66.1,Pass
13.0,73.4,66.9,53.4,57.6,91.3,59.1,80.0,Pass
2.1,56.2,50.3,40.6,40.7,41.3,43.6,44.7,Fail
3.5,71.8,37.1,40.3,46.6,59.1,41.9,52.2,Fail
10.3,61.0,75.6,70.9,53.4,69.8,65.3,48.8,Pass
5.1,65.2,51.1,40.6,54.2,53.2,49.2,49.1,Fail
8.7,78.5,54.9,46.7,68.9,52.0,58.0,65.4,Pass
2.2,57.6,35.2,29.5,41.5,12.0,36.0,15.8,Fail
6.7,71.6,53.6,46.3,47.9,62.2,49.1,41.8,Fail
6.3,67.2,52.2,48.5,53.6,50.9,51.6,55.0,Pass
11.4,73.4,64.9,54.8,72.4,85.9,64.9,71.7,Pass
8.4,74.2,64.2,40.4,66.9,53.4,58.1,56.6,Pass
7.3,53.9,45.5,52.9,50.8,49.9,49.8,47.4,Fail
1.8,71.8,46.0,47.9,49.5,37.8,48.0,38.4,Fail
18.2,66.7,73.7,67.9,74.4,94.3,72.2,92.6,Pass
9.9,81.0,77.3,70.4,73.9,44.3,73.9,55.2,Pass
4.2,68.5,34.5,36.8,45.4,48.3,39.6,45.5,Fail
7.2,72.4,73.3,58.3,55.3,49.7,61.6,55.5,Pass
5.2,79.2,47.1,37.7,61.8,51.2,50.2,48.6,Fail
5.9,76.5,46.1,68.5,56.4,68.6,56.9,49.1,Pass
12.9,82.0,68.0,48.1,73.6,62.0,64.3,69.5,Pass
3.5,61.8,47.3,28.2,50.7,30.3,42.9,36.0,Fail
10.1,69.2,58.1,74.3,62.2,80.4,64.6,68.1,Pass
13.2,82.6,76.0,49.3,68.4,69.5,65.0,77.4,Pass
9.2,74.7,57.2,51.7,61.0,55.8,57.1,62.0,Pass
6.0,69.6,47.7,40.8,43.4,45.3,43.9,46.6,Fail
4.0,64.3,39.9,40.2,55.7,28.6,46.3,31.3,Fail
4.3,61.9,57.3,42.2,42.1,57.6,46.7,47.4,Fail
7.2,57.5,54.7,43.1,67.0,62.6,56.1,37.1,Fail
6.9,73.4,46.6,55.2,50.9,39.2,50.9,57.6,Pass
10.9,71.6,59.7,69.6,69.4,62.6,66.6,79.3,Pass
2.3,60.8,32.2,30.0,55.4,22.9,40.8,29.0,Fail
12.8,60.9,85.7,42.3,71.0,71.8,66.8,68.4,Pass
25.0,90.7,98.7,86.6,99.8,100.0,95.5,100.0,Pass
6.4,56.8,33.9,46.0,48.9,38.7,43.5,49.0,Fail
5.8,63.5,39.8,45.1,44.4,44.1,43.2,53.9,Fail
6.2,73.8,44.5,55.0,40.8,65.3,46.2,60.5,Pass
7.1,69.0,57.2,64.6,61.2,53.7,61.0,63.0,Pass
5.5,65.8,37.2,45.5,36.0,42.4,39.2,48.6,Fail
1.5,56.0,28.9,28.6,29.3,42.1,29.0,48.6,Fail
6.1,62.9,49.1,37.6,52.6,48.6,47.0,51.5,Fail
7.4,81.6,58.6,50.0,57.0,69.6,55.4,57.2,Pass
13.6,82.6,67.5,73.2,77.8,84.7,73.3,64.5,Pass
3.5,60.5,41.8,32.4,56.9,46.0,45.0,37.5,Fail
16.7,79.2,65.7,76.9,76.9,75.3,73.5,83.0,Pass
5.3,68.3,54.7,34.0,49.0,59.1,46.2,53.0,Pass
3.8,68.1,32.0,40.2,59.4,44.0,45.4,37.2,Fail
9.9,71.7,60.0,40.8,68.1,61.0,57.5,59.8,Pass
4.9,51.7,59.6,33.6,54.7,27.6,49.8,18.2,Fail
6.5,67.5,50.3,59.5,60.4,46.4,57.1,57.1,Pass
6.8,67.4,42.6,49.2,52.1,43.9,48.4,56.7,Pass
9.6,88.0,64.7,56.9,65.8,70.7,62.8,71.5,Pass
6.4,89.2,57.1,53.8,55.2,66.3,55.4,60.1,Pass
5.9,72.2,54.9,50.7,60.6,49.0,55.9,49.4,Pass
5.2,60.8,50.0,44.6,52.8,47.0,49.5,43.1,Fail
9.0,76.2,68.6,55.9,68.9,60.4,64.9,70.4,Pass
4.7,52.1,41.0,29.4,32.1,56.2,34.0,39.3,Fail
13.9,72.4,62.8,50.4,77.7,50.6,65.0,52.3,Pass
6.8,55.1,43.6,50.3,47.1,38.8,47.0,45.4,Fail
1.9,66.7,38.6,24.1,29.5,34.5,30.6,39.6,Fail
8.0,59.9,56.3,50.9,46.7,55.9,50.8,52.6,Pass
8.8,68.3,47.0,60.5,54.9,54.1,54.2,64.4,Pass
13.9,76.3,63.1,55.4,67.4,58.5,62.5,82.7,Pass
4.1,64.7,48.0,34.3,49.1,49.0,44.3,43.9,Fail
3.7,60.7,55.2,36.9,51.4,56.4,48.2,58.5,Pass
9.7,74.3,54.6,46.9,62.1,47.1,55.3,38.1,Fail
12.7,65.2,67.8,51.1,64.3,70.0,61.4,61.5,Pass
4.0,78.7,49.9,38.7,54.3,57.7,48.3,54.2,Pass
7.8,61.1,58.0,40.5,57.2,56.0,52.4,57.5,Pass
6.4,68.0,53.7,50.5,63.9,61.0,56.8,46.9,Pass
4.1,69.9,49.4,42.2,46.5,42.1,46.1,38.9,Fail
6.2,72.9,74.7,33.8,58.5,42.8,56.0,63.5,Pass
12.2,80.8,92.1,77.6,86.5,84.3,85.5,85.4,Pass
6.8,55.4,48.1,41.1,42.5,51.1,43.8,29.1,Fail
6.0,59.9,42.6,42.6,47.6,49.0,44.6,42.3,Fail
9.4,72.4,62.5,49.1,56.6,62.3,56.1,58.9,Pass
12.8,79.2,74.2,62.9,64.2,59.0,66.8,74.7,Pass
3.5,74.3,59.9,33.1,54.2,38.5,49.6,42.0,Fail
8.0,65.5,37.7,36.8,64.0,55.0,48.0,61.9,Pass
5.3,59.1,45.0,38.4,63.7,60.4,50.5,50.1,Pass
6.8,63.8,48.7,58.8,53.4,42.4,53.6,47.3,Fail
9.9,90.0,60.3,64.3,72.4,61.7,66.3,68.2,Pass
5.6,78.7,42.8,58.0,58.9,58.7,53.8,46.0,Pass
6.3,66.2,50.7,40.2,52.4,28.0,48.2,43.0,Fail
11.6,84.2,74.1,54.2,81.2,67.9,71.0,81.7,Pass
8.7,65.9,47.2,46.0,56.4,45.1,50.5,35.5,Fail
6.2,75.1,55.6,52.0,64.6,72.6,58.1,59.5,Pass
7.3,57.7,55.3,54.7,51.2,58.2,53.5,32.9,Fail
6.9,71.1,68.3,45.5,50.9,44.8,54.5,53.5,Pass
1.8,70.3,49.8,23.9,39.2,38.7,37.8,34.8,Fail
7.3,66.1,53.7,56.4,44.7,45.0,50.9,55.0,Pass
2.7,68.1,48.3,48.0,56.4,32.6,51.4,26.6,Fail
12.6,70.6,72.5,65.0,78.7,57.6,72.7,61.2,Pass
2.7,65.7,46.1,50.2,41.5,35.2,45.5,41.9,Fail
5.1,62.3,55.2,24.6,43.7,47.4,41.4,52.7,Fail
4.5,72.0,47.9,34.6,46.5,57.1,43.4,37.9,Fail
15.2,68.1,80.4,65.7,76.1,65.4,74.3,69.6,Pass
12.3,66.6,60.5,49.2,59.6,57.2,56.8,55.4,Pass
1.0,71.6,38.0,43.4,47.8,58.6,43.5,46.0,Fail
6.6,48.2,43.9,31.0,45.8,45.3,40.8,46.6,Fail
3.1,58.6,36.0,48.6,51.1,37.5,45.8,39.4,Fail
7.3,67.6,60.9,40.3,62.3,45.1,55.3,48.2,Pass
9.8,74.6,49.4,67.8,54.6,57.7,57.0,41.8,Pass
7.7,65.4,51.6,40.9,47.4,53.4,46.7,45.3,Fail
10.1,63.1,61.7,31.7,62.8,67.7,53.1,60.0,Pass
5.7,76.7,54.5,48.0,55.2,42.0,52.8,34.3,Fail
7.9,77.9,58.8,58.0,70.3,56.7,63.2,37.8,Pass
9.9,68.8,59.3,44.6,65.1,75.9,57.2,72.7,Pass
5.0,51.7,46.8,53.2,43.3,29.5,47.3,28.2,Fail
3.8,67.0,39.7,52.4,59.7,56.2,51.5,47.8,Pass
4.4,66.7,45.0,39.8,46.7,63.9,44.1,58.6,Pass
6.2,62.1,49.0,47.0,42.8,49.2,45.9,41.5,Fail
6.7,52.4,52.8,43.0,49.3,58.6,48.5,48.3,Pass
8.1,67.5,64.0,55.6,53.8,38.8,57.4,52.8,Pass
4.1,71.1,48.5,49.5,57.9,44.1,52.6,38.2,Fail
10.1,79.5,69.9,42.2,59.6,73.0,57.5,67.3,Pass
17.2,80.3,79.2,88.0,87.9,72.9,85.3,88.7,Pass
4.6,60.5,46.8,50.9,46.6,56.5,48.0,30.3,Fail
22.5,92.9,99.1,78.3,87.1,100.0,88.1,100.0,Pass
18.5,73.1,67.3,87.0,83.3,80.3,79.6,89.7,Pass
6.7,57.2,54.1,61.2,60.6,56.7,58.8,51.1,Pass
6.1,66.6,46.7,29.6,53.7,56.9,44.4,50.5,Fail
4.3,77.5,60.2,50.0,53.7,63.4,54.5,62.8,Pass
10.9,85.8,62.3,68.7,82.7,59.6,72.4,53.9,Pass
7.0,57.9,48.9,48.2,60.7,43.8,53.4,49.9,Pass
7.4,65.4,41.9,58.2,59.6,59.8,53.9,63.2,Pass
3.8,84.0,55.7,46.2,41.3,50.1,47.1,54.0,Pass
11.1,67.8,59.2,60.8,59.3,80.6,59.7,76.2,Pass
5.8,79.9,51.3,30.6,55.6,48.8,46.8,44.5,Fail
3.2,71.6,48.1,34.0,52.7,39.1,45.7,42.5,Fail
6.4,77.2,42.6,59.8,62.3,58.5,55.6,59.1,Pass
4.0,61.2,40.8,32.8,39.4,44.8,37.8,41.1,Fail
14.0,73.5,68.6,63.7,76.6,72.3,70.3,69.2,Pass
18.4,74.8,91.0,64.0,76.1,76.5,76.9,84.8,Pass
6.5,74.2,56.7,41.9,62.4,54.0,54.5,50.2,Pass
12.1,61.4,65.8,60.0,57.3,68.8,60.7,60.2,Pass
11.9,73.0,66.2,58.2,76.9,59.8,68.1,70.4,Pass
0.4,73.6,70.2,17.9,50.1,24.6,46.5,27.4,Fail
4.4,70.0,57.0,35.4,49.8,48.9,47.6,56.8,Pass
7.2,76.7,41.1,62.6,59.3,85.1,54.8,56.2,Pass
5.1,53.0,47.9,49.1,42.7,55.0,46.2,45.4,Fail
4.2,57.1,54.3,38.8,48.0,39.8,47.1,48.0,Fail
12.4,84.4,58.5,66.4,64.4,71.1,63.2,66.3,Pass
5.0,67.0,50.9,36.9,53.8,47.9,47.9,32.8,Fail
8.1,61.4,50.3,60.6,53.8,49.5,54.8,54.7,Pass
11.8,79.2,60.5,58.4,67.6,72.8,62.7,55.2,Pass
14.4,73.0,81.4,53.8,74.7,60.1,70.4,75.3,Pass
3.2,84.1,46.3,27.7,46.7,42.0,40.9,23.9,Fail
3.4,68.9,42.2,24.0,62.7,53.9,44.9,44.4,Fail
7.6,61.7,46.5,40.0,52.7,58.1,47.0,61.9,Pass
1.5,68.8,34.9,50.3,51.3,45.8,46.1,34.7,Fail
3.5,77.1,45.8,66.0,43.1,58.7,50.8,47.1,Pass
13.1,75.7,64.1,72.4,55.1,69.8,63.0,69.0,Pass
9.6,65.4,49.3,36.8,61.1,44.9,50.3,65.0,Pass
6.2,67.8,52.5,35.6,61.8,51.4,51.2,43.0,Fail
8.8,65.7,37.1,40.8,64.6,60.1,49.2,69.6,Pass
10.0,69.9,61.8,51.9,69.8,76.9,62.0,69.6,Pass
2.5,51.9,48.4,25.9,40.9,28.3,38.6,33.2,Fail
4.9,72.9,47.4,49.6,56.8,46.9,51.8,53.1,Pass
14.1,67.7,71.3,60.4,66.9,82.3,66.3,71.1,Pass
7.7,74.1,55.6,58.3,55.1,65.4,56.2,60.7,Pass
8.0,67.2,75.0,54.8,62.3,42.5,63.9,41.4,Pass
6.5,69.6,61.7,58.5,58.5,63.5,59.5,67.4,Pass
1.8,58.4,34.2,27.0,37.2,50.5,33.2,37.2,Fail
4.5,67.0,59.4,50.2,53.4,41.9,54.2,46.0,Fail
8.5,73.7,78.4,45.3,72.2,68.4,66.0,78.1,Pass
5.0,63.2,47.2,41.3,43.8,51.7,44.1,54.0,Fail
3.3,50.1,45.5,27.3,47.5,28.5,40.8,30.8,Fail
3.6,67.0,55.4,42.9,40.3,31.9,45.6,55.9,Fail
14.3,80.3,63.7,78.5,62.6,81.5,67.7,71.1,Pass
4.8,54.3,31.2,49.7,46.7,53.4,43.0,40.3,Fail
12.7,67.4,66.9,63.0,67.7,65.2,66.0,70.0,Pass
8.0,66.8,49.5,48.0,57.7,44.4,52.3,44.5,Fail
5.8,48.6,44.4,39.7,47.4,23.7,44.2,36.6,Fail
4.0,70.5,57.3,55.2,58.6,47.9,57.2,35.9,Fail
9.8,67.8,64.5,45.9,66.4,52.8,59.7,56.8,Pass
11.9,76.6,71.2,64.5,73.4,61.8,70.1,59.2,Pass
10.3,63.9,58.7,63.8,71.2,76.7,65.2,57.7,Pass
2.7,79.4,44.1,40.7,56.6,51.6,48.1,50.0,Fail
4.8,54.4,40.2,47.5,47.2,49.3,45.2,47.8,Fail
5.2,62.3,63.0,62.0,59.9,47.5,61.5,37.3,Fail
1.5,71.4,62.5,35.3,46.6,43.6,48.0,33.7,Fail
8.7,61.2,64.4,47.1,56.9,57.7,56.2,67.3,Pass
9.5,72.1,58.4,55.9,71.7,57.9,63.0,60.0,Pass
9.3,76.2,52.6,58.9,60.9,61.8,57.8,54.5,Pass
8.4,58.0,76.0,60.0,61.8,65.5,65.5,54.6,Pass
5.5,61.3,53.0,53.7,53.7,50.7,53.5,44.8,Fail
3.9,66.2,51.1,43.1,50.6,65.6,48.5,39.6,Fail
5.5,70.2,47.3,26.9,65.7,59.2,48.5,51.7,Pass
8.0,63.0,60.4,35.3,56.5,51.9,51.3,55.2,Pass
13.4,90.8,72.4,75.9,89.6,80.3,80.3,85.3,Pass
7.0,72.2,47.2,42.8,48.8,53.7,46.5,51.1,Fail
6.8,74.4,53.2,57.9,57.2,67.9,56.2,50.4,Pass
1.6,67.7,46.7,42.9,43.5,28.2,44.3,32.5,Fail
8.3,57.5,66.1,46.0,62.5,51.5,58.6,54.3,Pass
13.9,75.8,57.9,57.1,61.9,79.6,59.3,70.5,Pass
6.2,67.3,42.7,43.9,55.4,55.0,48.1,54.5,Pass
5.9,65.0,47.9,46.1,58.8,62.4,51.7,63.7,Pass
5.2,67.9,43.3,31.0,48.9,42.9,41.8,53.8,Fail
9.9,55.0,56.3,58.9,53.4,43.2,55.9,39.4,Fail
1.6,62.9,38.1,40.6,38.2,41.6,38.9,42.0,Fail
12.7,72.8,68.2,62.8,73.4,71.8,68.7,70.6,Pass
5.8,50.0,47.9,42.0,36.5,48.0,41.6,38.1,Fail
8.4,73.5,48.0,64.7,50.2,56.2,53.9,33.0,Fail
10.4,63.0,58.0,47.0,61.9,65.3,56.3,66.2,Pass
3.6,61.3,39.2,35.0,49.8,38.9,42.2,42.2,Fail
6.6,65.9,62.1,46.6,57.9,57.2,55.8,46.2,Pass
5.7,52.1,41.6,35.3,51.3,42.3,43.6,33.4,Fail
3.0,49.7,36.9,32.9,33.5,50.1,34.3,34.3,Fail
11.8,78.5,59.9,46.4,56.5,51.8,54.5,67.5,Pass
5.4,61.6,49.0,38.9,56.7,30.0,49.0,47.5,Fail
2.9,60.3,42.7,35.4,35.8,44.9,37.8,29.7,Fail
6.8,68.7,66.1,40.4,61.4,38.5,56.5,40.7,Fail
2.4,48.8,39.2,44.1,27.0,36.6,35.8,24.9,Fail
5.0,62.7,59.6,45.6,56.5,41.6,54.2,39.7,Fail
7.9,68.6,68.7,48.5,60.1,67.3,59.2,53.3,Pass
2.2,76.8,44.6,33.7,56.0,42.4,45.9,30.6,Fail
9.6,64.2,57.1,38.3,65.7,52.5,54.9,66.9,Pass
7.0,74.7,51.8,42.9,55.4,69.4,50.6,42.5,Pass
10.4,72.5,52.7,56.6,59.5,69.2,56.6,55.1,Pass
10.4,63.4,78.7,53.1,66.8,50.3,66.3,55.1,Pass
4.9,60.8,43.5,34.2,45.1,26.7,41.4,40.0,Fail
5.0,72.9,44.7,59.3,29.6,62.2,43.0,57.4,Pass
8.8,76.8,52.2,63.4,59.7,64.4,58.6,57.9,Pass
3.2,59.7,39.3,33.0,38.5,47.0,37.1,41.9,Fail
3.2,66.6,44.0,44.0,43.6,53.0,43.8,25.6,Fail
4.5,57.1,56.1,50.8,50.7,48.9,52.4,34.0,Fail
2.5,61.6,58.0,39.0,55.4,41.4,51.3,28.1,Fail
2.9,60.0,27.1,34.9,55.1,37.7,40.6,41.6,Fail
3.0,71.1,60.0,23.1,54.2,45.0,46.6,41.6,Fail
5.4,70.2,65.3,43.8,51.4,46.0,53.3,44.0,Fail
5.3,61.0,43.9,35.1,56.2,57.1,46.2,46.4,Fail
11.3,68.9,56.0,51.7,53.8,70.5,53.8,63.0,Pass
5.5,66.4,55.1,40.8,48.2,61.1,48.0,49.8,Pass
6.3,66.3,47.4,43.4,51.7,53.0,47.9,48.0,Fail
16.5,77.6,88.3,67.3,67.7,82.0,73.8,78.6,Pass
1.1,58.5,43.7,20.0,42.8,31.5,36.2,22.4,Fail
7.5,80.0,53.0,35.8,54.7,71.7,48.5,59.8,Pass
5.8,63.3,52.9,51.0,54.1,38.0,52.8,34.1,Fail
7.9,71.9,57.9,65.6,57.6,41.3,60.1,53.3,Pass
4.6,84.9,39.3,47.3,48.8,50.0,45.5,40.7,Fail
5.5,59.8,41.0,32.2,42.0,44.0,38.8,28.2,Fail
13.0,77.1,63.9,71.8,70.8,82.8,69.0,73.6,Pass
8.7,72.4,62.2,70.9,66.8,73.1,66.6,67.8,Pass
5.6,66.6,55.7,54.9,58.3,48.4,56.5,50.3,Pass
4.0,65.1,57.2,52.2,52.4,41.1,53.8,30.4,Fail
3.2,56.8,37.8,25.7,47.5,16.0,38.0,20.6,Fail
4.8,68.6,38.3,37.6,50.5,67.7,43.0,55.9,Pass
6.0,52.5,41.0,52.2,43.1,51.7,45.2,47.4,Fail
16.5,94.2,75.6,64.0,94.1,98.0,79.5,87.1,Pass
7.2,82.3,52.7,46.4,56.0,67.3,52.1,48.6,Pass
4.3,62.5,47.2,41.8,59.6,27.6,50.5,37.7,Fail
1.1,69.7,48.7,39.7,49.6,33.2,46.4,16.3,Fail
3.9,62.3,43.2,36.7,45.4,42.1,42.1,20.0,Fail
4.8,65.8,53.3,42.1,42.4,44.5,45.6,51.4,Fail
7.6,63.7,62.1,49.1,59.5,60.7,57.2,50.5,Pass
4.9,72.4,51.4,41.8,52.9,36.1,49.1,39.0,Fail
16.9,75.6,67.4,66.6,86.7,77.8,74.9,84.2,Pass
5.7,73.1,51.1,44.7,47.6,50.7,47.8,52.7,Pass
11.6,73.6,73.4,54.0,76.4,58.0,68.8,58.5,Pass
2.1,62.4,48.0,43.3,55.0,46.9,49.4,36.5,Fail
6.4,55.7,41.0,45.8,44.3,49.9,43.8,46.5,Fail
3.9,65.2,56.8,39.2,55.3,54.2,50.9,41.4,Fail
11.7,64.9,60.2,54.8,74.4,82.5,64.3,59.4,Pass
5.2,66.7,41.8,52.5,60.2,46.7,52.4,45.1,Fail
13.3,91.5,73.8,63.8,84.8,84.8,75.2,82.9,Pass
9.5,60.3,44.9,57.5,69.0,40.5,58.3,50.5,Pass
4.7,64.5,54.0,52.1,51.4,33.1,52.4,32.9,Fail
3.2,58.8,53.2,41.2,46.1,42.7,46.8,39.3,Fail
4.1,56.6,37.2,23.7,55.9,36.8,40.6,40.5,Fail
5.5,60.3,47.7,38.4,33.6,60.2,39.3,53.8,Fail
9.5,83.2,70.9,49.0,65.7,69.2,62.2,75.2,Pass
6.5,81.7,46.9,39.0,52.5,41.8,46.8,50.0,Fail
10.5,64.2,50.5,64.0,61.0,64.7,58.8,64.9,Pass
13.8,79.8,69.6,68.7,77.1,71.2,72.3,68.0,Pass
6.7,60.7,49.4,21.8,56.8,59.2,44.1,39.3,Fail
3.4,58.7,44.8,37.1,46.0,38.0,43.0,42.1,Fail
8.2,53.4,51.6,40.4,54.7,47.7,49.5,57.4,Pass
18.0,98.7,75.0,87.6,95.0,84.4,86.8,100.0,Pass
10.8,81.7,53.2,53.2,62.9,56.5,57.1,57.2,Pass
7.8,64.1,44.3,51.0,52.5,46.7,49.6,45.4,Fail
3.7,66.7,51.4,42.6,43.0,52.3,45.4,32.0,Fail
5.8,63.8,58.3,36.3,53.2,62.6,49.7,36.4,Fail
2.2,70.2,44.7,28.3,35.4,54.0,36.1,37.5,Fail
3.0,60.9,50.0,55.1,55.3,45.5,53.6,47.1,Fail
8.3,68.4,52.3,53.9,63.9,49.7,57.4,49.6,Pass
1.8,56.9,37.7,33.6,34.1,23.9,35.0,39.6,Fail
5.3,71.2,59.4,55.3,63.5,52.3,59.8,47.7,Pass
2.8,81.0,53.6,57.2,50.5,38.0,53.4,32.5,Fail
3.1,61.4,46.0,50.7,41.0,59.5,45.4,42.5,Fail
6.8,65.8,52.2,34.0,57.4,57.1,48.8,58.2,Pass
4.1,64.7,38.3,40.5,36.0,43.8,38.0,47.4,Fail
2.4,65.0,45.0,34.0,43.1,41.1,40.9,40.4,Fail
4.6,63.1,50.6,58.0,52.4,46.2,53.5,28.1,Fail
2.4,59.7,60.4,41.6,58.8,47.9,54.1,34.5,Fail
12.8,76.0,67.8,50.5,62.1,72.9,60.3,73.1,Pass
9.8,57.8,54.0,34.4,49.7,49.5,46.4,55.4,Pass
9.8,67.4,62.1,68.0,60.5,64.6,63.2,62.1,Pass
3.8,48.6,53.8,35.4,42.2,35.6,43.6,35.5,Fail
8.4,66.1,59.4,49.7,64.3,52.3,58.4,50.6,Pass
7.4,61.3,51.8,43.5,65.1,48.3,54.6,39.8,Fail
4.0,69.8,42.7,33.8,56.7,42.9,45.6,36.4,Fail
6.3,61.7,44.4,44.6,48.4,22.7,46.1,33.7,Fail
2.1,59.6,48.3,41.8,54.1,42.3,48.7,32.8,Fail
3.2,46.7,38.1,33.5,39.9,41.4,37.4,45.9,Fail
6.2,75.6,71.1,57.0,63.1,44.5,63.7,44.7,Pass
4.8,57.1,47.4,46.0,50.8,29.7,48.3,28.5,Fail
8.0,65.7,59.6,57.1,61.2,68.5,59.5,69.5,Pass
4.1,71.1,45.1,43.4,56.6,65.3,49.2,34.6,Fail
5.2,72.5,45.6,43.1,58.6,48.3,50.0,34.6,Fail
6.5,58.9,56.8,33.7,58.0,57.4,50.4,53.9,Pass
3.9,68.9,58.0,49.7,47.7,44.0,51.4,23.3,Fail
5.2,57.1,39.6,43.0,41.3,46.3,41.3,35.4,Fail
7.4,70.7,50.1,46.7,62.3,50.8,54.0,47.4,Pass
14.8,71.5,65.8,55.2,75.3,80.8,66.4,72.8,Pass
3.9,56.6,50.2,49.1,52.7,44.5,50.9,31.2,Fail
4.8,66.0,52.3,41.9,48.0,58.7,47.5,47.4,Fail
10.7,67.1,60.7,72.3,68.7,61.2,67.4,61.6,Pass
12.3,90.9,65.6,46.1,72.1,76.8,62.4,68.8,Pass
8.9,65.7,70.4,53.8,58.7,64.6,60.7,47.4,Pass
12.1,65.0,71.5,45.7,75.2,68.5,65.2,64.3,Pass
3.8,57.4,28.9,31.1,51.1,43.0,38.4,33.5,Fail
11.4,73.5,71.7,56.0,69.9,79.3,66.3,72.0,Pass
10.0,72.9,59.6,60.8,61.4,53.7,60.7,53.7,Pass
3.1,66.2,41.2,40.8,46.0,47.1,43.0,36.2,Fail
5.3,73.7,58.8,40.2,56.5,43.0,52.3,49.7,Fail
1.3,48.2,39.9,23.9,35.1,22.4,33.2,34.1,Fail
7.0,76.1,57.5,34.0,61.3,50.4,52.0,52.1,Pass
11.3,66.2,55.3,50.9,60.0,66.5,55.9,53.6,Pass
4.7,68.9,58.2,35.9,63.7,50.3,53.7,33.7,Fail
3.4,77.8,40.2,52.6,36.6,45.0,42.5,49.0,Fail
3.2,57.5,49.8,32.8,41.0,45.9,41.2,38.8,Fail
6.4,61.0,51.8,40.8,58.0,56.5,51.0,46.6,Pass
8.8,62.4,56.0,51.8,69.0,72.4,59.9,67.7,Pass
15.0,75.3,68.2,79.1,70.6,74.3,72.4,94.5,Pass
1.2,71.6,45.2,47.7,43.8,32.5,45.4,25.8,Fail
14.0,67.9,57.4,84.3,72.4,74.8,71.5,79.4,Pass
7.3,64.8,63.9,34.7,60.7,38.7,53.9,51.2,Fail
11.0,81.0,63.1,60.9,69.5,87.9,65.0,62.3,Pass
9.6,76.5,56.6,54.3,69.2,59.5,61.0,59.5,Pass
6.7,64.0,51.0,29.3,56.0,41.7,46.5,46.3,Fail
6.5,66.1,49.8,35.3,56.2,50.3,48.0,52.9,Pass
8.1,77.0,69.2,60.3,74.0,60.3,68.4,56.7,Pass
5.6,79.4,41.2,51.9,53.9,55.2,49.5,45.2,Fail
5.8,80.6,55.2,52.6,56.2,58.1,54.8,44.8,Pass
9.1,82.0,75.5,59.5,65.2,54.6,66.6,52.8,Pass
3.9,59.3,46.1,23.2,42.6,43.0,37.8,35.1,Fail
11.6,88.5,71.3,52.8,72.3,68.3,66.2,69.4,Pass
11.1,67.4,62.2,51.4,60.2,59.2,58.2,72.9,Pass
4.8,52.6,40.2,46.2,48.7,50.7,45.4,55.5,Pass
9.1,71.8,64.1,54.2,65.9,45.4,61.8,64.2,Pass
8.5,82.0,60.1,62.3,65.6,68.6,63.0,53.7,Pass
4.5,70.7,51.3,60.2,54.8,64.6,55.4,66.2,Pass
9.5,70.8,64.6,39.3,68.7,62.5,58.6,63.2,Pass
14.5,79.7,76.4,65.8,69.3,94.9,70.4,74.1,Pass
11.8,78.4,67.9,59.5,71.9,75.6,67.0,68.1,Pass
2.4,64.1,51.2,28.8,57.5,35.6,47.0,39.1,Fail
8.7,68.1,65.9,55.1,57.3,50.6,59.2,53.5,Pass
10.8,67.0,68.0,81.2,82.3,64.1,77.7,56.0,Pass
4.3,66.1,56.9,32.5,49.0,45.1,46.4,40.3,Fail
11.6,72.9,75.9,64.2,70.9,64.7,70.4,66.3,Pass
4.0,64.8,37.8,30.6,49.4,49.3,40.3,41.2,Fail
5.5,75.0,75.6,29.6,48.7,37.3,51.0,38.7,Fail
4.1,62.9,48.3,34.2,42.9,32.7,41.9,30.2,Fail
3.7,62.8,44.3,41.3,51.8,44.2,46.4,37.0,Fail
8.1,71.2,58.9,54.2,58.2,51.3,57.2,54.6,Pass
2.6,84.1,38.6,57.7,44.6,46.0,46.7,47.2,Fail
5.7,58.1,50.7,44.6,58.8,34.8,52.1,53.1,Fail
8.1,78.5,53.4,52.6,63.3,56.3,57.1,60.8,Pass
4.2,62.6,47.8,47.4,47.5,41.4,47.6,41.2,Fail
12.7,74.8,69.0,63.9,86.6,64.9,74.5,68.6,Pass
6.0,56.7,44.3,42.2,42.5,49.7,43.0,44.6,Fail
15.8,94.0,65.4,71.6,74.2,75.4,70.8,79.1,Pass
2.4,64.7,46.4,42.2,42.9,52.5,43.7,41.8,Fail
8.3,75.2,59.2,56.8,63.3,61.6,60.1,41.5,Pass
7.4,56.9,53.4,43.1,56.6,44.0,51.6,52.5,Pass
5.1,61.0,45.1,54.4,44.2,19.4,47.5,29.9,Fail
6.7,71.3,49.5,55.1,46.1,71.4,49.8,48.9,Pass
9.0,69.5,57.1,60.8,64.7,64.3,61.2,55.5,Pass
10.0,75.6,63.8,47.7,62.2,72.3,58.3,58.7,Pass
6.1,84.1,62.8,44.8,60.7,60.8,56.6,72.6,Pass
8.4,74.1,52.5,65.7,60.8,67.9,59.8,56.0,Pass
3.9,61.1,52.5,48.2,54.9,45.4,52.2,40.6,Fail
10.1,66.9,65.5,41.2,59.5,62.9,55.8,53.7,Pass
14.1,70.8,73.6,66.7,83.8,74.9,75.6,81.8,Pass
10.6,69.3,76.6,64.3,65.3,71.3,68.4,55.0,Pass
4.1,61.8,32.7,30.2,36.4,49.7,33.4,49.1,Fail
3.5,65.2,62.2,48.1,43.1,46.6,50.3,41.8,Fail
21.3,89.8,84.3,84.8,85.6,100.0,85.0,100.0,Pass
13.6,79.8,73.1,78.4,69.3,84.5,73.2,82.4,Pass
10.0,73.1,62.3,54.1,66.1,57.2,61.4,56.8,Pass
14.6,79.1,62.2,53.9,81.4,70.2,67.4,80.5,Pass
6.5,88.1,63.7,56.1,47.1,66.0,54.8,53.8,Pass
9.9,66.1,66.5,43.2,68.9,52.8,60.5,51.2,Pass
12.7,74.9,71.2,56.5,80.9,73.8,70.7,64.2,Pass
5.5,52.3,34.9,23.8,60.2,33.3,41.7,45.5,Fail
8.6,67.3,47.5,43.5,60.7,54.0,51.6,63.1,Pass
11.9,67.1,58.4,70.0,52.9,43.6,59.7,74.7,Pass
3.3,58.1,54.2,38.1,37.1,34.2,42.5,31.2,Fail
5.2,56.8,48.2,38.5,54.9,45.3,48.0,37.8,Fail
11.7,63.2,46.4,48.7,62.6,56.3,53.6,56.6,Pass
7.5,70.0,72.5,50.9,56.0,39.5,59.4,34.3,Fail
6.9,74.0,68.0,46.7,49.4,47.1,54.2,51.2,Pass
6.4,61.5,42.6,66.0,43.8,48.3,50.1,47.4,Fail
12.4,58.7,59.1,57.2,67.5,68.9,61.9,63.3,Pass
3.6,65.2,44.5,43.3,51.1,42.5,46.8,48.0,Fail
5.0,69.8,55.1,37.7,60.0,38.7,51.8,33.4,Fail
2.6,68.5,47.3,37.7,56.6,50.6,48.1,30.7,Fail
5.4,58.3,42.8,45.6,42.5,61.2,43.5,54.1,Pass
7.3,63.9,64.3,38.7,63.4,44.6,56.3,54.9,Pass
1.6,53.0,53.1,37.1,36.6,49.8,41.7,29.8,Fail
3.9,58.8,45.0,39.4,45.5,38.9,43.5,11.3,Fail
7.5,62.7,49.2,26.7,49.6,54.4,42.6,48.8,Fail
8.6,66.2,69.8,57.9,66.2,68.9,64.8,53.3,Pass
16.5,77.8,58.8,75.1,72.8,93.4,69.3,100.0,Pass
9.3,72.1,53.1,55.6,65.9,57.6,59.0,68.3,Pass
6.0,60.4,58.0,37.6,56.0,58.3,51.1,45.8,Pass
7.2,67.5,65.8,69.9,66.1,60.1,67.2,53.4,Pass
7.3,61.5,50.5,41.1,58.3,49.6,50.8,54.3,Pass
5.0,52.0,63.8,12.1,62.3,32.9,47.7,37.0,Fail
7.7,73.6,37.9,55.0,52.1,55.1,48.7,52.5,Pass
4.8,60.5,56.5,39.5,55.8,50.8,51.1,50.9,Pass
7.9,55.6,53.2,33.3,56.7,46.3,48.6,58.2,Pass
6.4,72.2,50.6,44.9,50.5,54.6,48.8,61.4,Pass
5.8,65.0,58.1,43.4,60.4,43.7,54.6,48.6,Pass
5.9,70.7,49.9,38.9,60.3,58.0,50.8,54.9,Pass
10.2,75.6,54.4,57.3,59.7,56.2,57.4,64.6,Pass
9.6,62.8,59.0,55.0,48.3,78.7,53.5,63.5,Pass
5.6,74.2,53.0,45.5,54.6,53.0,51.4,50.4,Pass
10.0,57.3,50.9,43.0,53.0,50.5,49.4,49.6,Fail
6.4,64.5,47.6,49.4,54.2,45.7,50.8,34.1,Fail
6.4,64.0,48.7,30.5,53.1,39.1,45.0,44.9,Fail
5.0,59.8,34.9,44.6,59.6,54.2,47.7,56.9,Pass
15.5,88.4,64.0,74.0,73.9,85.6,71.0,80.8,Pass
14.6,79.9,80.6,65.1,81.5,79.9,76.3,82.7,Pass
4.3,53.9,33.4,33.3,34.5,44.1,33.8,31.3,Fail
5.4,56.4,47.6,29.9,41.9,37.0,40.0,45.5,Fail
8.2,87.1,47.6,50.0,59.9,59.0,53.2,55.3,Pass
9.1,67.1,70.4,44.5,56.2,40.8,57.0,61.3,Pass
3.4,57.7,42.0,27.8,47.8,56.1,40.1,35.7,Fail
3.7,73.7,58.5,30.7,52.3,32.2,47.7,49.3,Fail
0.5,46.4,51.8,39.5,43.4,23.8,44.8,29.8,Fail
9.1,82.0,52.5,62.4,56.7,61.7,57.2,54.8,Pass
2.4,56.5,36.3,56.4,43.0,40.7,45.0,28.1,Fail
4.4,69.4,56.6,44.2,47.0,47.0,49.0,37.6,Fail
10.8,69.1,57.3,62.5,72.7,68.2,65.0,74.4,Pass
10.6,60.1,61.6,52.7,54.2,77.9,56.0,54.1,Pass
15.0,79.4,74.6,81.5,64.7,83.1,72.7,83.6,Pass
17.8,88.9,63.5,75.9,79.1,79.0,73.5,74.0,Pass
25.0,71.2,98.9,96.6,88.3,100.0,94.0,96.6,Pass
5.3,57.1,46.6,42.6,49.7,57.7,46.6,33.0,Fail
4.6,75.4,42.3,60.5,56.3,53.1,53.4,40.5,Fail
8.4,73.3,71.2,47.5,67.9,63.0,62.8,49.0,Pass
2.6,66.8,39.6,47.8,30.7,35.2,38.5,25.9,Fail
5.7,74.3,47.6,45.1,59.7,60.4,51.7,43.9,Pass
7.3,72.5,41.9,41.7,57.8,46.5,48.2,47.9,Fail
8.8,71.7,63.9,51.8,66.8,52.7,61.4,48.0,Pass
9.3,80.1,63.0,35.3,71.4,67.3,58.0,55.0,Pass
5.6,63.6,36.4,51.6,45.3,57.3,44.5,66.0,Pass
2.9,63.3,46.8,43.2,39.9,32.4,43.0,28.6,Fail
3.3,70.6,54.4,57.0,52.6,41.6,54.5,21.4,Fail
1.5,55.7,43.4,23.6,47.7,29.6,39.2,34.4,Fail
4.7,77.0,63.1,37.9,47.3,58.2,49.2,44.5,Fail
2.6,65.5,40.0,25.7,45.8,35.5,38.0,26.3,Fail
4.9,56.7,61.0,43.2,46.3,40.7,49.8,31.3,Fail
8.4,68.5,57.4,46.9,55.6,68.3,53.5,63.0,Pass
2.9,52.4,47.9,27.1,40.4,22.9,38.7,29.9,Fail
7.0,69.1,65.0,51.3,62.7,47.8,60.0,43.6,Pass
5.6,63.7,71.5,53.2,59.0,25.9,61.0,38.5,Fail
8.1,62.8,46.4,49.5,49.2,33.6,48.4,46.6,Fail
9.2,56.8,49.5,45.1,46.4,49.0,46.9,54.4,Pass
5.4,60.1,50.3,52.5,57.8,31.2,54.0,29.8,Fail
6.7,66.6,50.4,44.1,60.2,40.0,52.4,50.6,Fail
5.6,63.7,43.9,40.8,59.4,28.7,49.2,30.4,Fail
5.0,54.6,34.2,44.3,49.3,40.4,43.3,39.2,Fail
4.2,65.2,49.0,34.4,58.8,49.5,48.5,38.9,Fail
8.8,62.7,62.8,59.3,42.9,56.2,53.8,54.7,Pass
13.6,83.7,75.1,57.6,75.0,83.2,69.8,88.0,Pass
12.7,83.8,57.5,58.4,66.8,60.9,61.5,69.1,Pass
2.7,61.2,30.9,25.9,56.8,53.4,39.8,46.8,Fail
13.4,88.7,73.9,74.4,68.4,76.7,71.9,77.6,Pass
3.6,63.2,44.2,50.9,37.7,31.9,43.6,49.0,Fail
7.3,58.4,49.6,44.3,48.7,49.3,47.7,51.7,Fail
8.0,79.1,57.5,56.4,58.1,62.8,57.4,45.9,Pass
2.3,75.7,43.3,42.3,45.7,49.9,44.0,31.6,Fail
6.0,75.2,55.8,49.7,63.1,64.0,56.9,46.7,Pass
13.9,70.6,77.8,52.8,83.2,72.1,72.5,70.4,Pass
1.1,51.4,30.1,24.4,43.7,30.0,33.8,20.5,Fail
22.2,83.8,93.2,91.6,100.0,100.0,95.4,92.2,Pass
1.4,81.5,47.9,49.4,58.1,54.3,52.4,39.0,Fail
7.9,60.1,39.6,55.9,48.8,46.8,48.2,31.4,Fail
2.3,69.3,40.1,37.5,45.2,32.7,41.4,46.0,Fail
8.7,69.7,58.4,58.8,65.9,57.7,61.5,55.0,Pass
12.4,82.4,86.8,49.0,67.0,80.7,67.5,87.1,Pass
10.5,62.5,53.9,35.5,58.6,53.8,50.3,49.7,Pass
11.5,71.8,59.7,45.9,70.7,71.5,60.0,66.4,Pass
5.6,59.5,52.4,67.6,64.2,52.4,61.7,52.9,Pass
2.5,56.3,41.0,53.3,42.8,34.6,45.4,46.6,Fail
13.8,82.5,62.3,51.6,75.3,69.0,64.3,77.9,Pass
19.4,74.3,67.2,74.3,85.9,91.3,76.8,82.7,Pass
7.0,70.7,40.3,44.2,42.7,42.6,42.4,46.4,Fail
5.2,66.7,57.2,54.8,50.4,60.7,53.8,39.0,Fail
4.0,57.2,36.9,44.0,38.9,55.2,39.8,49.7,Fail
10.1,66.2,79.0,50.4,70.3,58.7,66.9,62.7,Pass
11.8,76.8,62.4,65.2,65.6,86.6,64.5,82.3,Pass
5.2,66.0,56.4,49.9,61.1,50.0,56.3,48.8,Pass
15.5,78.9,65.4,52.1,79.4,73.1,67.0,80.8,Pass
9.7,69.8,61.9,58.6,61.6,57.6,60.8,47.5,Pass
7.0,66.0,65.1,46.7,53.2,50.2,54.8,46.1,Pass
8.1,69.5,54.3,39.9,53.6,50.3,49.7,57.3,Pass
3.4,75.6,40.8,36.1,61.2,37.4,47.6,30.6,Fail
10.1,76.4,60.1,58.9,50.9,73.9,56.1,56.3,Pass
3.5,63.2,44.2,39.6,46.3,39.8,43.7,43.1,Fail
4.8,57.1,38.8,38.1,47.2,26.0,42.0,34.0,Fail
6.4,64.3,65.3,42.4,39.8,71.6,48.2,63.3,Pass
17.7,73.9,77.7,72.9,89.8,89.6,81.1,86.0,Pass
7.7,62.9,64.5,33.2,58.9,34.6,52.9,45.8,Fail
3.8,49.6,51.1,51.2,49.5,26.4,50.5,28.7,Fail
8.1,69.6,70.7,47.0,66.3,40.9,61.8,50.4,Pass
9.3,87.7,54.8,61.9,72.6,66.7,64.0,78.7,Pass
12.9,77.0,74.1,77.2,78.1,77.1,76.6,83.0,Pass
6.6,73.7,51.3,58.2,62.3,56.7,57.8,59.7,Pass
4.2,72.7,49.1,45.1,54.5,42.3,50.1,32.4,Fail
20.4,82.2,76.8,79.4,94.8,88.2,84.8,92.4,Pass
8.1,68.0,75.2,49.6,80.3,57.1,69.6,54.6,Pass
3.8,53.4,37.7,22.1,37.5,32.1,32.9,29.6,Fail
6.5,69.4,59.0,35.7,60.0,51.0,52.4,54.4,Pass
4.8,66.2,39.2,44.3,55.3,53.3,47.2,50.0,Fail
13.4,69.2,65.5,58.4,58.9,64.4,60.7,57.7,Pass
9.3,80.3,71.2,42.1,79.8,74.0,65.9,63.1,Pass
5.5,60.4,51.9,44.8,55.4,34.1,51.2,27.3,Fail
11.8,96.9,65.1,72.0,77.3,71.7,72.0,64.3,Pass
6.2,70.7,47.9,56.8,52.0,52.4,52.2,53.2,Pass
6.4,67.5,54.4,50.7,60.8,39.3,55.8,51.4,Pass
4.1,80.4,52.2,38.4,46.5,49.6,45.8,26.9,Fail
4.1,46.7,31.7,41.9,53.3,42.2,43.4,37.3,Fail
19.6,81.2,80.5,81.0,94.0,80.1,86.1,98.8,Pass
11.5,70.3,62.9,49.5,65.4,58.5,59.9,48.8,Pass
1.7,60.6,46.1,25.3,53.2,28.9,42.7,27.6,Fail
3.5,66.0,54.9,46.8,37.2,29.2,45.4,17.1,Fail
3.0,61.9,49.9,39.9,39.4,42.2,42.7,35.9,Fail
6.9,79.5,60.4,52.4,60.8,54.4,58.2,62.5,Pass
5.1,69.6,54.0,44.2,53.9,39.8,51.0,43.3,Fail
14.9,81.8,78.2,73.6,81.3,76.5,78.1,74.6,Pass
5.4,70.2,59.5,39.8,56.2,48.3,52.3,53.4,Pass
18.5,71.9,92.1,72.5,92.4,64.8,86.3,73.9,Pass
6.3,69.2,45.6,52.9,43.8,51.3,47.1,60.2,Pass
20.8,86.9,84.1,82.8,77.8,89.3,81.2,98.5,Pass
5.9,58.1,57.3,35.8,41.9,30.2,44.7,34.5,Fail
5.9,74.2,46.1,40.3,45.7,57.2,44.2,52.6,Pass
11.4,57.4,49.7,54.8,60.5,54.1,55.6,62.2,Pass
10.4,92.6,63.4,37.8,70.1,82.5,58.4,81.7,Pass
2.7,62.9,44.9,52.4,47.8,41.4,48.3,39.6,Fail
7.0,61.6,48.7,44.2,56.0,50.5,50.3,55.2,Pass
5.1,71.1,54.5,48.4,55.7,53.7,53.2,45.4,Pass
4.9,70.9,48.8,49.2,41.8,64.5,46.1,45.8,Fail
7.0,84.8,56.7,53.9,60.2,53.0,57.3,52.1,Pass
5.6,81.0,42.1,35.3,52.3,62.6,44.1,58.8,Pass
7.4,58.2,57.1,36.2,63.1,46.1,53.2,51.1,Pass
3.4,61.9,50.3,24.5,49.9,36.6,42.4,29.2,Fail
2.2,55.4,39.5,43.5,54.7,35.4,46.8,22.2,Fail
11.6,79.9,68.4,46.6,63.4,65.7,59.9,72.0,Pass
12.6,86.4,72.3,58.3,72.6,70.5,68.2,85.6,Pass
11.2,62.9,69.7,67.1,71.1,50.3,69.5,57.3,Pass
6.8,67.7,55.7,36.7,52.7,50.3,48.8,56.3,Pass
5.3,61.3,38.3,43.3,51.5,43.0,45.1,31.9,Fail
4.4,72.0,65.7,49.5,50.3,57.3,54.7,53.2,Pass
3.9,68.0,58.5,40.1,59.6,43.5,53.4,37.9,Fail
6.3,77.0,56.1,49.5,48.3,37.8,51.0,49.3,Fail
12.5,71.6,67.7,65.2,82.8,65.6,73.0,85.4,Pass
4.2,64.1,49.9,56.3,54.9,50.3,53.8,48.0,Pass
12.5,78.2,62.3,53.6,74.0,56.3,64.4,58.5,Pass
2.3,60.6,51.7,31.3,48.1,18.3,44.1,16.8,Fail
7.7,71.6,65.0,55.5,55.5,60.8,58.4,40.6,Pass
8.6,80.5,60.7,52.3,68.9,69.4,61.5,61.3,Pass
4.8,82.8,59.8,41.2,54.1,57.3,51.9,41.8,Fail
3.2,59.9,52.7,46.3,32.2,49.8,42.6,24.8,Fail
10.8,90.1,70.4,41.3,72.9,59.0,62.7,73.6,Pass
6.8,64.1,44.6,56.1,48.2,54.2,49.5,50.6,Pass
24.3,96.1,100.0,100.0,100.0,100.0,100.0,100.0,Pass
12.6,71.2,67.0,58.7,69.2,79.0,65.4,64.4,Pass
12.6,66.9,56.5,47.6,56.6,75.3,53.9,77.4,Pass
0.9,70.9,51.3,36.3,57.0,43.6,49.1,30.1,Fail
4.3,64.8,49.9,45.0,45.3,39.2,46.6,31.1,Fail
3.0,73.9,46.3,25.3,57.2,25.8,44.4,35.3,Fail
1.4,67.7,59.7,35.7,42.1,18.9,45.5,21.3,Fail
6.5,71.1,50.0,64.6,55.9,58.9,56.7,62.7,Pass
10.6,77.1,56.8,69.0,67.9,74.1,64.9,68.6,Pass
3.5,72.9,50.1,45.6,36.7,38.6,43.4,20.8,Fail
1.5,69.2,42.5,39.3,40.7,44.5,40.8,38.7,Fail
3.7,61.2,41.3,38.8,48.3,46.1,43.3,60.2,Pass
6.0,70.6,64.5,47.2,57.3,41.2,56.4,36.7,Fail
5.8,79.0,46.3,46.7,56.6,63.0,50.5,39.7,Fail
6.7,68.4,56.4,48.7,62.6,55.1,56.6,65.1,Pass
8.5,66.2,57.6,35.6,53.4,36.5,49.3,40.9,Fail
6.6,62.9,52.0,25.8,54.2,43.8,45.0,46.1,Fail
10.9,79.9,75.0,52.2,60.5,75.5,62.4,57.9,Pass
3.5,62.3,62.1,47.6,46.0,35.3,51.3,28.6,Fail
5.6,69.6,52.1,50.1,62.6,59.3,55.7,46.2,Pass
9.4,69.0,66.6,60.5,62.9,71.1,63.3,64.3,Pass
7.9,78.9,59.8,53.0,58.7,51.8,57.3,45.6,Pass
17.3,82.0,79.8,84.5,77.2,76.8,80.2,85.1,Pass
3.6,75.7,53.5,53.8,42.7,52.9,49.3,35.1,Fail
9.4,82.4,64.9,67.0,73.2,69.4,68.8,65.8,Pass
4.4,64.6,40.9,34.7,63.4,49.0,48.0,39.8,Fail
4.1,75.6,61.5,43.4,51.4,46.0,52.0,40.8,Fail
12.1,71.8,69.3,55.4,56.1,80.2,59.8,67.4,Pass
6.6,70.0,53.8,60.3,66.8,61.6,61.0,58.5,Pass
7.8,63.1,49.5,58.0,49.2,50.3,51.9,56.6,Pass
4.6,70.3,52.6,46.8,55.0,53.6,51.8,42.2,Fail
4.8,68.2,48.1,48.8,55.0,48.6,51.1,40.1,Fail
2.2,66.8,45.9,39.2,53.8,26.4,47.0,44.6,Fail
7.4,58.0,50.7,37.4,51.7,36.0,47.1,47.2,Fail
3.3,48.0,34.4,43.9,43.8,36.7,41.0,37.9,Fail
6.1,58.3,62.6,61.2,50.6,43.7,57.4,54.1,Pass
10.9,77.1,57.4,62.8,52.4,57.3,57.0,59.2,Pass
1.7,67.4,37.4,34.5,41.0,34.2,38.0,42.6,Fail
25.0,99.0,100.0,88.2,100.0,100.0,96.5,96.8,Pass
4.0,61.6,49.0,36.9,41.0,44.9,42.2,53.2,Fail
6.2,69.1,58.4,34.4,56.3,49.5,50.4,41.6,Fail
7.8,63.8,58.8,39.9,58.9,37.9,53.2,50.0,Fail
4.0,75.7,44.7,41.2,61.0,30.0,50.2,41.5,Fail
4.9,60.2,53.2,43.7,43.4,56.7,46.4,41.1,Fail
12.4,84.3,64.9,50.1,74.1,70.6,64.1,78.8,Pass
10.3,70.3,70.1,57.0,57.5,69.9,61.1,70.9,Pass
5.7,79.4,47.2,61.6,40.9,55.4,49.0,49.1,Pass
6.7,69.5,47.9,51.0,51.8,46.0,50.4,39.4,Fail
7.3,70.0,49.5,53.0,52.7,50.9,51.8,61.7,Pass
9.2,65.0,60.4,55.1,62.5,68.5,59.6,62.6,Pass
9.6,88.9,65.5,43.9,76.9,70.3,63.6,74.8,Pass
9.4,79.2,63.5,41.9,66.0,54.5,58.0,38.9,Fail
5.1,70.2,50.3,49.2,48.2,56.8,49.1,52.3,Pass
7.1,70.4,54.9,54.6,51.4,47.5,53.4,44.5,Fail
11.6,68.6,59.9,67.1,73.6,69.9,67.5,65.8,Pass
20.3,89.7,75.4,94.2,94.6,82.3,88.7,100.0,Pass
7.0,67.9,43.2,42.7,48.3,50.4,45.1,33.9,Fail
4.7,66.1,42.8,50.6,40.1,48.9,44.1,37.3,Fail
3.9,71.8,46.8,50.1,44.4,41.2,46.8,42.2,Fail
9.5,73.7,72.8,68.2,72.1,69.6,71.1,48.9,Pass
2.1,62.7,34.9,49.7,36.2,28.2,39.9,31.7,Fail
9.5,82.9,55.1,53.1,68.5,70.7,59.9,54.5,Pass
9.6,65.0,44.1,51.7,70.2,61.6,56.8,72.9,Pass
4.8,52.5,49.4,40.6,41.2,34.8,43.5,40.7,Fail
7.7,62.9,52.6,40.2,53.0,37.4,49.0,51.1,Fail
5.8,68.2,41.7,54.8,51.9,64.7,49.7,43.2,Pass
2.6,68.7,45.6,36.0,35.9,40.4,38.8,35.6,Fail
9.1,65.0,53.0,61.8,53.9,53.5,56.0,51.6,Pass
8.7,99.9,77.7,72.7,73.5,65.5,74.5,66.8,Pass
5.1,67.6,45.1,40.6,44.4,38.3,43.5,46.1,Fail
20.2,85.5,99.6,65.1,100.0,98.5,89.4,97.8,Pass
6.7,57.7,52.1,43.9,48.7,49.6,48.3,47.3,Fail
1.6,50.4,35.2,43.2,37.0,20.8,38.3,21.5,Fail
12.0,60.1,60.0,68.3,59.6,65.3,62.3,78.8,Pass
10.4,83.5,68.2,57.9,67.3,55.0,64.8,51.7,Pass
11.1,83.0,65.0,61.3,64.6,75.9,63.7,58.6,Pass
3.4,64.1,38.6,37.1,31.6,34.6,35.4,37.0,Fail
7.6,59.4,58.1,41.2,52.7,61.4,50.9,47.9,Pass
6.6,65.7,60.8,30.5,68.4,62.5,54.8,43.8,Pass
6.0,78.6,63.8,52.5,70.4,50.3,63.0,51.3,Pass
13.8,72.5,68.1,59.1,64.4,65.2,63.9,61.8,Pass
6.7,60.8,60.4,46.9,43.2,36.4,49.5,43.3,Fail
5.2,63.2,51.9,48.3,36.7,29.6,44.7,35.0,Fail
5.1,63.8,47.0,50.3,43.6,33.4,46.6,37.3,Fail
3.2,69.7,42.8,33.3,44.2,37.4,40.5,28.8,Fail
7.1,50.9,56.8,34.6,54.4,24.9,49.2,30.4,Fail
14.4,78.6,58.9,71.6,70.4,83.4,67.3,76.5,Pass
5.4,60.9,60.2,48.1,58.2,50.9,55.8,57.3,Pass
7.8,65.1,56.1,43.4,61.1,57.7,54.3,40.5,Fail
5.9,73.1,49.0,55.2,57.3,62.7,54.2,55.1,Pass
6.3,57.1,44.0,42.8,49.2,36.7,45.7,31.6,Fail
10.7,74.3,60.1,50.4,72.5,54.1,62.2,61.0,Pass
3.2,67.7,52.4,30.1,53.4,51.5,46.1,40.6,Fail
2.3,67.4,47.3,41.3,36.2,35.0,41.1,34.6,Fail
12.0,80.1,64.4,63.6,74.0,73.9,68.0,84.3,Pass
4.7,70.2,46.1,46.3,47.4,28.1,46.7,43.5,Fail
5.2,72.0,54.5,34.5,60.6,57.7,50.9,47.4,Pass
22.6,80.1,100.0,64.7,99.3,100.0,89.1,100.0,Pass
10.4,83.4,87.7,64.2,83.9,53.9,79.1,52.6,Pass
3.7,55.0,52.3,47.7,32.0,53.7,42.8,31.3,Fail
12.5,78.0,62.2,47.4,72.4,70.8,61.8,84.0,Pass
10.5,67.2,67.2,51.1,59.6,78.9,59.3,68.0,Pass
0.4,46.7,28.9,51.3,49.0,11.6,43.7,23.0,Fail
7.3,64.2,52.0,52.2,34.0,55.9,44.9,42.7,Fail
3.3,63.0,56.4,49.8,51.4,36.7,52.4,30.1,Fail
6.3,78.7,54.3,63.2,62.0,53.0,60.0,62.4,Pass
20.4,99.0,88.2,80.3,79.7,100.0,82.4,86.1,Pass
11.0,72.2,59.6,78.3,69.0,50.8,69.0,61.0,Pass
11.8,63.0,56.0,41.1,49.4,81.5,48.9,80.2,Pass
5.9,56.6,46.7,46.7,44.5,62.0,45.8,34.6,Fail
11.8,80.3,73.6,64.1,74.2,72.0,71.0,69.5,Pass
4.1,70.6,54.8,31.7,44.9,32.7,43.9,18.3,Fail
7.2,63.8,55.9,40.1,56.0,48.6,51.2,46.7,Fail
10.7,63.4,69.8,48.9,63.7,62.8,61.1,63.4,Pass
10.5,80.5,51.4,45.2,69.5,58.8,56.8,63.7,Pass
2.4,53.1,41.2,20.8,34.0,41.8,32.2,41.6,Fail
17.9,77.9,73.5,71.0,88.1,86.6,78.6,89.5,Pass
3.6,68.1,63.5,35.6,31.2,42.3,42.2,39.9,Fail
24.9,73.9,89.9,82.3,100.0,100.0,91.7,100.0,Pass
10.9,80.7,71.9,66.6,67.8,52.6,68.7,57.8,Pass
10.3,91.4,76.0,53.8,71.3,61.4,67.5,64.3,Pass
3.8,65.5,44.3,42.1,50.3,42.3,46.0,28.2,Fail
4.9,65.6,56.9,42.2,53.4,39.4,51.1,68.6,Pass
17.1,80.9,86.8,70.0,83.1,71.3,80.3,85.0,Pass
15.9,80.9,82.4,57.9,89.0,69.3,77.7,72.3,Pass
6.0,61.4,46.2,42.0,40.5,47.6,42.7,56.9,Fail
5.7,57.8,37.3,36.2,41.5,47.6,38.7,59.7,Fail
5.8,64.1,67.9,52.4,57.9,69.7,59.2,47.9,Pass
12.5,76.2,65.5,67.3,67.6,80.6,66.9,68.3,Pass
11.8,66.2,71.5,52.2,75.9,54.6,67.5,76.0,Pass
8.4,59.3,50.9,40.3,71.2,63.9,55.8,46.9,Pass
7.3,65.2,70.9,39.3,58.4,52.2,56.4,54.0,Pass
6.0,56.5,45.0,40.1,37.5,44.6,40.5,40.7,Fail
23.8,93.9,96.6,100.0,94.3,100.0,96.7,100.0,Pass
2.6,40.0,55.8,41.3,25.8,18.3,39.4,29.1,Fail
5.2,56.9,34.7,16.7,51.0,41.8,35.8,41.9,Fail
8.0,80.9,69.9,66.5,57.5,49.3,63.9,55.6,Pass
2.2,60.9,42.5,34.0,42.5,34.5,40.0,23.7,Fail
4.6,67.0,55.0,29.5,49.6,55.0,45.2,45.3,Fail
20.2,83.2,82.6,79.8,96.6,100.0,87.4,98.8,Pass
11.4,68.7,76.5,49.8,68.0,61.9,65.1,58.4,Pass
4.6,74.3,45.0,58.6,50.4,58.7,51.2,42.4,Fail
4.5,60.8,47.5,34.9,42.0,45.4,41.5,34.0,Fail
2.6,56.5,49.6,26.2,48.3,49.6,42.1,44.2,Fail
5.0,71.3,44.8,62.7,44.4,39.5,50.0,41.7,Fail
9.3,55.7,56.3,53.0,48.1,54.1,52.0,45.5,Fail
8.4,67.8,48.9,45.8,53.6,51.6,49.8,59.5,Pass
5.2,62.1,45.8,58.6,64.5,51.1,57.1,53.2,Pass
3.6,61.9,66.8,50.2,49.4,45.7,54.9,36.1,Fail
5.9,63.2,61.5,38.2,53.4,47.4,51.3,39.2,Fail
5.9,70.1,58.2,38.3,57.6,69.7,52.0,64.3,Pass
10.5,81.4,68.4,59.3,70.2,56.2,66.4,75.4,Pass
7.7,72.9,44.7,48.7,55.9,48.2,50.4,60.1,Pass
7.1,65.8,52.4,40.7,48.6,60.3,47.4,51.8,Pass
13.1,80.8,77.8,63.8,71.4,76.8,71.0,68.2,Pass
15.8,84.9,73.5,86.7,78.5,75.9,79.5,64.6,Pass
8.3,72.8,61.3,60.9,51.1,70.4,57.1,69.3,Pass
8.4,78.5,52.3,56.6,60.0,60.6,56.7,45.3,Pass
6.2,48.7,38.3,37.7,47.9,44.4,42.0,35.2,Fail
3.8,64.8,65.3,38.4,47.3,37.4,50.0,33.0,Fail
11.0,75.7,81.7,64.3,78.4,70.6,75.2,71.0,Pass
9.8,59.9,56.9,57.0,61.1,47.5,58.6,31.1,Fail
6.5,69.6,47.7,47.3,49.4,44.7,48.3,46.7,Fail
7.7,76.6,50.8,60.9,56.6,66.2,56.2,71.1,Pass
12.6,73.3,70.4,50.6,78.8,44.9,67.8,55.5,Pass
13.9,81.9,87.8,74.9,73.4,71.4,78.2,79.9,Pass
0.9,69.3,37.0,39.9,37.3,42.1,38.0,28.4,Fail
4.4,76.0,53.2,30.8,47.8,59.9,44.3,49.7,Fail
6.5,77.1,57.3,42.7,58.9,55.1,53.6,49.6,Pass
3.2,74.8,62.2,54.2,54.1,53.3,56.6,34.2,Fail
7.8,65.4,57.5,53.2,62.0,60.1,58.0,57.8,Pass
4.6,62.4,36.8,39.7,42.4,37.9,39.9,40.1,Fail
7.9,49.7,56.7,47.8,63.3,45.9,56.7,47.1,Pass
4.7,57.1,47.9,39.7,51.3,43.7,46.8,51.7,Fail
4.8,75.5,45.3,47.7,50.2,67.3,48.0,50.3,Pass
7.9,64.6,63.7,57.0,63.9,58.3,61.8,56.2,Pass
11.3,76.7,63.1,75.3,81.1,67.6,74.0,60.4,Pass
9.5,73.3,63.7,45.4,67.0,48.2,59.5,60.3,Pass
6.5,77.7,57.5,59.2,70.9,51.9,63.4,40.2,Pass
1.7,45.9,34.8,26.9,30.0,27.2,30.5,26.2,Fail
4.7,68.5,43.5,31.4,37.0,51.4,37.3,40.4,Fail
4.4,68.0,53.7,53.5,55.1,41.4,54.2,43.2,Fail
10.2,65.4,50.3,47.6,68.5,60.7,56.8,53.2,Pass
7.3,76.4,64.9,59.1,51.5,58.8,57.8,57.6,Pass
7.5,57.8,45.5,55.7,61.4,53.4,54.9,49.7,Pass
3.9,73.2,40.4,59.4,47.0,41.9,48.7,50.4,Fail
14.2,59.8,77.6,72.3,74.4,65.9,74.7,55.6,Pass
7.5,61.8,54.3,58.7,57.0,56.0,56.7,43.6,Pass
3.8,63.4,31.4,49.8,48.8,38.1,43.9,32.0,Fail
3.9,66.4,47.6,42.2,53.0,28.4,48.1,36.0,Fail
8.1,54.8,57.5,58.7,54.0,54.3,56.5,54.2,Pass
3.7,72.8,54.3,39.0,48.6,27.4,47.4,38.6,Fail
4.4,71.3,44.0,36.9,53.3,44.6,45.6,43.1,Fail
3.1,78.9,44.8,46.9,49.0,36.5,47.1,36.3,Fail
10.1,77.7,64.8,67.8,61.4,62.8,64.3,57.7,Pass
3.7,58.5,53.3,36.2,49.4,55.8,46.6,47.9,Fail
15.5,70.0,61.5,63.0,68.9,81.5,64.9,73.5,Pass
8.7,67.1,47.5,38.0,56.6,50.4,48.3,55.9,Pass
3.1,81.2,61.5,34.7,50.4,33.5,49.0,37.4,Fail
9.4,71.7,70.1,47.3,74.9,42.7,65.2,39.8,Pass
14.2,77.8,64.2,76.7,74.3,64.2,72.0,75.0,Pass
6.4,78.7,53.3,45.1,47.0,45.8,48.3,68.6,Pass
15.1,68.8,87.7,69.8,84.7,64.3,81.1,88.7,Pass
8.8,74.9,67.1,39.6,50.7,62.1,52.3,67.2,Pass
4.6,69.7,49.7,54.2,66.6,46.9,57.8,47.4,Pass
20.4,92.1,97.6,85.0,94.3,100.0,92.5,91.7,Pass
2.5,69.8,42.1,25.8,42.4,30.0,37.3,35.0,Fail
5.4,66.0,51.9,38.7,49.8,43.8,47.1,59.6,Pass
6.5,56.7,47.5,36.5,39.7,31.0,41.1,35.0,Fail
18.5,77.7,86.0,77.2,83.8,87.6,82.5,77.5,Pass
10.3,79.1,69.9,54.2,64.6,47.6,63.1,64.4,Pass
9.3,86.0,66.2,54.3,67.0,54.1,63.0,52.1,Pass
4.1,55.1,48.8,30.3,52.5,39.0,44.7,28.0,Fail
6.2,57.1,58.6,31.9,54.2,18.5,48.8,37.1,Fail
4.6,52.9,48.8,45.7,38.4,35.5,43.7,43.0,Fail
9.1,64.8,59.4,60.2,52.8,53.4,57.0,55.5,Pass
12.9,83.1,74.1,58.2,76.0,80.4,70.1,82.3,Pass
23.0,98.1,100.0,94.6,100.0,100.0,98.4,100.0,Pass
5.0,49.4,37.4,30.3,43.9,39.7,37.9,41.7,Fail
2.5,53.4,44.3,40.9,46.1,29.1,44.0,33.8,Fail
5.5,55.5,32.6,39.8,47.4,41.7,40.7,38.3,Fail
11.9,67.3,61.7,51.4,67.1,71.0,60.8,82.5,Pass
3.8,62.8,61.5,29.9,55.8,43.8,49.7,42.8,Fail
6.7,64.9,46.5,55.8,67.0,64.1,57.5,56.6,Pass
9.3,75.3,48.1,41.8,63.6,59.6,52.4,56.2,Pass
5.1,50.7,37.8,38.2,66.6,43.4,49.4,34.0,Fail
7.7,65.1,60.6,30.9,58.5,41.3,50.8,40.8,Fail
3.6,75.3,48.7,33.1,52.3,42.3,45.5,36.4,Fail
13.4,87.3,64.9,54.9,88.7,76.3,71.4,76.1,Pass
5.8,80.3,65.4,25.8,58.2,50.1,50.6,50.8,Pass
7.5,72.1,60.0,44.7,46.5,70.4,50.0,43.7,Pass
1.8,56.9,31.4,30.2,32.4,22.6,31.4,36.3,Fail
3.2,65.2,44.2,27.8,53.3,36.9,42.9,33.9,Fail
11.7,94.3,88.8,58.8,81.1,87.6,76.7,89.2,Pass
5.0,61.8,46.1,39.4,43.0,51.2,42.8,48.1,Fail
3.7,79.1,37.6,25.9,37.3,47.1,34.0,44.7,Fail
2.3,43.3,41.4,31.2,35.7,20.3,36.1,33.4,Fail
13.3,80.5,73.8,69.8,82.5,75.9,76.1,86.3,Pass
10.0,77.2,73.8,58.9,66.4,61.9,66.4,61.4,Pass
9.6,74.5,58.4,57.6,60.9,71.8,59.2,75.3,Pass
16.3,83.1,81.1,70.3,73.7,83.6,74.9,85.3,Pass
5.4,70.7,54.0,47.7,51.8,63.5,51.2,49.6,Pass
2.5,67.6,45.2,47.0,50.3,59.0,47.8,40.1,Fail
6.9,65.6,56.1,69.2,54.2,56.7,59.3,40.4,Pass
18.0,79.4,84.6,65.1,82.7,88.9,78.0,68.7,Pass
7.0,57.5,55.7,37.3,61.1,47.2,52.3,41.4,Fail
12.7,81.1,77.1,54.5,68.3,57.1,66.8,69.5,Pass
2.6,73.5,29.0,50.6,49.4,29.5,43.6,36.9,Fail
4.1,78.9,39.9,57.7,50.9,58.0,49.6,32.4,Fail
11.3,67.0,64.4,63.5,76.6,77.3,69.0,72.8,Pass
7.4,55.1,52.3,33.1,58.8,43.4,49.1,37.0,Fail
6.3,70.6,45.6,43.8,63.7,48.6,52.3,54.8,Pass
12.6,65.9,62.3,62.3,71.1,65.0,65.8,71.0,Pass
11.2,78.0,59.2,62.2,64.0,60.4,62.0,54.2,Pass
7.6,51.5,55.4,62.0,62.4,70.7,60.2,50.8,Pass
0.9,69.8,35.6,44.0,45.4,34.2,42.0,18.6,Fail
6.7,69.3,55.9,56.2,57.8,63.3,56.8,59.0,Pass
8.7,55.1,62.1,44.1,51.0,32.4,52.3,44.5,Fail
1.8,64.6,36.0,38.9,48.2,48.7,41.8,33.1,Fail
8.5,71.0,47.6,36.7,55.8,75.0,47.6,57.7,Pass
13.0,79.8,63.8,64.3,68.2,75.8,65.7,85.4,Pass
6.7,74.5,48.8,50.0,58.8,60.6,53.2,53.6,Pass
3.4,44.7,40.5,22.4,36.3,43.0,33.4,40.6,Fail
1.0,57.4,25.6,28.9,32.5,37.7,29.4,29.4,Fail
8.6,69.6,70.9,64.5,55.4,57.4,62.8,53.2,Pass
2.0,60.0,31.9,34.1,48.6,29.3,39.2,46.9,Fail
9.6,68.7,49.0,58.9,70.3,67.4,60.5,51.2,Pass
17.5,89.4,82.3,97.4,99.1,79.5,93.6,79.2,Pass
4.2,51.2,42.8,32.9,50.9,45.3,43.1,39.7,Fail
5.8,64.6,62.0,51.6,37.9,39.9,49.2,30.2,Fail
18.1,80.0,78.0,73.1,85.5,76.6,79.5,72.4,Pass
7.2,67.8,52.5,57.7,54.4,35.6,54.8,42.6,Fail
5.0,58.2,52.6,40.2,66.1,39.4,54.3,31.3,Fail
11.9,91.4,78.8,73.5,78.4,84.1,77.0,84.0,Pass
5.2,74.1,37.1,57.3,46.3,56.9,46.8,53.1,Pass
4.0,82.5,53.3,42.6,49.9,44.9,48.7,46.2,Fail
9.5,76.5,79.2,64.5,54.7,55.4,65.0,59.6,Pass
12.5,81.1,64.3,47.3,71.0,85.2,61.9,60.4,Pass
4.0,64.8,48.6,41.2,37.9,23.9,42.1,29.8,Fail
7.6,81.6,67.8,63.9,49.2,59.7,59.2,64.5,Pass
6.0,71.7,57.4,67.5,49.4,43.3,57.2,40.1,Fail
6.6,66.4,44.7,34.8,46.3,51.3,42.4,64.2,Pass
3.4,78.9,49.9,32.1,52.8,46.6,45.7,47.5,Fail
9.9,61.5,48.3,47.4,61.2,66.7,53.2,67.6,Pass
15.5,72.7,64.3,68.8,74.4,88.3,69.7,84.3,Pass
3.9,87.2,62.8,39.5,56.8,32.4,53.4,46.0,Fail
9.9,77.2,69.8,64.1,69.2,57.5,67.8,55.8,Pass
11.8,53.1,73.8,51.7,71.3,61.4,66.2,73.2,Pass
7.6,77.3,65.8,44.6,54.8,66.5,55.0,46.8,Pass
9.7,63.5,57.3,42.8,62.4,62.8,55.0,48.9,Pass
4.2,60.4,38.4,39.8,46.6,31.6,42.1,33.0,Fail
15.0,98.4,90.7,76.7,88.0,86.6,85.4,75.0,Pass
12.5,88.2,76.5,72.7,74.1,82.4,74.4,66.0,Pass
13.3,91.9,80.6,63.8,72.4,69.2,72.3,75.8,Pass
3.0,58.7,48.2,40.5,44.3,32.6,44.3,27.2,Fail
9.0,68.5,68.0,66.1,56.9,54.6,63.0,58.4,Pass
4.5,67.1,36.9,52.7,41.8,40.3,43.6,55.5,Fail
15.7,85.8,67.4,67.2,87.4,79.8,75.3,75.7,Pass
4.0,62.1,39.7,45.4,47.8,43.1,44.7,49.0,Fail
7.8,84.4,63.8,51.6,50.1,59.9,54.7,55.4,Pass
1.4,65.6,38.8,30.5,19.9,40.4,28.8,34.4,Fail
7.7,81.2,68.8,43.9,62.5,54.9,58.8,65.0,Pass
3.0,57.4,43.1,51.9,39.7,30.5,44.4,48.3,Fail
9.2,67.7,77.3,45.8,63.6,49.4,62.4,56.6,Pass
6.1,69.3,66.7,44.3,58.5,55.0,56.7,55.2,Pass
5.3,62.7,50.5,25.2,50.8,37.7,43.0,44.3,Fail
15.9,87.5,67.2,81.8,74.5,87.7,74.5,97.9,Pass
21.2,94.0,96.1,84.8,100.0,100.0,94.3,100.0,Pass
2.4,61.0,34.2,46.2,34.6,48.3,38.0,41.3,Fail
5.4,71.7,44.5,48.0,61.4,41.5,52.3,36.7,Fail
10.8,89.3,65.2,62.3,75.1,62.5,68.3,66.5,Pass
8.4,78.4,57.0,60.6,57.6,68.4,58.3,56.2,Pass
10.5,77.8,68.8,57.5,70.6,48.7,66.1,50.2,Pass
6.4,78.0,58.8,32.0,56.2,58.2,49.7,50.2,Pass
12.8,88.8,64.2,67.7,83.9,84.9,73.1,70.5,Pass
7.6,81.3,57.2,62.1,57.2,43.2,58.7,35.4,Fail
8.7,69.9,47.5,43.8,64.4,58.3,53.2,50.6,Pass
3.0,70.8,50.5,20.3,40.4,36.3,37.4,39.8,Fail
7.1,66.1,39.1,40.7,55.8,65.1,46.3,50.1,Pass
10.9,72.6,61.7,60.1,67.7,80.4,63.6,64.5,Pass
8.1,73.6,53.1,40.6,64.1,78.3,53.8,59.7,Pass
7.3,57.2,56.1,44.3,57.2,63.2,53.0,43.3,Pass
9.0,73.7,53.6,56.9,59.2,73.5,56.8,54.6,Pass
7.5,63.5,47.3,39.5,41.1,75.6,42.5,56.2,Pass
6.5,58.3,53.7,55.5,42.8,50.6,49.9,48.7,Fail
11.1,79.7,69.7,65.4,54.9,73.9,62.5,52.6,Pass
6.3,65.5,43.9,36.2,50.7,63.3,44.3,46.3,Fail
2.9,65.2,50.1,43.9,55.2,40.4,50.3,24.0,Fail
15.5,76.7,93.7,60.8,74.8,71.1,76.3,76.1,Pass
4.5,60.5,43.4,35.4,45.0,37.5,41.6,49.1,Fail
2.3,63.7,33.9,36.4,39.2,35.7,36.8,26.9,Fail
9.6,60.6,57.8,58.7,60.9,57.7,59.3,51.9,Pass
16.6,79.2,65.9,70.9,79.7,76.5,72.9,86.8,Pass
9.8,87.6,63.8,62.2,65.6,51.8,64.0,67.5,Pass
14.3,67.6,64.8,76.3,63.9,85.0,67.9,75.5,Pass
3.7,75.8,55.7,44.4,57.1,67.1,52.9,57.7,Pass
2.9,80.2,35.8,35.8,57.3,31.9,44.4,21.3,Fail
5.4,60.2,36.2,48.2,53.8,35.4,46.8,52.5,Fail
12.3,77.4,70.9,56.5,63.0,63.7,63.4,71.9,Pass
9.3,60.8,61.2,48.1,43.2,45.1,50.1,41.2,Fail
9.7,60.0,40.2,56.4,54.8,54.0,50.9,43.9,Fail
7.3,70.1,67.8,53.9,69.0,54.6,64.1,46.4,Pass
5.5,69.9,59.0,42.9,40.8,53.7,46.9,49.1,Fail
7.5,64.5,49.0,44.8,52.3,49.5,49.1,61.2,Pass
6.1,58.3,50.5,59.4,62.3,62.1,57.9,47.3,Pass
5.2,60.0,32.6,21.7,54.1,34.4,37.9,39.4,Fail
8.5,77.3,65.8,56.3,65.0,54.9,62.6,65.5,Pass
5.8,74.1,47.1,46.4,46.4,72.4,46.6,51.0,Pass
7.9,74.6,55.3,47.2,70.3,59.1,58.9,59.3,Pass
1.6,58.8,40.0,35.8,40.2,39.4,38.8,36.0,Fail
7.5,60.4,62.8,37.8,40.3,43.2,46.3,40.8,Fail
5.7,77.3,58.3,35.1,67.3,52.7,54.9,59.2,Pass
14.7,90.8,73.8,79.4,72.5,82.5,75.0,76.6,Pass
2.3,58.6,37.5,28.7,64.6,37.2,45.7,34.7,Fail
7.2,67.4,56.4,46.6,55.4,56.1,53.1,52.5,Pass
11.0,61.5,59.8,34.3,65.2,71.0,54.3,54.5,Pass
6.3,71.8,52.2,31.2,56.4,39.1,47.6,32.3,Fail
5.6,83.3,56.2,50.4,56.6,59.4,54.6,71.7,Pass
10.9,80.6,63.8,68.9,73.9,70.6,69.4,70.4,Pass
9.1,88.6,52.3,51.0,67.2,70.7,57.9,77.1,Pass
9.5,68.3,59.0,67.7,61.9,69.8,62.8,68.1,Pass
5.2,55.8,47.0,52.0,40.9,43.1,46.1,42.5,Fail
4.8,77.8,54.0,53.0,54.0,48.8,53.7,47.8,Pass
7.9,70.9,49.0,59.9,49.6,62.8,52.5,67.9,Pass
11.5,66.7,56.6,68.8,67.0,58.4,64.4,62.3,Pass
2.7,78.2,62.0,35.8,55.0,42.4,51.3,35.1,Fail
6.4,62.8,45.7,40.5,53.5,49.9,47.3,53.8,Pass
5.0,57.0,51.2,46.5,57.5,53.6,52.3,33.3,Fail
6.9,73.1,49.4,37.3,62.4,54.1,51.0,54.6,Pass
10.4,62.1,44.3,56.4,73.6,62.0,59.6,68.6,Pass
3.9,72.9,48.8,45.9,58.1,44.2,51.6,30.7,Fail
9.7,62.4,63.0,58.2,61.7,61.5,61.0,67.7,Pass
5.4,68.5,48.7,49.2,50.5,50.6,49.6,32.1,Fail
12.5,77.5,52.3,50.3,58.7,63.7,54.3,58.5,Pass
4.1,67.0,30.4,25.4,56.7,48.5,39.4,43.9,Fail
11.4,63.4,71.0,56.5,69.2,51.3,65.9,78.0,Pass
2.9,61.9,44.3,58.9,42.3,42.6,47.9,24.4,Fail
7.6,80.1,64.1,43.1,64.5,73.4,58.0,60.8,Pass
9.8,70.1,62.5,51.2,64.0,47.7,59.7,48.6,Pass
4.2,55.8,35.9,40.9,44.0,32.6,40.6,38.7,Fail
1.2,57.9,37.7,27.3,46.7,43.9,38.2,36.9,Fail
5.1,56.1,33.5,46.1,35.2,51.5,38.0,34.6,Fail
6.9,50.8,56.6,49.3,57.1,38.5,54.6,45.0,Fail
5.6,65.3,53.3,57.5,61.9,38.6,58.0,47.9,Pass
4.8,66.6,55.5,47.2,44.2,26.6,48.5,50.7,Fail
11.0,78.8,76.0,55.9,56.1,50.6,62.0,57.9,Pass
13.2,79.6,67.4,71.8,76.0,72.1,72.2,88.9,Pass
12.8,80.3,63.8,62.9,78.5,83.0,69.4,70.8,Pass
8.9,70.4,58.1,48.8,54.7,67.8,54.0,65.4,Pass
9.6,88.5,75.9,54.5,60.4,73.1,63.3,58.1,Pass
3.7,57.7,32.2,33.1,30.6,27.1,31.8,36.1,Fail
6.5,65.3,52.8,55.4,61.8,63.9,57.2,32.4,Fail
7.3,82.0,65.6,61.2,61.8,64.7,62.8,59.0,Pass
8.1,66.6,58.6,52.0,67.5,42.2,60.2,64.1,Pass
8.0,68.7,65.2,45.8,40.4,44.1,49.5,46.0,Fail
6.9,71.5,43.0,49.7,55.9,61.0,50.2,61.7,Pass
8.8,79.9,70.3,47.7,73.2,68.6,64.7,55.8,Pass
7.8,70.5,51.8,49.0,51.4,52.0,50.8,65.8,Pass
7.8,62.3,37.5,34.1,58.5,47.1,44.9,40.7,Fail
4.4,62.0,44.8,39.2,40.9,47.9,41.6,41.8,Fail
3.2,68.2,40.1,46.9,40.6,44.8,42.3,34.2,Fail
8.1,67.4,55.1,44.9,58.6,60.5,53.4,62.4,Pass
5.2,62.5,37.0,51.3,44.4,34.0,44.2,33.9,Fail
4.5,57.9,45.4,44.9,56.9,43.0,49.8,37.0,Fail
10.0,81.5,59.9,61.3,66.5,68.8,63.0,42.9,Pass
6.6,66.9,69.2,41.2,67.2,52.5,60.0,50.3,Pass
14.3,76.2,72.9,57.3,79.3,74.7,70.8,77.5,Pass
9.4,76.7,63.6,63.9,58.1,56.2,61.5,54.6,Pass
4.2,54.1,42.8,27.2,46.8,42.5,39.7,20.6,Fail
10.1,72.5,71.9,51.8,59.9,46.3,61.1,50.6,Pass
8.6,82.4,65.8,56.7,73.1,64.0,66.0,63.4,Pass
4.1,64.4,59.6,61.9,60.8,59.0,60.8,31.3,Fail
4.8,67.5,58.3,48.9,40.5,49.1,48.4,22.4,Fail
9.8,73.3,58.5,48.9,67.4,53.1,59.2,64.7,Pass
1.9,70.8,50.9,36.7,55.8,36.7,48.6,32.8,Fail
1.4,63.3,48.3,31.8,50.0,28.3,44.0,39.9,Fail
7.6,88.9,69.4,56.9,65.0,63.2,63.9,55.5,Pass
7.2,70.5,58.8,57.4,77.1,55.1,65.7,47.1,Pass
7.9,66.0,44.9,43.3,57.4,45.5,49.4,32.9,Fail
7.2,80.7,58.4,52.8,50.5,67.2,53.6,75.7,Pass
8.8,68.9,59.2,60.4,65.2,55.9,62.0,55.4,Pass
13.3,71.2,68.5,51.3,78.2,73.6,67.2,67.1,Pass
6.9,58.8,60.6,43.6,58.3,63.3,54.6,45.4,Pass
2.5,66.8,39.9,33.9,47.0,28.6,40.9,49.3,Fail
1.7,58.4,42.0,33.2,32.1,49.2,35.4,36.2,Fail
5.5,60.4,48.6,22.2,38.7,38.6,36.7,48.9,Fail
5.6,62.2,55.3,36.5,45.3,58.3,45.7,50.9,Pass
2.8,60.5,58.2,17.3,30.1,47.6,34.7,48.1,Fail
1.2,68.1,47.8,25.1,55.5,30.3,44.1,28.2,Fail
5.3,70.2,56.1,45.4,54.5,47.8,52.2,45.0,Fail
16.6,78.8,68.7,74.9,76.5,65.7,73.7,76.4,Pass
8.6,74.8,47.3,49.1,49.9,55.8,48.9,65.5,Pass
8.1,68.9,58.9,31.0,50.1,45.1,47.0,54.5,Fail
6.2,69.1,51.6,40.6,54.8,43.6,49.6,59.1,Pass
5.5,61.3,53.1,31.1,49.2,45.8,44.9,41.6,Fail
9.1,65.7,53.0,49.1,60.0,61.2,54.6,49.6,Pass
3.1,64.9,56.9,38.9,39.3,35.4,44.5,39.7,Fail
19.0,84.0,73.6,63.3,88.1,89.3,76.3,94.9,Pass
3.2,71.9,46.4,36.6,58.3,38.8,48.2,31.8,Fail
9.5,75.4,58.5,34.9,61.5,63.9,52.6,50.9,Pass
3.4,60.1,53.6,35.8,52.7,38.0,47.9,38.2,Fail
7.3,58.5,50.3,43.9,52.0,40.3,49.1,27.0,Fail
10.1,79.2,59.3,43.4,63.1,56.9,56.0,57.7,Pass
2.2,65.3,44.6,23.2,48.2,35.0,39.6,40.2,Fail
3.7,72.2,42.7,57.1,46.5,52.3,48.5,42.8,Fail
3.8,68.2,47.9,43.5,45.1,57.9,45.5,34.8,Fail
5.8,81.4,55.0,41.8,65.7,47.3,55.3,46.3,Pass
7.9,67.7,79.2,46.3,48.7,38.9,57.1,44.6,Fail
16.8,80.5,74.1,61.4,81.1,93.6,73.1,100.0,Pass
4.8,72.1,50.5,45.6,45.4,53.3,47.0,63.2,Pass
16.2,86.3,80.0,71.2,94.7,86.1,83.2,89.3,Pass
8.4,72.7,60.8,58.2,67.4,46.7,62.7,55.8,Pass
3.1,51.0,49.8,43.8,52.3,36.7,49.0,24.8,Fail
6.2,53.3,63.8,54.1,53.1,53.2,56.6,37.3,Fail
2.5,59.9,36.6,43.2,47.4,25.8,42.9,28.4,Fail
5.5,66.8,54.5,41.9,54.6,56.2,50.8,49.1,Pass
5.3,51.4,44.7,27.3,42.7,45.1,38.7,43.9,Fail
7.4,68.6,58.0,45.8,70.0,64.7,59.1,47.7,Pass
9.6,76.7,71.1,54.9,70.9,69.7,66.2,67.6,Pass
6.5,67.3,66.2,49.7,51.1,31.5,55.2,29.6,Fail
3.4,66.4,53.7,34.0,38.1,32.8,41.6,30.9,Fail
14.3,81.9,75.7,56.1,69.5,82.1,67.3,82.2,Pass
17.4,68.1,83.4,72.6,79.7,70.2,78.7,62.5,Pass
6.1,72.5,47.2,68.3,50.2,46.8,54.7,39.1,Fail
8.2,64.0,49.8,61.9,63.0,54.4,58.7,52.0,Pass
5.9,65.2,52.7,55.0,55.0,45.3,54.3,43.4,Fail
7.5,63.7,63.4,44.1,55.4,34.3,54.4,34.7,Fail
7.7,77.8,56.4,44.6,60.7,61.0,54.6,46.2,Pass
2.8,54.0,40.3,41.5,41.4,35.3,41.1,34.4,Fail
5.6,77.8,38.7,58.1,52.6,55.3,50.1,36.6,Fail
11.9,93.4,90.9,62.2,80.8,72.2,78.2,67.0,Pass
11.4,61.3,59.4,50.1,59.2,41.4,56.5,57.8,Pass
5.5,61.9,27.6,37.7,39.4,40.3,35.4,38.9,Fail
7.8,74.3,59.2,52.7,65.4,48.8,59.7,49.5,Pass
5.8,59.0,53.1,41.9,45.5,46.7,46.7,49.7,Fail
9.8,69.6,58.6,54.1,71.0,66.8,62.2,53.7,Pass
2.1,63.9,36.1,46.8,42.2,35.6,41.8,25.8,Fail
9.1,65.2,64.9,59.1,57.5,63.9,60.2,58.3,Pass
14.8,78.4,79.4,65.6,70.5,89.4,71.7,76.5,Pass
4.3,72.7,54.6,42.6,50.6,52.1,49.4,42.2,Fail
13.7,75.8,64.0,73.2,74.4,91.2,70.9,73.1,Pass
8.0,61.3,49.5,52.7,49.7,43.1,50.5,43.4,Fail
6.5,77.1,53.3,63.4,63.0,65.3,60.2,59.9,Pass
5.5,77.7,51.0,52.6,48.1,48.0,50.3,40.6,Fail
14.0,79.7,76.9,68.1,82.0,78.6,76.3,82.3,Pass
5.8,59.1,46.2,38.1,50.9,32.4,45.6,45.4,Fail
16.0,72.2,66.1,54.1,72.2,94.3,64.9,76.9,Pass
15.0,59.1,71.1,72.3,73.1,66.0,72.3,77.9,Pass
5.0,61.3,67.4,51.0,63.7,53.6,61.0,32.0,Fail
6.1,75.8,48.6,59.6,64.1,70.2,58.1,36.5,Pass
1.7,56.6,34.7,21.9,42.8,33.1,34.1,38.2,Fail
6.6,60.3,50.3,48.0,59.1,60.8,53.1,51.4,Pass
7.1,76.7,63.3,43.8,57.3,43.9,55.0,46.4,Fail
12.7,84.5,75.3,63.1,70.1,81.4,69.6,77.9,Pass
15.5,74.3,72.3,53.6,81.0,77.7,70.2,69.9,Pass
10.3,76.4,60.0,50.6,67.1,61.8,60.0,60.0,Pass
12.1,67.6,81.3,57.6,67.2,60.6,68.6,71.6,Pass
6.1,64.6,60.7,48.1,60.1,36.6,56.7,56.7,Pass
3.0,49.0,54.6,40.6,43.6,37.5,46.0,32.9,Fail
8.0,72.5,63.4,65.0,69.7,54.5,66.4,62.8,Pass
12.5,74.2,66.5,60.0,54.9,75.2,59.9,65.7,Pass
0.8,55.6,41.5,26.4,35.8,34.0,34.7,35.6,Fail
7.3,68.0,69.5,51.2,65.4,56.7,62.4,51.2,Pass
1.9,60.6,46.1,37.1,55.1,42.3,47.0,33.5,Fail
4.1,58.3,31.9,28.6,53.9,31.1,39.7,32.6,Fail
7.5,72.2,67.9,38.6,55.9,40.9,54.3,38.0,Fail
15.6,76.3,86.1,89.0,87.8,72.2,87.6,69.6,Pass
6.9,67.2,63.9,49.4,44.5,49.6,51.8,50.4,Pass
9.9,60.2,47.1,59.0,51.5,50.1,52.4,46.7,Fail
7.9,68.5,59.4,54.6,56.9,44.6,57.0,53.3,Pass
4.3,63.7,55.9,44.7,53.4,30.6,51.5,24.4,Fail
8.9,64.1,57.2,62.0,52.0,56.2,56.6,46.1,Pass
2.9,67.7,49.2,58.4,46.9,41.1,51.0,39.0,Fail
6.8,51.3,53.5,47.8,60.2,47.0,54.5,50.3,Pass
13.8,72.7,62.8,64.6,62.8,79.8,63.3,87.9,Pass
7.6,71.6,60.4,58.8,50.4,56.4,55.9,49.6,Pass
7.9,86.3,53.8,51.9,57.6,65.6,54.8,66.2,Pass
5.5,55.7,46.9,30.2,65.4,49.0,49.3,40.2,Fail
2.3,63.5,39.0,41.8,47.0,28.0,43.0,43.6,Fail
5.9,71.5,60.3,37.7,50.1,68.2,49.4,45.3,Pass
11.0,73.7,69.5,50.5,73.8,57.0,65.5,60.0,Pass
8.5,60.3,59.6,37.4,44.5,52.1,46.9,44.7,Fail
3.0,59.7,46.2,13.9,44.3,31.4,35.8,37.7,Fail
1.8,42.6,39.9,17.7,37.9,27.9,32.4,30.6,Fail
4.2,65.1,64.0,41.5,59.5,55.5,55.4,56.4,Pass
5.9,55.8,59.1,52.7,41.1,56.9,50.0,58.6,Pass
6.2,71.1,46.0,41.6,63.4,46.8,51.6,45.0,Fail
6.3,62.3,47.0,38.2,59.3,35.5,49.3,33.1,Fail
6.8,62.2,50.6,44.9,62.8,67.2,53.8,67.7,Pass
8.7,71.8,57.0,51.4,52.3,71.4,53.4,66.7,Pass
5.3,68.4,44.5,43.3,63.9,27.6,51.9,39.3,Fail
3.6,71.3,53.3,50.3,37.7,47.1,46.2,35.8,Fail
9.3,69.1,58.8,50.0,52.5,46.2,53.6,46.6,Fail
11.2,72.6,65.9,53.4,68.1,63.4,63.0,65.8,Pass
4.8,54.7,32.3,39.4,42.3,43.9,38.4,44.5,Fail
19.1,94.5,74.0,86.5,79.4,99.7,79.9,100.0,Pass
15.2,70.8,67.3,91.9,90.2,62.9,83.8,83.7,Pass
3.2,69.6,52.1,55.2,37.6,58.6,47.2,45.1,Fail
1.9,68.1,48.1,38.4,33.9,30.0,39.5,27.3,Fail
6.1,70.5,61.4,41.4,58.6,45.7,54.3,61.7,Pass
8.0,67.7,50.7,48.8,56.9,56.7,52.6,53.6,Pass
18.9,79.8,87.2,70.5,75.8,83.3,77.6,76.9,Pass
18.6,81.8,94.0,78.3,100.0,93.3,91.7,87.6,Pass
9.9,56.6,64.2,53.8,60.2,60.6,59.5,47.2,Pass
5.3,66.2,40.1,48.7,46.4,52.7,45.2,45.5,Fail
13.0,87.5,81.1,47.8,76.8,76.2,69.4,92.4,Pass
7.3,67.0,57.3,39.9,45.8,39.8,47.5,53.0,Fail
2.7,63.0,47.9,49.8,53.6,44.8,50.8,43.5,Fail
2.8,55.2,62.1,25.0,47.7,49.0,45.2,40.2,Fail
5.4,68.0,53.2,37.0,51.4,41.9,47.6,56.7,Pass
11.8,67.9,69.0,55.0,66.9,64.9,64.0,73.2,Pass
3.4,70.9,48.8,53.0,43.5,54.0,47.9,49.3,Fail
5.4,75.6,51.5,51.7,63.1,60.1,56.2,48.2,Pass
15.1,89.0,79.8,68.0,76.3,74.8,74.9,64.4,Pass
8.5,58.7,51.1,44.2,51.7,45.5,49.3,33.7,Fail
9.1,76.7,62.4,48.1,65.1,60.6,59.2,51.7,Pass
12.0,79.6,65.5,50.0,56.3,71.7,57.2,88.1,Pass
5.4,63.2,33.1,35.4,52.5,53.1,41.6,37.9,Fail
15.7,88.4,74.0,87.5,80.7,65.7,80.7,85.9,Pass
10.1,75.4,70.5,69.5,70.1,62.7,70.0,64.6,Pass
6.3,78.5,60.3,45.4,57.2,54.2,54.6,57.2,Pass
14.0,66.7,66.1,58.0,64.2,55.9,62.9,69.7,Pass
9.9,66.2,60.4,63.6,62.5,62.8,62.2,49.6,Pass
6.7,68.8,47.6,41.5,61.8,45.0,51.4,57.0,Pass
9.3,80.5,57.2,61.6,60.6,72.6,59.9,75.0,Pass
3.9,68.3,48.3,30.7,55.6,40.3,45.9,44.7,Fail
13.0,68.0,64.7,62.1,66.4,68.2,64.6,75.8,Pass
18.7,96.7,80.4,76.1,86.5,82.0,81.6,94.8,Pass
2.2,60.3,42.0,39.0,49.5,49.0,44.1,34.1,Fail
4.7,58.3,38.0,51.5,49.1,52.8,46.5,48.4,Fail
4.5,59.2,59.4,34.3,40.2,42.9,44.2,41.1,Fail
10.5,61.9,66.7,44.0,61.1,57.0,57.6,53.5,Pass
7.7,51.3,33.4,42.1,41.1,56.9,39.1,54.8,Fail
5.2,65.3,56.7,54.8,56.1,54.3,55.9,52.5,Pass
5.7,54.4,44.7,42.3,41.9,38.0,42.9,41.0,Fail
4.9,68.4,45.9,42.2,52.4,39.7,47.4,42.9,Fail
9.7,79.5,69.3,66.6,70.3,56.8,68.9,55.4,Pass
7.7,72.3,55.9,54.7,62.6,55.7,58.2,52.0,Pass
5.5,67.0,48.0,64.7,48.4,46.9,53.2,39.4,Fail
4.9,53.6,35.3,29.4,45.5,51.8,37.6,34.6,Fail
14.2,83.8,80.9,67.1,73.0,87.1,73.6,72.5,Pass
12.8,90.9,81.2,53.4,74.5,73.5,70.2,75.7,Pass
9.8,83.0,65.8,47.5,60.8,69.9,58.3,71.1,Pass
12.0,63.8,53.8,69.2,64.2,75.0,62.6,69.8,Pass
2.7,62.6,46.6,28.5,49.0,59.1,42.1,49.0,Fail
3.4,61.8,50.5,52.0,41.3,49.3,47.3,39.2,Fail
3.1,60.5,44.1,27.0,39.5,44.2,37.1,41.6,Fail
6.9,68.5,61.4,46.5,68.3,31.0,59.7,47.1,Fail
12.3,92.1,73.6,54.3,69.9,83.8,66.3,75.8,Pass
5.2,67.1,53.0,49.1,57.5,49.1,53.6,28.2,Fail
13.2,72.3,79.9,64.0,79.5,64.7,75.0,72.0,Pass
4.7,68.0,45.9,53.7,52.7,40.5,51.0,33.3,Fail
6.3,57.1,37.2,50.7,51.6,51.4,47.0,42.8,Fail
5.2,60.5,47.2,42.7,50.1,33.0,47.0,51.3,Fail
6.0,75.1,50.0,48.0,46.3,42.9,47.9,49.2,Fail
6.4,69.2,42.2,35.0,61.1,57.3,47.6,45.5,Fail
1.8,79.0,52.3,42.1,46.7,52.0,47.0,43.1,Fail
8.4,72.2,58.5,50.7,66.4,71.0,59.3,58.7,Pass
6.3,57.6,35.3,49.2,48.8,38.1,44.9,34.6,Fail
15.6,66.0,83.4,72.6,78.7,69.5,78.3,70.1,Pass
9.5,79.4,57.0,50.0,66.4,64.2,58.7,67.1,Pass
8.2,61.5,49.9,41.9,52.4,62.1,48.5,56.5,Pass
15.1,69.1,78.5,66.2,80.2,79.0,75.5,67.7,Pass
14.3,73.0,73.9,62.4,64.4,75.8,66.6,79.0,Pass
16.0,87.2,86.9,58.9,91.6,76.8,80.4,79.3,Pass
4.9,62.9,31.2,32.5,55.1,34.0,41.2,35.3,Fail
3.1,57.0,41.0,45.7,42.0,25.9,42.8,37.7,Fail
1.8,71.9,46.2,41.0,48.5,36.9,45.6,39.2,Fail
12.0,82.7,79.2,61.8,71.5,64.7,70.9,68.8,Pass
1.6,75.3,39.0,48.6,40.5,36.1,42.5,38.0,Fail
7.7,80.1,56.7,51.4,60.8,59.6,56.8,54.5,Pass
2.3,71.2,47.1,44.2,49.5,45.8,47.2,32.5,Fail
12.9,69.5,72.7,60.4,79.3,63.9,71.6,50.8,Pass
9.1,76.2,52.2,54.6,60.7,64.0,56.3,67.0,Pass
12.9,85.2,77.9,93.0,75.5,81.9,81.5,83.9,Pass
7.8,84.2,56.1,47.0,71.9,54.8,59.7,64.5,Pass
3.6,65.7,49.9,44.3,52.2,38.0,49.1,30.0,Fail
5.1,62.2,47.3,46.5,40.2,46.8,44.2,41.6,Fail
11.3,66.5,64.7,66.8,64.8,56.0,65.4,49.0,Pass
2.2,70.5,47.2,36.8,53.0,64.0,46.4,47.3,Pass
4.9,60.5,58.2,58.9,67.9,49.0,62.3,41.7,Pass
4.4,66.1,46.7,38.0,51.1,34.6,45.8,37.0,Fail
6.5,60.8,48.8,40.5,37.7,52.5,41.9,62.7,Pass
9.7,70.4,69.1,61.5,51.2,57.3,59.7,59.5,Pass
12.7,78.8,80.2,73.7,68.7,81.3,73.6,86.7,Pass
2.6,65.3,41.6,25.8,38.9,41.4,35.8,39.0,Fail
3.8,70.5,54.3,34.1,56.9,47.9,49.3,44.1,Fail
2.8,52.4,34.5,35.8,54.0,11.9,42.7,12.0,Fail
6.6,67.0,58.9,51.6,61.2,54.3,57.6,43.0,Pass
3.1,60.0,51.6,49.0,52.7,54.8,51.3,31.0,Fail
8.4,62.2,53.3,50.1,61.4,68.7,55.6,60.0,Pass
13.7,70.4,77.4,73.1,74.9,91.6,75.1,61.7,Pass
1.9,55.1,38.2,16.7,35.4,45.6,30.6,50.1,Fail
3.9,67.5,48.2,29.6,55.0,42.6,45.3,41.3,Fail
16.1,82.5,80.1,71.0,78.2,90.5,76.6,75.5,Pass
7.6,76.1,50.3,60.1,64.8,57.5,59.0,51.9,Pass
4.9,68.5,39.5,40.0,53.3,52.2,45.2,56.4,Pass
25.0,91.3,99.6,90.2,100.0,100.0,96.9,100.0,Pass
5.7,67.5,45.7,47.8,47.2,50.1,46.9,40.5,Fail
9.5,76.8,52.3,53.1,62.5,70.5,56.6,65.8,Pass
4.0,47.9,48.5,48.4,39.8,34.3,45.0,32.4,Fail
3.5,63.7,58.2,39.5,37.1,48.0,44.2,41.6,Fail
9.8,74.3,68.7,77.3,57.5,66.4,66.8,58.4,Pass
16.9,94.6,72.7,77.2,86.8,83.9,79.7,88.1,Pass
5.0,57.1,48.6,36.9,30.2,52.0,37.7,45.4,Fail
3.4,54.9,40.8,37.0,60.3,25.9,47.5,34.9,Fail
11.8,56.0,53.6,64.8,57.6,60.3,58.6,69.1,Pass
5.1,55.0,47.4,38.5,53.8,43.2,47.3,30.9,Fail
8.4,68.9,56.9,25.4,44.2,67.4,42.4,50.1,Pass
5.0,60.2,46.2,36.8,42.1,43.1,41.7,33.6,Fail
5.5,60.6,57.1,21.4,59.1,43.0,47.2,59.0,Pass
3.8,64.7,57.4,44.2,52.8,53.3,51.6,33.0,Fail
10.0,76.7,60.4,46.1,62.3,63.7,56.9,67.2,Pass
8.6,70.4,56.9,51.9,74.0,50.7,62.2,46.6,Pass
8.4,70.3,55.9,37.8,49.7,77.5,48.0,61.2,Pass
4.3,68.4,53.2,40.8,58.9,53.6,51.8,44.0,Fail
8.1,55.1,55.4,48.1,51.4,48.7,51.6,31.4,Fail
18.2,82.9,75.6,71.3,78.0,86.3,75.3,100.0,Pass
3.4,63.5,44.8,37.9,33.1,31.2,38.0,38.9,Fail
4.0,64.7,35.4,24.8,34.2,44.2,31.7,41.8,Fail
4.2,60.4,33.9,39.7,46.7,51.0,40.8,48.5,Fail
7.2,67.0,45.1,41.8,55.4,36.1,48.2,34.8,Fail
3.2,67.1,44.5,39.6,42.2,44.0,42.1,28.7,Fail
9.1,83.8,68.2,54.9,65.3,50.4,63.0,56.2,Pass
1.7,48.5,31.7,28.7,36.3,28.8,32.6,30.0,Fail
10.7,77.4,63.6,53.9,63.7,66.8,60.7,51.6,Pass
8.3,79.7,62.3,55.6,56.2,61.9,57.8,68.3,Pass
18.0,71.4,89.7,87.5,86.0,100.0,87.6,100.0,Pass
3.5,62.8,46.3,37.2,55.8,43.9,47.4,31.5,Fail
12.1,76.7,68.0,65.7,72.6,64.8,69.2,72.4,Pass
6.3,83.6,52.8,63.8,62.4,48.7,59.9,47.4,Pass
5.6,84.1,71.1,52.0,66.3,49.4,63.4,43.9,Pass
3.4,53.9,49.1,42.7,43.0,42.3,44.7,35.5,Fail
5.0,63.6,40.2,34.2,44.6,29.2,40.2,25.4,Fail
5.1,67.7,62.5,46.4,39.9,36.8,48.6,43.5,Fail
2.3,67.2,50.5,40.0,43.0,42.5,44.3,41.1,Fail
8.3,71.6,60.0,67.1,56.0,57.3,60.5,59.4,Pass
7.6,61.5,58.9,35.9,48.6,55.3,47.9,62.6,Pass
9.5,63.5,67.1,71.3,62.9,52.7,66.7,47.6,Pass
4.6,53.2,39.1,48.8,43.8,37.0,43.9,41.0,Fail
10.9,56.9,55.8,61.9,63.0,70.2,60.5,80.1,Pass
14.1,64.4,67.2,51.8,61.9,75.7,60.5,86.2,Pass
5.8,76.3,44.6,38.7,44.3,37.6,42.7,53.1,Fail
3.5,69.9,53.8,45.8,55.0,28.5,51.9,38.2,Fail
7.0,72.8,53.6,29.9,63.3,43.0,50.4,48.0,Fail
6.8,66.4,50.4,33.0,48.8,44.9,44.5,48.2,Fail
6.0,66.9,46.9,52.1,50.4,58.7,49.9,50.1,Pass
9.5,69.3,59.5,63.9,63.7,49.7,62.5,61.0,Pass
5.4,53.8,48.2,59.6,52.1,52.2,53.2,51.5,Pass
3.3,69.1,55.3,36.5,37.7,39.3,42.6,26.5,Fail
7.4,75.7,65.7,42.4,67.8,54.2,59.6,45.3,Pass
9.7,62.4,49.1,45.0,49.2,53.5,47.9,47.9,Fail
10.2,63.0,63.0,57.3,51.9,63.1,56.8,56.4,Pass
5.2,69.1,61.0,41.9,51.3,56.8,51.4,46.6,Pass
8.0,72.3,55.9,38.5,56.4,49.1,50.9,53.4,Pass
14.3,83.0,72.1,71.9,76.7,87.8,73.9,85.0,Pass
14.3,88.5,72.0,59.4,79.2,85.9,71.1,87.6,Pass
12.3,66.3,68.8,65.3,79.2,64.6,71.9,67.5,Pass
2.2,62.0,45.3,41.7,38.0,32.4,41.3,29.6,Fail
5.4,58.5,56.2,38.8,58.2,57.6,51.8,39.7,Fail
13.7,69.0,67.2,65.0,60.1,69.0,63.7,66.8,Pass
2.2,59.2,52.2,32.0,35.9,34.7,39.6,27.1,Fail
6.5,79.3,61.6,48.5,53.1,58.7,54.3,58.6,Pass
4.5,74.2,60.7,31.9,41.0,53.6,44.2,49.6,Fail
8.1,69.1,52.2,19.5,61.3,65.1,46.0,58.6,Pass
1.3,44.3,48.4,27.8,46.4,34.0,41.4,30.8,Fail
13.0,78.7,65.2,54.3,78.1,72.9,67.1,70.7,Pass
6.7,71.0,50.6,39.8,45.2,54.1,45.2,45.5,Fail
3.2,56.4,40.2,27.9,59.7,26.6,44.3,16.5,Fail
4.1,71.6,45.7,50.5,51.5,44.0,49.5,37.0,Fail
8.3,62.3,70.4,58.5,70.0,46.5,66.7,37.3,Pass
3.9,71.3,53.4,44.5,50.4,53.0,49.5,45.1,Fail
16.6,81.8,81.7,69.0,80.8,77.1,77.5,74.3,Pass
6.2,55.8,34.0,45.6,45.4,57.0,42.0,46.0,Fail
15.0,75.1,82.8,76.7,91.4,73.4,84.4,74.5,Pass
7.4,70.0,47.5,63.7,66.2,49.8,59.8,32.1,Fail
10.0,74.4,62.0,48.8,64.2,55.5,58.9,43.1,Pass
9.6,79.8,57.5,42.4,62.6,49.4,55.0,61.3,Pass
4.9,75.1,54.2,47.3,59.7,42.0,54.3,42.8,Fail
10.0,70.1,73.3,38.4,52.0,53.2,54.3,68.2,Pass
5.2,70.7,43.9,46.6,36.9,57.8,41.9,51.8,Fail
2.1,75.4,41.1,40.5,40.3,39.3,40.6,30.7,Fail
5.9,58.9,50.6,41.5,53.5,44.8,49.0,26.7,Fail
2.9,58.6,55.9,52.1,53.6,36.4,53.8,39.5,Fail
5.1,52.9,42.7,40.1,37.7,51.9,39.9,54.3,Fail
6.5,62.7,46.1,50.0,63.2,51.6,54.1,31.4,Fail
3.6,66.0,48.3,49.8,44.8,35.5,47.3,36.7,Fail
9.2,54.1,54.7,48.1,59.0,42.2,54.4,47.3,Fail
5.1,69.6,42.9,40.1,47.7,43.0,44.0,24.7,Fail
2.8,59.6,40.2,32.8,43.1,49.1,39.1,27.4,Fail
3.6,63.8,30.6,42.7,57.9,41.1,45.2,40.2,Fail
7.1,59.2,51.7,48.3,49.5,60.8,49.8,63.2,Pass
5.7,66.0,41.2,59.4,44.7,65.5,48.1,51.7,Pass
7.9,82.9,80.4,47.4,70.8,76.9,66.7,63.0,Pass
7.1,65.3,58.2,44.8,62.9,48.9,56.1,47.4,Pass
3.4,46.4,42.8,42.7,30.9,29.1,38.0,35.0,Fail
4.5,75.1,55.7,49.6,56.6,55.8,54.2,42.3,Fail
10.8,77.3,60.9,57.6,70.5,56.0,63.8,62.9,Pass
3.8,65.3,46.1,37.9,60.6,43.0,49.4,51.4,Fail
15.2,82.8,79.3,64.6,76.3,71.2,73.7,68.6,Pass
2.4,63.5,36.0,28.0,53.2,34.0,40.5,33.0,Fail
10.6,85.9,72.4,59.6,71.8,67.3,68.3,63.9,Pass
6.3,73.6,71.5,52.5,57.0,48.9,60.0,44.6,Pass
3.4,60.4,33.1,40.9,39.0,47.4,37.8,34.9,Fail
7.0,80.3,62.4,49.7,64.5,58.7,59.4,52.8,Pass
3.9,79.2,45.0,46.2,44.4,39.4,45.1,38.3,Fail
4.7,72.9,56.8,35.0,46.2,39.1,46.0,36.0,Fail
5.2,69.5,54.0,48.9,57.5,42.9,53.9,46.7,Fail
10.2,65.4,75.1,40.9,77.2,70.9,65.7,60.3,Pass
4.4,70.8,63.7,44.7,43.8,53.3,50.0,39.7,Fail
7.7,72.3,45.5,55.3,52.2,38.6,51.1,40.7,Fail
10.4,72.3,68.6,56.9,67.8,66.1,64.8,68.7,Pass
6.9,73.9,61.9,48.7,55.0,76.9,55.2,47.0,Pass
8.3,70.7,67.3,41.4,48.1,58.9,51.8,57.1,Pass
6.5,72.2,58.4,47.0,51.1,51.9,52.1,52.5,Pass
9.1,79.2,66.7,72.7,68.6,58.1,69.3,39.1,Pass
2.8,52.7,33.1,33.7,38.9,27.2,35.6,22.4,Fail
14.4,69.1,72.9,61.5,75.2,75.3,70.4,82.5,Pass
4.2,57.7,44.0,24.1,36.9,22.1,35.2,47.4,Fail
6.3,83.1,63.0,52.9,63.1,49.9,60.0,43.3,Pass
1.6,67.0,42.5,39.2,29.7,37.7,36.4,24.7,Fail
4.8,71.6,54.7,39.2,58.8,57.4,51.7,41.1,Fail
7.8,78.4,64.0,49.6,71.7,44.3,62.8,54.9,Pass
15.5,70.2,77.1,54.7,65.8,71.3,65.9,76.9,Pass
9.3,54.9,49.1,50.3,51.6,60.4,50.5,57.3,Pass
5.0,65.5,69.0,46.9,43.6,45.1,52.2,48.5,Fail
2.2,69.8,47.4,17.0,47.7,49.8,38.4,51.0,Fail
13.5,74.6,74.4,63.0,73.9,77.3,70.8,58.9,Pass
4.9,54.9,46.7,55.1,37.9,36.9,45.7,42.6,Fail
7.8,62.1,45.4,49.0,50.4,53.3,48.5,60.1,Pass
5.1,56.7,53.5,44.8,56.8,37.0,52.2,43.0,Fail
8.4,65.2,58.5,59.3,62.3,55.8,60.3,50.7,Pass
13.1,66.4,73.2,65.5,70.8,70.8,69.9,79.6,Pass
10.1,73.3,56.9,52.3,71.4,68.5,61.3,59.7,Pass
5.6,62.3,47.2,28.3,63.5,47.4,48.0,45.6,Fail
13.7,81.5,74.0,89.8,76.2,67.0,79.6,62.9,Pass
17.4,73.1,77.1,78.3,82.0,65.6,79.4,77.5,Pass
11.6,76.0,63.7,67.1,66.3,73.2,65.8,78.8,Pass
5.2,65.9,52.3,52.3,53.2,29.0,52.7,45.6,Fail
10.7,76.0,75.6,67.6,63.5,67.8,68.4,69.2,Pass
11.5,78.1,70.1,67.0,57.8,60.4,64.2,84.0,Pass
5.7,72.0,62.4,45.8,61.8,50.1,57.2,53.4,Pass
17.4,87.5,79.7,72.3,89.4,85.5,81.4,84.5,Pass
12.8,79.7,69.9,69.7,72.9,75.5,71.0,75.3,Pass
5.9,69.5,54.6,46.7,55.5,50.2,52.6,48.1,Pass
5.1,60.8,44.9,42.4,44.3,51.2,43.9,38.5,Fail
11.4,80.5,69.0,69.1,78.4,71.7,72.8,68.8,Pass
20.0,78.4,96.1,97.5,80.4,100.0,90.2,99.0,Pass
2.9,61.1,58.1,28.2,57.1,33.8,48.7,40.6,Fail
8.6,63.4,67.2,54.1,63.7,46.0,61.9,60.6,Pass
10.5,65.5,63.1,45.4,65.1,62.6,58.6,50.8,Pass
13.1,73.2,62.4,63.9,72.4,70.1,66.9,74.2,Pass
10.6,70.9,82.0,40.9,74.7,65.1,66.8,64.9,Pass
4.9,59.4,43.5,34.4,44.2,42.8,41.0,49.5,Fail
2.7,63.4,56.6,37.0,52.9,48.6,49.2,33.0,Fail
5.5,67.9,54.3,53.7,50.6,53.6,52.6,44.2,Fail
10.4,68.1,53.0,41.6,65.4,49.5,54.5,58.6,Pass
4.6,83.8,42.5,50.0,43.8,47.8,45.3,47.3,Fail
14.2,79.7,83.4,65.8,72.3,77.3,73.7,82.4,Pass
6.2,68.4,48.3,58.9,66.2,48.1,58.6,55.1,Pass
4.4,59.9,36.7,36.0,55.7,36.9,44.1,35.3,Fail
9.2,72.1,57.9,57.2,73.4,71.7,63.9,54.9,Pass
5.8,68.9,52.2,43.6,61.9,56.2,53.5,40.8,Fail
5.1,66.1,53.0,34.0,47.5,39.2,45.1,51.5,Fail
18.7,93.8,88.1,74.4,86.4,100.0,83.3,89.2,Pass
4.6,51.9,38.9,31.3,51.6,47.3,41.7,47.9,Fail
5.4,63.4,49.8,27.0,58.8,50.5,46.6,27.9,Fail
9.3,76.9,75.4,68.6,75.8,49.4,73.5,60.2,Pass
14.1,69.7,60.7,60.2,71.7,73.5,65.0,72.7,Pass
8.8,58.2,58.8,53.2,56.7,45.9,56.3,56.4,Pass
7.1,64.4,45.1,36.8,62.2,48.9,49.4,46.2,Fail
19.9,92.2,84.2,82.2,80.4,100.0,82.1,98.7,Pass
5.2,59.3,57.2,45.8,49.5,41.8,50.7,42.1,Fail
5.2,63.4,33.2,43.1,46.6,44.9,41.5,33.2,Fail
4.6,68.9,66.7,34.9,52.2,32.9,51.4,38.6,Fail
8.5,65.6,46.3,57.4,66.2,57.9,57.6,55.2,Pass
3.8,61.0,29.8,20.2,48.9,52.4,34.6,54.5,Fail
3.2,58.6,44.1,22.5,45.8,56.5,38.3,48.1,Fail
5.4,61.9,45.9,41.3,39.5,54.4,42.0,52.2,Fail
2.2,53.3,35.4,11.6,32.3,28.8,27.0,30.0,Fail
7.8,67.3,60.9,41.9,64.0,58.1,56.4,60.0,Pass
8.5,78.7,53.2,49.1,63.7,55.6,56.2,43.1,Pass
9.3,83.8,68.3,70.1,75.7,66.8,71.8,69.6,Pass
10.9,83.1,73.3,53.8,65.6,72.2,64.4,61.4,Pass
5.5,67.7,40.3,39.3,51.6,35.6,44.5,30.1,Fail
13.2,89.1,81.3,49.7,76.5,81.6,69.9,76.4,Pass
12.5,93.4,79.2,66.5,83.6,79.8,77.2,80.3,Pass
3.4,65.5,58.9,38.9,64.0,35.3,54.9,56.7,Pass
6.5,59.9,51.0,34.4,48.4,29.7,45.0,23.1,Fail
1.1,71.8,37.1,43.6,29.8,40.5,36.1,27.8,Fail
13.3,66.3,76.5,68.5,73.7,76.3,73.0,73.3,Pass
10.8,65.9,61.8,50.2,66.4,58.8,60.2,55.8,Pass
15.0,61.3,83.0,46.0,60.1,67.6,62.7,93.1,Pass
2.4,68.7,51.1,27.8,40.7,44.4,40.0,40.6,Fail
8.9,52.2,53.3,61.4,51.6,48.3,55.0,48.7,Pass
4.8,73.7,44.7,45.2,60.5,54.8,51.2,36.3,Fail
1.6,76.4,45.3,30.7,40.4,37.5,39.0,28.4,Fail
11.7,87.9,77.3,75.0,72.1,75.2,74.5,77.3,Pass
2.9,53.4,29.8,33.1,26.9,39.6,29.6,28.8,Fail
8.3,55.1,49.9,47.2,57.4,66.1,52.1,61.0,Pass
4.8,60.6,34.9,62.2,38.4,48.9,44.5,46.6,Fail
7.4,75.9,49.2,58.5,73.7,49.0,61.8,53.4,Pass
11.0,82.8,61.9,57.3,63.0,63.3,61.0,69.5,Pass
7.5,74.3,55.1,53.4,65.7,51.6,58.8,57.6,Pass
3.7,68.7,50.8,45.3,53.6,49.0,50.3,40.3,Fail
18.9,100.0,93.4,89.0,87.0,95.6,89.5,95.0,Pass
5.5,62.8,60.9,33.5,60.6,45.9,52.6,42.2,Fail
4.2,58.8,58.9,53.6,34.9,54.2,47.7,31.2,Fail
6.4,58.2,59.7,56.4,52.8,57.0,56.0,58.4,Pass
2.4,66.3,41.7,28.5,50.4,36.2,41.2,20.8,Fail
4.5,64.0,50.1,40.8,48.1,60.0,46.5,31.0,Fail
5.7,73.4,48.9,46.6,46.6,71.2,47.3,68.2,Pass
7.8,65.8,57.3,50.1,68.4,46.7,59.6,57.3,Pass
6.9,73.3,54.5,55.5,56.7,50.0,55.7,48.3,Pass
8.9,67.6,48.9,48.5,54.7,47.7,51.1,64.3,Pass
6.5,66.5,64.6,49.8,48.6,63.9,53.8,48.4,Pass
12.4,74.3,80.8,66.6,72.4,62.3,73.2,75.2,Pass
9.8,58.2,51.0,55.6,56.3,53.0,54.5,52.4,Pass
8.5,69.1,61.9,55.3,58.3,79.1,58.5,67.0,Pass
13.5,80.7,65.5,69.9,84.9,83.5,74.6,77.8,Pass
13.5,68.3,66.9,63.7,81.3,68.2,71.7,57.6,Pass
7.2,83.9,55.3,34.6,63.2,56.4,52.2,48.6,Pass
5.4,66.5,45.7,34.4,56.3,31.0,46.6,35.2,Fail
7.6,64.1,56.0,36.1,45.9,51.3,46.0,52.2,Fail
6.2,62.2,36.5,34.5,50.9,49.7,41.7,46.2,Fail
5.2,77.2,49.4,36.8,56.8,40.2,48.6,28.8,Fail
7.5,62.4,85.8,56.4,58.6,55.1,66.1,44.3,Pass
8.4,72.5,46.2,63.6,55.7,77.6,55.2,72.5,Pass
9.6,78.6,59.7,61.6,59.3,77.0,60.1,63.5,Pass
14.8,82.2,76.6,59.2,78.0,91.8,71.9,72.4,Pass
7.9,65.0,53.9,40.3,64.8,50.6,54.2,58.8,Pass
6.6,74.6,49.5,42.4,65.9,49.6,53.9,47.1,Pass
11.6,75.2,73.5,52.7,69.5,72.1,65.7,75.4,Pass
4.0,51.0,44.5,48.4,51.6,35.3,48.5,28.6,Fail
2.2,72.4,41.1,25.7,40.3,46.2,36.2,30.5,Fail
8.8,65.7,64.2,53.6,64.1,65.8,61.0,51.0,Pass
5.5,65.2,46.3,31.9,50.6,66.2,43.7,51.6,Pass
5.8,69.4,45.4,49.6,48.3,38.5,47.8,58.5,Pass
3.9,60.4,50.6,35.2,62.8,50.9,50.9,37.5,Fail
12.9,81.5,59.8,53.7,68.3,67.8,61.4,72.2,Pass
2.2,53.8,54.6,28.3,40.7,48.1,41.2,51.4,Fail
9.4,66.7,70.9,56.9,59.3,62.5,62.1,58.9,Pass
6.7,77.8,61.1,34.5,62.0,54.9,53.5,42.7,Fail
15.3,78.6,69.5,62.7,86.0,86.7,74.1,81.7,Pass
11.6,65.5,54.3,55.2,55.6,73.0,55.1,69.0,Pass
3.2,64.5,25.2,25.8,47.2,36.6,34.2,26.6,Fail
9.8,75.0,75.0,46.7,68.8,62.6,64.0,57.2,Pass
8.7,57.8,47.0,61.7,43.8,49.9,50.1,44.8,Fail
6.4,80.9,59.9,37.4,69.2,55.4,56.9,67.9,Pass
9.4,85.6,66.1,52.3,69.4,72.9,63.3,54.5,Pass
4.5,66.4,35.5,45.9,53.4,59.7,45.8,41.3,Fail
7.1,66.9,49.4,46.7,40.7,36.1,45.1,31.8,Fail
6.8,68.3,45.0,41.9,64.7,62.1,52.0,46.4,Pass
4.0,71.9,55.9,48.8,66.6,53.3,58.0,41.6,Pass
5.5,70.2,58.8,26.0,53.7,36.9,46.9,46.1,Fail
5.0,67.9,48.4,49.3,46.6,33.6,48.0,44.7,Fail
8.4,81.1,54.4,45.2,45.5,60.1,48.1,53.6,Pass
13.3,85.0,73.6,42.5,66.4,72.4,61.4,76.8,Pass
2.8,55.7,51.2,54.5,50.3,39.7,51.8,17.2,Fail
8.5,77.3,48.3,53.4,60.5,73.6,54.7,63.6,Pass
4.8,75.0,69.0,51.2,45.9,36.1,54.4,35.6,Fail
11.2,75.7,63.2,68.2,78.0,57.5,70.6,60.7,Pass
8.5,75.0,58.5,44.1,56.9,45.9,53.5,60.5,Pass
2.3,60.3,55.5,32.8,35.2,47.6,40.6,33.8,Fail
7.5,59.4,52.4,46.0,54.5,57.5,51.3,56.6,Pass
6.2,82.5,56.3,42.9,62.9,56.0,54.9,36.0,Fail
3.0,52.9,34.6,45.5,32.1,33.3,36.9,32.8,Fail
4.9,79.3,49.0,57.6,52.9,50.0,53.1,59.1,Pass
7.3,68.2,49.4,46.9,66.8,50.0,55.6,46.4,Pass
5.0,76.0,38.7,49.5,43.1,55.9,43.7,38.7,Fail
11.9,74.5,49.5,67.5,68.7,86.1,62.6,79.8,Pass
6.2,74.9,53.0,49.9,54.4,43.1,52.6,51.2,Pass
4.7,69.2,39.1,37.5,53.8,42.4,44.5,45.1,Fail
7.5,63.6,59.3,25.0,49.1,48.3,44.9,32.4,Fail
8.1,70.8,55.7,51.4,60.8,33.5,56.4,40.7,Fail
11.2,72.3,51.3,64.9,57.9,74.1,58.0,61.3,Pass
6.9,73.4,68.0,40.0,45.6,54.0,50.6,49.2,Pass
7.9,70.6,53.6,51.6,48.6,59.7,51.0,45.6,Pass
5.5,68.9,55.8,48.3,52.4,44.0,52.2,48.4,Fail
15.5,70.4,85.3,70.8,78.5,80.5,78.2,82.3,Pass
8.4,59.9,54.5,49.6,64.7,52.7,57.1,68.2,Pass
7.4,69.4,55.7,39.6,60.0,53.9,52.6,56.1,Pass
5.0,67.5,61.8,53.7,64.4,58.0,60.4,40.3,Pass
12.1,66.1,61.7,57.7,64.5,69.2,61.6,61.8,Pass
2.1,67.1,52.9,31.6,50.7,25.1,45.6,38.1,Fail
7.5,73.9,56.6,35.2,52.3,53.6,48.5,35.4,Fail
4.5,66.6,50.3,45.2,52.8,56.5,49.8,35.6,Fail
10.6,72.8,64.3,78.6,63.0,64.4,68.1,67.0,Pass
8.1,59.6,51.1,45.6,51.7,59.5,49.7,59.1,Pass
7.4,58.6,48.1,41.5,53.6,64.1,48.3,52.6,Pass
3.5,67.4,42.0,39.4,37.9,50.8,39.6,38.3,Fail
6.5,61.2,41.0,43.9,53.5,53.6,46.9,43.8,Fail
8.3,63.9,52.2,45.9,61.9,56.5,54.2,47.8,Pass
11.3,75.8,63.2,77.5,62.6,66.7,67.2,64.0,Pass
8.9,87.0,67.2,56.7,68.5,63.1,64.6,75.3,Pass
10.6,69.5,61.3,44.0,72.9,74.3,60.8,46.4,Pass
2.6,79.5,57.7,30.0,57.5,49.4,49.3,32.2,Fail
7.3,68.1,63.3,58.3,57.1,53.1,59.3,64.3,Pass
11.5,78.3,77.3,62.4,73.6,66.0,71.4,74.0,Pass
1.3,69.2,41.7,32.0,54.8,38.0,44.0,20.7,Fail
5.9,75.3,50.3,42.9,57.5,54.6,51.0,47.4,Pass
8.4,72.8,47.7,58.0,65.7,55.4,58.0,60.9,Pass
12.4,73.0,77.2,53.4,76.4,57.8,69.7,73.0,Pass
7.1,75.1,47.5,48.0,58.1,59.9,51.9,45.7,Pass
6.7,71.4,47.6,54.1,64.7,49.9,56.4,42.9,Fail
7.9,66.0,57.4,42.2,50.5,48.3,50.1,41.9,Fail
8.4,81.4,58.7,65.3,66.3,58.0,63.7,54.8,Pass
3.9,68.3,59.9,25.9,47.6,36.9,44.8,40.8,Fail
5.0,60.0,41.9,41.3,54.5,51.3,46.8,53.5,Pass
1.9,55.4,40.7,33.7,41.0,43.3,38.7,21.7,Fail
4.5,81.1,38.5,26.1,59.9,54.7,43.3,54.8,Pass
3.3,60.0,54.5,30.6,52.5,41.4,46.5,37.5,Fail
3.9,70.7,35.6,46.6,45.6,34.2,42.9,34.6,Fail
20.0,87.0,100.0,74.3,95.9,98.2,90.6,100.0,Pass
12.0,80.2,67.1,59.1,73.9,87.8,67.4,89.0,Pass
3.4,79.4,48.3,38.7,50.8,44.5,46.4,25.8,Fail
2.8,71.3,46.7,47.8,54.5,28.8,50.2,46.0,Fail
4.7,72.3,42.5,46.5,50.8,54.6,47.0,45.9,Fail
2.8,61.8,49.4,32.6,40.5,22.8,40.8,17.9,Fail
7.8,64.0,51.5,41.7,58.0,44.3,51.2,58.1,Pass
7.7,88.6,59.5,61.9,67.6,59.7,63.5,67.3,Pass
3.8,64.2,57.1,40.7,28.8,52.8,40.9,42.5,Fail
9.9,71.0,47.3,63.6,78.0,63.9,64.5,64.3,Pass
9.9,74.2,60.5,60.9,84.0,57.7,70.0,60.1,Pass
4.4,66.8,48.0,12.0,44.3,37.0,35.7,37.3,Fail
3.7,77.2,51.7,52.1,56.9,37.9,53.9,51.5,Fail
5.2,70.6,47.1,45.2,45.1,43.9,45.7,40.9,Fail
9.2,60.6,54.0,52.6,46.2,54.5,50.5,65.1,Pass
19.1,77.6,96.3,58.4,83.9,87.5,80.0,95.7,Pass
9.1,71.0,63.5,48.4,52.5,64.5,54.6,49.2,Pass
3.2,72.0,41.8,40.6,52.4,45.4,45.7,37.9,Fail
8.1,57.6,58.7,35.7,61.8,40.4,53.0,46.1,Fail
7.2,72.6,56.5,60.9,70.5,37.7,63.4,41.3,Fail
6.9,74.1,62.0,55.4,59.3,49.3,58.9,45.5,Pass
2.8,70.4,45.1,35.1,54.0,60.0,45.7,48.3,Fail
8.1,69.1,50.5,66.4,60.6,54.6,59.3,60.0,Pass
6.6,76.3,42.7,51.9,58.2,56.2,51.7,56.4,Pass
3.1,57.2,52.6,48.5,38.6,27.1,45.8,31.5,Fail
16.4,87.2,84.4,65.5,81.7,78.7,77.6,80.3,Pass
2.9,63.0,47.6,41.4,43.7,46.0,44.2,34.3,Fail
8.7,70.8,63.8,63.9,65.6,64.2,64.6,60.1,Pass
6.1,67.6,62.4,56.0,40.9,51.3,51.9,52.8,Pass
5.4,71.7,38.8,53.9,59.4,54.0,51.6,60.2,Pass
13.2,67.0,67.2,72.0,67.1,82.0,68.6,77.2,Pass
11.1,80.4,51.8,73.3,62.2,70.7,62.4,72.8,Pass
6.1,74.3,51.3,26.2,58.4,65.0,46.6,40.3,Fail
4.0,62.4,49.4,35.6,48.2,45.7,44.8,25.5,Fail
5.0,66.0,47.0,26.8,52.0,39.2,42.9,34.8,Fail
5.6,59.8,63.2,26.7,61.7,37.5,51.6,44.3,Fail
11.3,64.3,59.6,51.2,51.0,59.6,53.6,57.3,Pass
8.3,71.5,51.9,47.3,49.4,55.9,49.5,36.6,Fail
11.5,75.4,65.9,71.4,64.3,77.3,66.9,68.3,Pass
2.7,60.5,35.3,25.3,53.1,48.9,39.4,51.0,Fail
12.0,64.4,56.3,59.1,69.9,63.2,62.6,73.8,Pass
14.3,80.8,80.3,81.0,76.2,82.5,78.9,67.1,Pass
4.1,62.0,54.7,38.1,53.4,44.7,49.2,39.2,Fail
10.5,66.6,62.2,72.3,69.1,61.9,68.0,57.6,Pass
13.6,86.5,78.0,49.7,80.8,78.5,70.6,74.7,Pass
4.7,57.8,63.4,32.1,57.9,47.6,51.8,44.9,Fail
3.3,68.5,46.7,53.3,49.7,62.9,49.9,42.9,Fail
7.6,57.1,45.4,39.9,56.1,65.5,48.0,64.9,Pass
1.8,50.7,43.1,29.5,43.4,44.4,39.1,20.8,Fail
11.9,78.1,73.9,75.7,68.1,68.7,72.1,74.0,Pass
3.8,61.9,53.6,44.8,47.5,32.8,48.5,42.5,Fail
5.8,57.6,58.0,27.4,55.0,48.7,47.6,41.8,Fail
9.9,79.5,71.6,62.2,60.6,48.8,64.4,58.7,Pass
9.2,74.0,64.8,47.4,58.4,59.1,57.0,76.4,Pass
9.7,54.6,60.9,45.6,56.1,59.6,54.4,56.6,Pass
4.1,72.6,53.3,41.3,52.5,36.8,49.4,44.6,Fail
8.0,61.1,41.6,42.7,53.8,55.3,46.8,59.7,Pass
10.8,59.3,45.6,58.0,58.9,68.2,54.6,53.9,Pass
4.6,59.0,38.5,32.0,47.7,41.7,40.2,59.1,Fail
17.1,80.2,84.8,75.4,80.9,85.1,80.4,84.2,Pass
5.9,67.7,48.6,51.7,48.4,56.9,49.4,47.2,Pass
1.7,49.0,39.2,30.4,38.9,47.5,36.4,38.0,Fail
5.9,55.8,61.0,42.6,56.0,47.9,53.5,45.0,Fail
13.5,70.1,76.7,63.0,77.9,77.2,73.1,70.9,Pass
3.7,58.9,27.7,39.0,29.6,38.2,31.8,41.0,Fail
3.5,70.3,53.9,39.3,43.5,50.0,45.4,30.8,Fail
8.4,66.8,57.3,48.8,65.4,62.4,58.0,68.3,Pass
3.3,69.9,42.3,38.6,46.3,47.6,42.8,42.7,Fail
3.2,72.6,45.6,41.9,36.5,59.5,40.8,48.8,Fail
3.9,69.1,46.0,37.0,58.2,41.9,48.2,36.2,Fail
15.5,54.0,56.7,61.3,74.6,71.5,65.2,69.4,Pass
8.9,68.2,60.2,60.6,52.2,71.7,57.1,51.0,Pass
6.9,66.9,71.3,65.0,50.0,51.2,60.9,54.9,Pass
4.1,64.5,55.7,62.3,71.0,53.2,63.8,29.8,Fail
10.7,56.2,42.1,53.8,51.0,75.7,49.2,66.3,Pass
9.4,65.2,60.7,42.7,69.1,64.7,58.7,54.9,Pass
16.1,68.4,75.0,65.3,86.6,81.4,76.7,82.5,Pass
3.6,56.9,36.3,38.5,33.8,38.6,36.0,28.0,Fail
3.3,61.9,35.5,47.5,38.5,52.1,40.3,50.1,Fail
1.8,56.2,47.6,26.6,49.5,25.1,42.1,18.2,Fail
9.1,64.1,58.3,49.9,49.8,44.1,52.4,28.0,Fail
7.7,67.7,51.9,39.8,49.5,45.6,47.3,46.1,Fail
5.3,62.4,54.1,57.3,50.0,48.1,53.4,36.2,Fail
1.7,63.6,59.4,39.5,45.2,26.9,47.8,25.8,Fail
14.4,73.9,73.0,62.0,81.7,94.5,73.2,75.6,Pass
7.5,56.5,54.3,46.2,57.5,43.1,53.2,47.7,Fail
12.8,67.1,65.6,47.8,69.5,75.2,61.8,60.0,Pass
13.5,73.6,65.9,67.2,70.2,66.3,68.0,70.3,Pass
8.9,67.1,64.5,54.8,53.5,57.8,57.2,53.3,Pass
9.7,60.3,55.9,35.5,67.4,56.7,54.4,48.5,Pass
4.5,70.8,54.2,36.0,53.4,36.5,48.4,29.4,Fail
7.1,71.0,67.5,45.7,63.8,53.8,59.5,61.6,Pass
11.6,69.1,69.9,55.2,68.6,78.3,65.0,59.2,Pass
4.0,63.5,36.9,35.1,47.6,41.3,40.6,32.1,Fail
11.2,64.9,51.2,57.0,63.0,65.5,57.7,72.7,Pass
10.8,79.8,75.6,71.3,69.7,71.1,71.9,67.8,Pass
10.6,89.3,67.1,65.0,69.9,73.4,67.6,70.3,Pass
6.8,63.0,54.6,56.3,50.1,35.8,53.3,35.8,Fail
4.2,74.8,44.5,46.2,55.4,54.7,49.4,43.4,Fail
17.0,73.5,81.0,67.9,87.7,86.4,79.8,100.0,Pass
13.9,72.4,84.6,62.1,76.1,73.3,74.4,82.2,Pass
6.9,79.7,58.9,57.3,71.4,69.3,63.4,48.7,Pass
7.7,68.3,61.1,53.9,55.3,65.1,56.6,52.9,Pass
5.7,72.3,63.1,57.6,71.4,55.5,64.8,27.5,Fail
1.8,60.0,55.0,34.0,47.6,31.8,45.7,34.9,Fail
6.3,53.1,43.1,29.6,29.3,42.8,33.5,33.9,Fail
8.9,89.4,67.9,55.2,81.4,63.8,69.5,64.9,Pass
4.7,63.9,58.8,27.9,44.8,49.3,43.9,42.5,Fail
5.5,67.8,63.8,42.8,56.3,48.3,54.5,41.5,Fail
5.5,60.7,45.8,31.7,53.6,47.5,44.7,41.4,Fail
7.2,74.9,51.5,48.7,58.6,44.8,53.5,46.5,Fail
5.8,72.6,52.1,47.2,54.2,58.6,51.5,40.5,Fail
3.8,52.1,40.7,35.3,39.1,49.7,38.4,45.7,Fail
7.2,70.0,53.2,45.9,53.3,50.4,51.0,50.1,Pass
8.7,77.5,63.9,50.1,71.8,56.1,62.9,66.2,Pass
7.6,78.7,54.5,61.6,53.3,53.0,56.2,40.0,Fail
1.7,67.2,56.0,38.1,47.0,55.4,47.0,46.1,Fail
9.6,77.4,59.2,41.8,69.3,68.8,58.0,58.3,Pass
3.1,59.4,39.2,37.9,36.9,39.1,37.9,31.1,Fail
8.6,60.5,46.0,62.7,58.8,50.5,56.1,59.7,Pass
8.8,68.1,68.1,47.2,68.8,48.0,62.1,61.2,Pass
2.3,52.7,30.1,29.8,41.9,41.8,34.7,45.0,Fail
11.0,67.3,65.8,61.7,72.7,61.5,67.3,61.6,Pass
16.9,74.2,81.6,63.0,79.6,84.9,75.2,82.6,Pass
5.6,59.2,25.6,31.5,40.7,57.5,33.4,57.8,Fail
8.6,74.6,49.1,38.5,59.2,48.6,50.0,58.4,Pass
5.0,57.9,44.3,46.6,38.5,38.9,42.7,40.8,Fail
3.1,78.4,64.9,49.2,70.5,50.9,62.4,25.3,Fail
11.6,81.8,64.7,55.7,70.1,67.2,64.2,64.9,Pass
8.7,80.0,57.4,43.7,50.1,58.7,50.4,54.1,Pass
4.3,59.6,40.5,47.2,42.1,50.9,43.2,39.5,Fail
3.2,65.4,39.9,37.3,45.0,48.1,41.2,32.6,Fail
17.4,72.5,71.5,53.3,69.8,77.5,65.4,79.9,Pass
2.6,64.9,39.3,40.3,36.0,35.1,38.3,44.8,Fail
9.4,57.1,50.2,52.6,54.2,55.3,52.5,62.0,Pass
7.4,77.4,52.3,63.1,63.2,68.2,59.9,61.2,Pass
10.3,67.2,57.7,62.0,69.0,47.5,63.5,58.1,Pass
14.9,80.3,81.5,75.9,85.9,78.0,81.6,70.5,Pass
0.8,64.9,32.1,25.1,36.6,39.7,31.8,34.7,Fail
3.4,59.6,39.5,25.2,26.2,33.4,29.9,37.9,Fail
6.2,61.1,46.6,48.5,63.9,36.3,54.1,41.2,Fail
15.6,77.8,74.5,68.9,76.1,69.6,73.5,66.7,Pass
5.2,72.7,46.1,50.4,50.0,53.0,49.0,57.9,Pass
4.6,64.3,65.1,42.3,61.0,44.3,56.6,39.6,Fail
1.2,66.3,47.0,47.2,41.9,20.6,45.0,28.2,Fail
4.3,71.5,57.8,38.5,56.3,41.6,51.4,46.7,Fail
9.2,69.5,61.2,53.0,63.3,70.6,59.6,49.3,Pass
6.2,66.5,63.6,39.6,47.0,48.9,49.8,58.5,Pass
4.2,66.2,39.1,32.9,40.7,48.9,37.9,31.5,Fail
17.5,90.1,77.6,87.9,83.6,88.7,83.1,88.6,Pass
5.6,64.0,43.9,42.3,50.7,54.8,46.1,58.3,Pass
7.2,77.7,56.3,72.5,55.4,63.9,60.8,45.8,Pass
4.0,66.8,60.7,28.4,46.9,43.1,45.5,36.7,Fail
3.1,57.8,61.1,37.1,46.6,30.8,48.1,38.1,Fail
9.9,71.5,68.9,56.1,59.7,65.8,61.4,71.6,Pass
2.0,53.4,39.2,44.0,46.7,23.0,43.6,15.1,Fail
8.8,59.8,64.5,41.4,60.6,58.5,56.0,46.0,Pass
0.6,65.6,52.7,27.4,40.0,41.8,40.0,29.1,Fail
8.1,76.1,68.4,39.1,66.8,52.5,59.0,58.3,Pass
3.3,63.7,44.6,51.4,56.1,32.1,51.2,32.2,Fail
3.7,64.8,46.0,23.8,49.2,50.0,40.6,40.8,Fail
5.6,62.1,44.6,43.9,40.3,47.1,42.7,42.3,Fail
2.9,64.8,43.3,60.1,57.2,41.2,53.9,36.9,Fail
1.6,77.8,40.1,48.2,58.9,43.8,50.1,38.4,Fail
6.0,75.3,54.1,58.1,65.2,49.2,59.7,51.8,Pass
10.2,71.6,61.7,70.8,68.5,50.1,67.2,69.5,Pass
7.6,67.8,48.6,50.2,59.9,49.3,53.6,52.8,Pass
12.4,71.9,87.9,61.8,73.1,69.0,74.1,73.8,Pass
1.8,50.9,41.2,31.7,40.4,33.2,38.0,34.6,Fail
5.2,62.4,59.5,41.3,43.9,30.0,47.8,43.3,Fail
6.8,73.6,65.3,42.8,51.1,51.0,52.9,52.2,Pass
3.8,57.1,60.3,50.1,41.9,56.5,49.9,55.2,Pass
7.0,66.2,46.6,42.2,40.4,52.0,42.8,33.9,Fail
12.0,65.5,59.3,55.2,56.4,73.0,56.9,67.3,Pass
8.9,77.0,46.4,41.9,61.0,64.7,50.9,62.2,Pass
12.9,65.3,52.4,67.2,50.0,62.8,55.9,61.5,Pass
7.9,74.2,50.0,65.3,52.3,53.0,55.5,64.3,Pass
6.3,75.8,54.1,27.7,55.6,54.9,46.8,33.6,Fail
15.0,75.4,71.9,80.8,70.0,73.3,73.8,73.5,Pass
7.2,63.1,78.7,53.3,56.4,62.6,62.2,39.1,Pass
16.8,84.0,82.8,84.4,84.9,82.9,84.1,82.0,Pass
11.1,86.1,75.8,64.3,78.9,77.5,73.6,64.1,Pass
4.3,75.9,52.5,48.8,48.2,51.8,49.7,46.8,Fail
5.9,66.5,41.2,47.6,49.6,53.8,46.5,65.7,Pass
14.9,70.8,73.4,56.5,58.6,68.6,62.4,84.6,Pass
12.4,73.0,53.8,59.4,71.4,78.6,62.5,60.9,Pass
10.1,58.6,56.3,47.5,53.2,78.6,52.4,68.3,Pass
9.5,67.0,64.3,62.4,64.2,51.7,63.7,50.9,Pass
2.7,66.8,40.7,35.2,43.8,48.8,40.3,45.4,Fail
3.2,60.9,46.2,41.7,61.6,40.5,51.0,41.9,Fail
7.7,64.4,49.9,38.2,68.5,45.2,53.8,59.4,Pass
3.8,64.1,38.0,56.0,51.2,34.8,48.7,48.5,Fail
5.6,64.6,54.5,45.8,55.6,40.2,52.3,49.9,Fail
5.4,72.5,60.9,32.8,57.4,42.0,51.1,41.8,Fail
9.3,60.5,65.1,59.7,56.4,46.9,60.0,50.5,Pass
7.8,73.6,55.8,52.8,54.1,66.8,54.2,46.8,Pass
11.8,73.8,48.3,66.5,59.0,68.2,58.0,70.2,Pass
7.9,73.0,58.4,79.0,55.4,63.3,63.4,60.0,Pass
7.6,58.0,62.8,56.5,58.4,41.7,59.2,31.7,Fail
6.7,75.1,45.4,58.4,54.7,65.9,53.0,63.8,Pass
12.8,79.7,83.8,59.9,60.2,67.1,67.2,67.6,Pass
6.7,81.4,41.3,51.1,75.6,68.0,58.0,48.0,Pass
4.2,58.4,49.1,35.6,46.3,45.6,43.9,41.0,Fail
9.8,67.1,66.4,41.5,77.8,50.2,63.5,43.8,Pass
6.2,53.2,60.1,38.1,48.3,48.6,48.8,38.8,Fail
11.0,66.6,65.7,66.1,62.9,63.8,64.7,55.6,Pass
13.6,87.8,70.9,70.3,82.9,68.6,75.5,66.5,Pass
5.9,69.4,54.0,34.8,52.4,39.4,47.6,34.5,Fail
13.3,70.1,62.2,60.8,72.1,77.8,65.7,71.5,Pass
11.2,74.5,48.8,51.2,62.5,76.3,55.0,75.4,Pass
4.7,65.1,47.0,45.8,46.7,36.5,46.5,30.0,Fail
3.9,49.4,46.5,29.8,54.6,38.5,44.7,29.4,Fail
3.6,50.5,50.6,30.6,35.8,23.9,38.7,21.0,Fail
3.1,72.6,44.1,28.4,45.4,49.9,39.9,47.4,Fail
12.6,81.0,81.3,78.0,87.0,74.3,82.6,69.1,Pass
5.9,55.2,47.0,41.3,46.9,33.5,45.2,41.7,Fail
16.2,78.4,79.7,69.2,69.3,76.9,72.4,77.5,Pass
4.4,59.6,52.6,42.6,53.0,38.2,49.8,49.3,Fail
4.9,74.6,52.6,48.1,53.8,41.7,51.7,40.7,Fail
9.0,74.4,59.6,47.2,65.6,68.1,58.3,69.6,Pass
15.7,70.0,84.9,69.2,77.5,69.6,77.2,83.2,Pass
4.8,66.7,36.0,43.1,41.3,61.4,40.2,44.8,Fail
10.5,72.3,63.0,65.4,66.7,72.2,65.2,59.7,Pass
6.7,67.7,39.0,53.4,62.1,49.4,52.6,44.3,Fail
9.1,66.8,43.9,51.6,54.5,78.5,50.4,60.8,Pass
4.0,65.0,47.1,40.3,42.6,40.2,43.3,49.2,Fail
9.9,65.1,55.1,51.1,59.4,46.9,55.6,61.9,Pass
5.7,57.3,65.2,42.8,50.8,54.7,52.7,49.0,Pass
5.0,56.0,44.8,39.7,45.3,35.5,43.5,33.1,Fail
6.5,59.4,59.9,45.6,62.2,59.9,56.5,43.1,Pass
9.4,74.7,61.6,41.1,65.3,47.5,56.9,42.8,Fail
6.0,70.8,43.6,40.1,65.2,42.6,51.2,41.5,Fail
5.1,77.8,39.4,58.6,55.0,47.1,51.4,40.3,Fail
6.2,65.6,41.2,39.1,54.5,54.2,45.9,58.2,Pass
6.1,72.9,56.7,45.4,71.6,47.3,59.3,50.5,Pass
8.9,71.1,71.9,54.3,65.5,54.1,64.1,54.7,Pass
5.3,68.8,43.9,42.3,50.0,54.1,45.9,53.0,Pass
5.2,72.7,58.9,39.5,48.4,59.3,48.9,58.8,Pass
4.0,69.5,47.4,49.5,44.2,43.1,46.8,38.4,Fail
9.3,72.0,51.7,44.1,58.2,50.3,52.0,53.4,Pass
7.2,63.7,56.3,28.2,53.8,63.0,46.9,42.1,Fail
12.8,77.6,81.6,74.2,59.1,71.4,70.4,82.3,Pass
11.9,85.2,68.8,50.9,72.2,74.2,64.8,78.8,Pass
7.7,70.6,63.2,56.1,40.4,51.8,52.0,47.0,Fail
6.3,64.4,54.4,41.5,62.8,45.8,53.9,52.9,Pass
6.7,74.6,58.3,61.9,45.0,51.1,54.1,30.7,Fail
4.5,54.3,38.9,36.2,46.5,48.7,41.1,36.7,Fail
4.0,61.9,50.5,34.4,49.4,52.7,45.2,42.4,Fail
3.7,56.6,32.7,45.3,52.9,36.1,44.6,37.1,Fail
6.0,66.2,54.8,55.9,54.8,46.9,55.1,52.5,Pass
0.9,71.1,54.1,49.3,45.4,49.6,49.2,28.2,Fail
15.4,83.6,90.3,47.2,83.6,95.4,74.7,90.9,Pass
17.9,66.5,67.4,53.2,73.6,85.2,65.6,92.4,Pass
3.4,59.1,48.1,27.5,42.5,42.1,39.7,34.5,Fail
17.7,69.2,70.5,61.2,79.7,98.5,71.4,86.9,Pass
3.5,72.7,49.9,36.4,48.5,46.4,45.3,30.4,Fail
6.7,63.4,67.8,46.0,60.7,52.6,58.4,43.6,Pass
8.4,70.7,65.0,52.9,54.9,53.3,57.3,37.6,Fail
7.1,69.5,49.8,53.0,62.8,60.2,56.0,51.2,Pass
4.8,67.4,44.1,36.1,53.8,40.2,45.6,41.0,Fail
4.6,42.4,42.1,34.9,42.5,33.9,40.1,31.4,Fail
10.6,75.6,64.6,56.7,55.7,62.4,58.7,59.1,Pass
13.0,71.2,68.4,61.6,75.9,75.3,69.4,71.5,Pass
1.9,69.0,32.6,31.9,57.7,36.1,42.4,33.9,Fail
7.7,70.9,72.7,51.6,57.8,63.8,60.4,60.1,Pass
9.4,76.3,78.5,45.4,72.6,52.3,66.2,44.4,Pass
7.4,63.1,57.6,62.5,55.1,50.7,58.1,45.6,Pass
2.6,54.1,34.5,26.3,33.4,36.4,31.6,20.1,Fail
9.0,77.9,56.4,57.8,57.7,63.4,57.3,55.8,Pass
12.0,78.9,60.1,58.2,68.5,76.2,62.9,79.4,Pass
4.0,66.6,39.7,36.0,51.3,35.5,43.2,38.2,Fail
4.7,67.4,44.5,28.6,40.1,45.3,38.0,38.6,Fail
7.5,72.4,60.1,44.7,54.3,46.3,53.2,43.5,Fail
6.4,57.3,51.0,41.2,51.6,53.1,48.3,43.0,Fail
4.7,74.2,63.9,38.7,46.5,43.8,49.4,37.5,Fail
3.0,62.4,32.5,43.3,46.7,48.0,41.4,40.7,Fail
5.0,65.0,42.5,57.3,61.9,47.9,54.7,35.7,Fail
1.4,58.3,24.3,32.0,37.9,35.3,32.0,25.9,Fail
9.5,51.6,55.6,53.4,61.1,78.5,57.1,56.7,Pass
4.3,69.8,62.3,53.1,44.1,56.1,52.3,35.5,Fail
10.4,64.5,56.4,44.4,57.1,66.0,53.1,49.4,Pass
5.8,67.8,62.9,60.7,62.2,51.1,62.0,46.0,Pass
7.3,62.2,58.8,34.7,46.1,47.3,46.5,37.3,Fail
2.2,59.9,49.3,34.8,39.4,32.7,41.0,29.7,Fail
9.9,68.7,65.1,60.0,71.2,73.9,66.0,71.6,Pass
23.7,81.7,100.0,100.0,92.9,98.4,97.2,100.0,Pass
5.3,64.6,48.4,42.7,37.2,52.1,42.2,43.1,Fail
7.2,64.8,59.3,48.0,52.3,47.3,53.1,35.2,Fail
7.7,60.9,68.4,61.8,69.6,46.1,66.9,42.3,Pass
2.8,72.7,39.2,25.8,57.8,37.9,42.6,28.1,Fail
3.3,57.5,42.1,27.6,44.0,44.8,38.5,31.8,Fail
9.1,75.4,65.4,42.8,62.2,69.4,57.3,61.8,Pass
4.0,70.1,42.2,31.6,66.1,46.4,48.6,45.7,Fail
5.8,74.4,46.7,38.0,48.2,49.7,44.7,27.7,Fail
7.3,64.4,70.2,58.3,53.5,58.7,60.0,61.5,Pass
9.3,69.6,53.0,66.5,68.0,59.5,63.0,47.7,Pass
6.0,65.9,48.8,48.1,46.8,46.5,47.8,60.1,Pass
6.1,71.5,55.4,55.1,58.3,44.4,56.5,40.7,Fail
21.6,84.0,91.8,90.9,84.2,100.0,88.5,100.0,Pass
11.3,77.2,61.4,59.2,78.1,62.9,67.4,65.1,Pass
5.4,64.4,48.5,51.3,48.3,39.6,49.3,37.3,Fail
6.1,76.3,47.1,54.3,51.4,52.0,51.0,55.6,Pass
17.1,80.4,73.9,78.5,75.1,93.0,75.8,98.6,Pass
9.3,70.1,65.2,53.8,54.5,66.5,57.5,58.0,Pass
12.2,77.4,74.9,62.9,69.0,68.6,68.9,61.2,Pass
5.3,79.4,62.6,45.0,41.2,47.8,48.8,35.8,Fail
4.9,61.0,48.1,25.2,41.7,63.3,38.7,56.4,Pass
14.8,86.1,73.9,68.5,78.7,73.1,74.2,67.1,Pass
6.4,61.1,40.7,44.8,51.6,49.3,46.3,47.2,Fail
6.4,68.0,50.4,38.0,54.0,44.7,48.1,49.8,Fail
5.1,59.8,49.5,36.9,44.2,52.5,43.6,38.3,Fail
11.9,71.3,73.9,65.3,79.5,76.0,73.6,74.6,Pass
7.5,63.6,38.6,55.3,59.5,44.4,52.0,46.6,Fail
3.2,69.4,44.5,24.4,47.5,43.5,39.7,35.9,Fail
4.7,61.7,29.8,34.5,45.6,22.9,37.5,21.6,Fail
13.3,80.2,57.8,71.5,68.3,75.9,66.1,69.4,Pass
7.6,64.9,65.2,36.6,53.4,27.7,51.9,35.8,Fail
12.0,74.4,55.9,58.8,66.2,71.5,60.9,74.5,Pass
8.4,81.7,62.2,42.7,70.6,57.4,59.7,58.6,Pass
3.5,58.2,52.7,29.2,43.5,26.8,42.0,24.5,Fail
9.0,65.0,53.8,54.2,67.7,62.5,59.5,43.9,Pass
6.5,65.8,42.9,51.4,48.3,51.8,47.6,53.4,Pass
4.8,65.6,50.2,51.4,61.3,38.8,55.0,47.3,Fail
5.1,71.1,64.0,69.2,53.0,57.8,61.2,55.6,Pass
11.8,74.5,73.9,57.9,74.4,67.1,69.3,69.2,Pass
7.7,71.2,54.8,48.5,74.4,59.3,60.8,46.0,Pass
7.4,59.6,48.2,57.7,70.4,49.4,59.9,42.9,Pass
15.7,81.3,85.0,80.0,71.0,80.4,77.9,63.2,Pass
4.3,67.8,37.2,46.3,55.9,59.9,47.4,47.0,Fail
6.3,72.9,62.0,43.6,50.9,47.0,52.0,51.8,Pass
4.6,62.9,43.8,47.5,51.3,47.8,47.9,34.4,Fail
8.9,70.6,47.1,46.9,62.7,60.9,53.3,50.6,Pass
7.5,74.7,43.3,44.2,63.4,45.3,51.6,28.4,Fail
5.4,58.0,61.3,43.9,42.4,48.2,48.5,46.6,Fail
5.8,52.6,45.8,59.5,39.8,31.9,47.5,46.6,Fail
11.1,64.4,54.4,53.0,56.7,80.7,54.9,67.8,Pass
12.8,70.2,66.3,61.2,73.1,82.0,67.5,68.0,Pass
4.7,74.2,47.1,29.7,54.5,29.4,44.8,30.2,Fail
24.2,100.0,94.1,85.1,100.0,100.0,93.8,100.0,Pass
2.7,56.0,38.2,38.2,34.2,38.2,36.6,39.0,Fail
3.4,63.4,45.9,42.6,48.2,28.5,45.8,28.3,Fail
5.6,62.5,56.0,60.4,47.6,32.7,54.0,30.1,Fail
4.2,68.9,36.8,32.0,44.4,44.0,38.4,56.5,Fail
3.8,66.8,58.4,41.3,49.7,58.6,49.8,34.4,Fail
12.6,68.1,58.1,55.7,56.2,88.8,56.6,66.4,Pass
9.0,65.8,59.8,53.8,63.6,60.2,59.5,49.7,Pass
7.1,67.4,54.0,42.7,46.1,43.2,47.4,47.5,Fail
4.8,75.6,45.8,28.9,50.3,64.2,42.5,47.0,Fail
3.5,59.0,53.8,43.2,52.3,32.4,50.0,28.9,Fail
3.4,51.7,36.0,28.7,31.4,33.9,32.0,31.9,Fail
12.6,85.5,82.2,62.0,65.8,79.5,69.6,65.4,Pass
12.3,78.7,73.6,62.3,79.0,82.5,72.4,76.4,Pass
5.7,57.5,42.7,41.7,41.4,35.4,41.9,45.6,Fail
2.6,65.6,35.3,10.4,51.4,37.0,34.3,28.1,Fail
9.5,77.9,70.9,41.0,69.2,67.1,61.2,63.4,Pass
5.7,67.6,42.6,41.9,42.6,27.0,42.4,35.6,Fail
11.4,84.6,67.1,82.0,72.2,55.4,73.6,67.3,Pass
3.3,68.4,52.7,31.0,52.5,27.1,46.1,31.5,Fail
7.0,70.8,58.9,44.7,47.9,55.6,50.2,58.6,Pass
3.1,65.4,44.2,50.3,47.3,47.8,47.3,57.7,Pass
4.2,66.1,42.4,47.1,54.6,55.9,48.7,49.4,Pass
4.2,72.1,55.8,46.1,52.0,49.7,51.4,49.4,Pass
5.7,65.6,36.0,45.0,51.4,69.7,44.9,48.2,Pass
13.2,83.4,73.5,47.8,73.8,78.5,65.9,70.1,Pass
7.2,71.1,45.4,34.4,63.3,64.8,49.3,56.0,Pass
10.4,73.3,55.8,48.0,63.4,71.4,56.5,55.3,Pass
7.0,65.9,56.7,43.3,51.0,54.1,50.4,57.9,Pass
5.2,63.9,43.6,53.3,48.5,62.0,48.5,53.7,Pass
1.6,64.5,51.8,34.9,34.1,42.9,39.6,28.4,Fail
3.5,72.3,54.3,35.0,30.0,38.7,38.8,41.8,Fail
6.7,72.1,49.4,45.2,50.3,54.7,48.5,67.5,Pass
7.4,63.2,52.0,59.5,65.7,50.5,59.7,50.5,Pass
11.4,60.9,52.2,56.5,68.8,55.5,60.1,65.1,Pass
2.1,68.4,48.5,42.7,35.1,33.9,41.4,33.8,Fail
19.6,100.0,100.0,78.8,87.9,100.0,88.8,100.0,Pass
1.5,59.6,31.3,15.9,35.9,20.8,28.5,23.7,Fail
6.4,64.0,53.5,51.0,52.4,52.8,52.3,64.3,Pass
4.6,72.1,53.4,46.0,45.7,43.1,48.1,25.2,Fail
3.5,57.3,34.2,45.7,39.3,31.5,39.7,35.9,Fail
15.1,90.1,69.2,71.5,86.8,81.1,76.9,79.9,Pass
4.7,68.9,35.6,64.3,42.5,50.2,47.0,52.5,Fail
2.0,62.2,47.1,26.5,48.3,54.7,41.4,46.6,Fail
2.8,57.2,39.9,25.7,48.5,27.5,39.1,35.8,Fail
12.2,81.7,63.1,60.6,87.7,73.8,72.2,64.1,Pass
2.9,59.9,60.3,33.7,42.4,42.8,45.2,46.4,Fail
2.4,68.6,31.0,35.7,36.7,39.3,34.7,31.2,Fail
7.4,72.1,66.7,48.4,47.9,67.9,53.7,66.1,Pass
5.6,77.1,37.1,43.7,58.4,53.8,47.6,50.8,Pass
8.7,71.7,54.7,47.2,63.4,65.9,55.9,60.5,Pass
5.2,91.2,44.2,40.3,57.6,48.7,48.4,44.5,Fail
10.0,76.4,56.4,61.1,66.6,52.8,61.9,41.3,Pass
2.6,64.3,40.2,47.5,45.6,38.8,44.6,49.6,Fail
2.3,59.6,36.8,64.6,39.7,38.3,46.3,35.7,Fail
7.8,76.4,60.5,54.6,58.7,54.7,58.0,50.2,Pass
5.6,63.8,57.4,53.4,52.2,51.0,54.1,49.3,Pass
5.0,59.8,47.0,42.9,66.1,40.6,53.4,36.5,Fail
9.5,67.7,61.9,59.2,68.1,56.1,63.6,49.6,Pass
21.2,83.9,100.0,82.0,85.2,100.0,88.7,96.0,Pass
2.3,80.8,43.3,37.7,52.7,35.1,45.4,30.8,Fail
13.4,78.4,77.6,61.9,74.2,85.2,71.5,72.9,Pass
9.7,66.4,79.5,70.0,76.9,68.9,75.6,62.9,Pass
4.9,74.6,66.7,60.5,65.0,60.9,64.2,58.2,Pass
15.8,80.5,88.8,62.3,80.2,90.1,77.4,87.8,Pass
2.9,73.8,53.8,44.3,50.2,42.8,49.5,36.4,Fail
8.5,85.5,71.9,52.7,58.8,56.0,60.9,38.9,Pass
5.9,55.1,44.5,57.9,53.4,44.3,52.1,45.9,Fail
4.9,46.9,43.2,26.8,52.4,38.9,42.0,31.2,Fail
3.1,79.7,48.5,52.0,52.6,36.3,51.2,38.7,Fail
25.0,84.5,90.0,92.0,100.0,100.0,94.6,100.0,Pass
4.9,52.3,46.7,22.2,44.2,36.4,38.4,34.1,Fail
1.1,57.1,35.1,49.0,45.5,36.4,43.4,22.1,Fail
10.6,65.0,61.2,39.0,53.4,58.2,51.4,62.1,Pass
8.1,63.5,44.2,39.5,47.4,61.6,44.1,45.1,Fail
5.6,73.6,49.0,34.5,61.0,54.4,49.4,66.1,Pass
5.3,63.5,60.2,54.2,42.7,42.2,51.4,41.9,Fail
6.3,54.6,50.5,37.0,45.9,46.6,44.6,48.5,Fail
10.7,73.1,74.0,46.3,65.3,43.8,62.2,55.0,Pass
8.1,62.9,50.2,54.1,59.3,50.5,55.0,44.3,Fail
8.9,68.7,56.4,41.8,61.2,59.5,53.9,72.1,Pass
8.9,69.1,60.2,56.0,39.2,49.9,50.5,43.9,Fail
11.0,80.0,64.4,62.5,72.5,74.6,67.1,68.2,Pass
12.8,71.3,55.8,63.3,66.3,58.0,62.2,63.4,Pass
4.3,70.7,54.3,24.6,59.6,47.2,47.5,38.6,Fail
7.4,56.1,43.7,55.8,44.9,49.5,47.8,42.0,Fail
12.5,82.2,69.6,76.2,83.6,83.4,77.2,72.3,Pass
4.3,75.6,34.2,51.9,42.3,43.6,42.8,45.4,Fail
14.1,75.1,65.5,71.6,69.5,73.3,68.9,76.1,Pass
4.3,58.6,45.2,37.6,55.9,54.1,47.2,45.5,Fail
8.3,61.3,59.5,64.1,73.0,67.6,66.3,54.2,Pass
5.7,66.6,41.5,31.7,43.2,30.3,39.2,45.3,Fail
5.1,75.8,45.8,24.8,71.2,34.7,49.7,27.7,Fail
8.7,67.0,71.6,62.1,44.8,70.7,58.0,58.4,Pass
12.9,84.4,86.8,48.7,81.9,82.9,73.4,74.1,Pass
5.6,57.5,52.6,51.6,62.5,53.7,56.3,43.1,Pass
13.5,73.4,79.3,50.3,66.0,69.8,65.3,69.3,Pass
4.2,64.7,44.7,46.2,57.3,44.3,50.2,38.4,Fail
13.0,77.3,74.4,56.3,69.2,58.1,66.9,71.6,Pass
7.1,65.9,58.8,50.6,51.1,48.7,53.3,44.4,Fail
8.0,79.6,52.3,65.2,51.6,68.4,55.9,55.7,Pass
3.1,73.8,49.9,32.7,49.7,42.1,44.7,47.5,Fail
5.0,64.6,47.0,57.1,51.4,55.9,51.8,53.3,Pass
6.6,63.8,55.3,45.6,46.0,59.7,48.7,51.0,Pass
12.1,69.7,60.8,60.1,76.8,75.8,67.0,71.2,Pass
5.9,75.4,42.8,57.5,50.4,57.2,50.2,37.8,Fail
3.9,59.4,45.8,50.2,46.4,40.2,47.4,35.1,Fail
7.6,57.4,59.1,45.5,56.4,52.9,53.9,54.6,Pass
18.3,71.5,84.7,59.3,100.0,74.2,83.2,88.6,Pass
8.1,75.1,44.5,52.0,67.8,43.3,56.1,41.2,Fail
5.8,56.0,49.9,28.2,55.4,45.9,45.6,31.7,Fail
7.7,66.0,60.7,47.6,54.7,48.5,54.4,55.1,Pass
3.8,65.4,48.3,36.5,51.3,36.6,46.0,44.6,Fail
14.5,63.9,75.1,49.9,74.9,68.9,67.5,77.9,Pass
14.4,78.7,61.1,58.4,73.5,83.4,65.2,95.2,Pass
3.7,61.8,36.8,50.1,52.4,53.3,47.0,52.3,Pass
14.2,61.8,71.7,58.8,91.8,61.5,75.9,62.5,Pass
7.7,70.8,53.9,45.5,50.4,72.7,50.0,69.5,Pass
9.8,74.9,71.5,60.1,68.7,66.6,67.0,55.7,Pass
6.6,69.4,56.5,61.6,58.9,58.5,59.0,54.0,Pass
6.9,72.3,48.3,43.0,54.7,44.4,49.3,37.1,Fail
4.5,67.5,41.7,52.3,44.9,46.3,46.2,50.2,Fail
3.7,70.3,33.5,40.7,42.7,43.5,39.3,35.6,Fail
3.6,56.8,49.7,54.5,61.7,25.7,55.9,49.4,Fail
12.3,63.6,62.7,67.6,66.7,66.2,65.8,68.8,Pass
7.4,59.6,60.0,42.9,62.3,57.9,55.8,51.1,Pass
3.8,58.1,47.1,40.4,44.4,36.2,44.0,28.3,Fail
7.1,84.7,60.5,44.6,65.3,50.8,57.6,55.6,Pass
2.1,56.1,47.6,35.1,46.4,45.2,43.4,37.0,Fail
3.8,60.4,44.9,31.0,45.0,42.5,40.8,32.9,Fail
12.9,73.6,65.2,55.6,71.9,69.3,65.0,83.0,Pass
4.8,62.9,48.5,51.8,58.8,47.6,53.6,36.9,Fail
12.0,88.9,77.4,65.7,67.1,78.4,69.8,61.8,Pass
6.3,53.8,41.2,45.6,50.2,54.3,46.1,45.6,Fail
9.9,89.4,74.0,54.7,74.7,76.1,68.5,67.9,Pass
3.2,65.0,46.4,35.5,52.8,44.9,45.7,35.8,Fail
9.0,78.5,58.5,51.2,70.2,72.8,61.0,68.3,Pass
1.3,61.7,42.6,28.0,47.3,18.2,40.1,24.9,Fail
5.1,72.6,61.4,38.7,63.5,58.2,55.4,59.4,Pass
13.3,68.4,76.5,53.6,68.1,67.3,66.3,78.9,Pass
6.8,57.3,53.9,31.9,62.7,37.0,50.8,48.1,Fail
3.6,85.1,57.7,43.5,56.5,58.4,53.0,52.7,Pass
12.7,90.5,72.9,57.0,82.1,75.0,71.8,61.7,Pass
19.6,75.1,77.1,91.8,75.2,99.2,80.8,100.0,Pass
5.7,72.6,56.7,33.7,60.2,47.2,51.2,51.5,Pass
2.2,71.9,42.4,34.2,48.0,43.8,42.2,48.9,Fail
6.9,73.6,47.7,55.2,54.6,53.5,52.7,46.0,Pass
10.2,70.6,58.2,35.8,72.3,60.5,57.1,54.5,Pass
5.9,83.3,43.7,55.8,58.7,50.3,53.3,45.7,Fail
1.4,67.2,33.1,27.5,44.1,25.8,35.8,27.4,Fail
9.6,64.1,74.7,42.4,52.7,48.3,56.2,45.5,Pass
4.2,61.9,56.0,45.0,44.7,45.7,48.2,29.2,Fail
5.0,57.4,45.3,46.6,49.3,39.5,47.3,34.2,Fail
2.3,61.9,47.3,25.6,40.1,41.8,37.9,22.8,Fail
1.0,60.1,32.4,29.2,49.9,32.3,38.4,13.6,Fail
3.1,69.8,52.4,50.1,47.3,39.5,49.7,31.0,Fail
4.8,71.7,53.2,39.5,46.4,63.2,46.4,49.6,Pass
4.7,68.7,44.4,33.5,42.9,40.2,40.5,38.3,Fail
14.9,80.8,71.5,66.9,75.9,79.8,71.9,85.4,Pass
3.4,72.4,45.4,39.7,55.6,59.9,47.8,32.4,Fail
11.5,72.0,71.4,56.0,61.4,74.4,62.8,75.6,Pass
7.3,49.6,48.8,47.5,43.0,50.7,46.1,45.0,Fail
16.1,96.2,68.4,68.7,79.1,79.8,72.8,97.0,Pass
6.4,60.4,47.3,49.9,51.3,30.8,49.7,40.7,Fail
1.5,67.4,37.0,31.8,36.1,13.8,35.1,22.9,Fail
6.0,64.5,39.5,31.4,51.9,44.0,42.0,42.1,Fail
1.1,72.5,37.9,49.8,55.3,55.0,48.4,39.7,Fail
3.0,55.9,25.5,21.7,40.9,29.5,30.5,38.9,Fail
6.1,61.6,43.2,51.3,48.1,39.7,47.6,48.7,Fail
6.2,63.5,53.0,43.1,61.0,46.7,53.2,47.2,Fail
11.3,78.0,69.6,59.5,61.1,68.8,63.2,65.4,Pass
8.6,72.1,62.9,44.1,65.3,60.1,58.2,58.0,Pass
15.3,82.9,83.1,65.0,80.1,90.0,76.5,100.0,Pass
11.2,74.5,74.3,65.4,80.5,59.0,74.1,67.9,Pass
10.5,80.1,56.8,48.1,75.2,76.5,61.6,76.6,Pass
18.7,90.0,73.4,74.1,73.0,97.0,73.4,100.0,Pass
10.9,85.2,67.7,69.8,71.8,64.5,70.0,68.9,Pass
13.8,79.3,75.8,59.9,64.8,66.0,66.6,51.5,Pass
2.1,65.2,37.1,36.2,51.9,26.5,42.8,21.0,Fail
5.5,80.7,57.3,48.3,51.0,63.3,52.1,52.4,Pass
8.4,79.7,75.3,45.6,70.8,56.7,64.6,56.8,Pass
7.0,72.5,45.1,52.3,64.2,51.7,54.9,52.4,Pass
4.1,53.8,44.4,36.8,32.4,42.3,37.3,42.3,Fail
10.5,59.1,67.0,45.7,72.0,48.6,62.6,44.8,Pass
12.0,79.3,66.2,66.9,78.2,84.2,71.2,75.7,Pass
6.3,72.8,57.7,48.4,49.5,55.4,51.6,50.9,Pass
5.7,61.1,57.0,42.2,60.3,49.5,53.9,48.6,Pass
4.8,68.6,47.8,39.9,43.0,45.7,43.5,32.5,Fail
10.8,65.7,52.8,42.0,68.4,48.6,55.8,57.2,Pass
5.6,71.3,51.8,43.8,53.6,59.3,50.1,33.5,Fail
6.8,72.9,46.7,28.2,46.2,72.1,41.0,44.3,Fail
13.0,80.3,65.7,70.3,82.7,66.0,73.9,85.3,Pass
7.9,72.2,61.0,40.0,70.3,47.1,58.4,49.4,Pass
6.8,65.8,54.8,51.3,56.5,44.2,54.4,37.3,Fail
4.6,63.8,56.3,28.4,51.0,36.9,45.8,23.2,Fail
6.6,77.2,58.2,37.2,56.0,66.5,51.0,53.0,Pass
4.2,68.4,42.7,34.7,53.4,35.4,44.6,50.5,Fail
7.6,73.0,49.1,66.7,60.8,78.8,59.1,60.5,Pass
5.0,66.7,55.0,38.7,62.9,63.2,53.3,52.9,Pass
5.4,71.7,54.2,59.9,55.8,58.3,56.6,42.4,Pass
6.6,75.6,54.3,52.6,67.5,59.8,59.1,45.9,Pass
16.3,74.5,77.7,67.2,65.3,87.8,69.6,85.0,Pass
8.3,74.7,53.4,53.5,66.0,53.7,58.5,52.5,Pass
3.1,61.9,25.2,40.3,44.2,30.1,37.3,30.7,Fail
5.6,69.2,60.3,48.6,57.4,50.8,55.6,47.9,Pass
4.7,72.3,56.3,55.3,66.3,36.9,60.0,45.2,Fail
4.5,53.8,44.4,39.1,53.6,34.7,46.5,19.1,Fail
4.6,56.8,39.1,44.8,43.7,50.1,42.7,37.6,Fail
5.7,61.6,48.2,60.6,45.0,52.6,50.6,51.2,Pass
4.2,59.2,32.3,24.9,31.8,53.5,29.9,37.2,Fail
4.2,63.7,48.4,39.1,52.1,41.0,47.1,50.4,Fail
4.7,79.2,37.7,52.4,61.5,66.8,51.6,56.7,Pass
4.5,74.8,52.3,31.1,62.3,40.9,49.9,34.4,Fail
3.8,59.9,39.9,29.6,43.0,48.7,38.0,35.1,Fail
9.4,78.2,61.1,46.8,73.3,63.2,61.7,57.5,Pass
5.2,65.9,41.1,46.4,59.2,57.4,49.9,40.1,Fail
5.9,69.8,64.8,50.2,63.0,44.2,59.7,40.2,Fail
5.6,58.9,51.8,34.1,50.9,53.1,46.1,37.2,Fail
4.4,54.7,39.7,42.2,45.0,46.0,42.6,37.7,Fail
3.7,70.3,47.1,34.9,53.6,36.2,46.0,40.4,Fail
9.9,72.1,74.3,66.1,70.4,83.5,70.3,72.3,Pass
3.9,68.9,40.9,45.4,45.5,44.0,44.1,41.3,Fail
4.0,77.5,42.4,49.8,49.3,56.0,47.4,29.9,Fail
11.6,72.0,55.6,72.8,67.7,73.6,65.6,70.3,Pass
4.7,63.8,43.1,47.5,44.7,34.8,45.1,33.8,Fail
6.6,82.1,69.8,44.9,58.4,64.6,57.8,56.2,Pass
5.4,66.6,46.3,44.6,39.3,37.4,43.0,34.3,Fail
6.5,61.4,48.1,32.8,45.3,44.4,42.4,37.5,Fail
14.7,83.5,76.1,58.3,83.1,80.9,73.6,77.3,Pass
4.2,63.1,47.1,45.4,55.6,44.7,50.0,48.1,Fail
9.4,64.7,66.0,66.9,61.0,65.5,64.3,33.2,Pass
9.9,72.6,68.2,64.6,70.4,42.2,68.0,58.5,Pass
9.5,78.0,65.0,58.5,49.6,50.4,56.9,65.1,Pass
14.3,67.9,67.1,49.9,74.2,77.4,64.8,59.2,Pass
1.5,52.3,46.4,32.6,30.1,31.4,35.7,24.2,Fail
2.6,62.5,37.7,27.3,38.2,41.5,34.8,28.1,Fail
3.7,55.6,37.3,40.5,48.5,44.1,42.7,31.7,Fail
4.9,55.7,43.2,27.8,52.7,33.2,42.4,34.1,Fail
7.7,69.3,65.5,50.7,46.1,43.7,53.3,49.6,Fail
3.8,73.4,42.9,37.1,38.6,52.5,39.4,39.6,Fail
3.8,70.9,44.1,41.9,45.0,39.0,43.8,25.0,Fail
7.0,67.5,55.6,42.5,43.6,54.4,46.9,40.7,Fail
8.8,80.8,61.4,40.5,61.4,59.7,55.1,56.6,Pass
6.5,81.7,54.5,58.9,65.5,47.0,60.2,48.4,Pass
9.0,74.7,64.1,50.8,52.4,56.0,55.4,51.9,Pass
2.2,59.7,38.5,30.9,56.7,46.2,43.5,24.3,Fail
4.2,77.5,60.1,42.4,53.0,50.2,52.0,36.7,Fail
3.6,76.5,52.0,36.1,54.8,43.2,48.4,40.1,Fail
4.7,67.7,57.8,36.3,45.2,49.9,46.3,29.3,Fail
6.3,77.3,49.5,61.1,64.2,68.1,58.9,53.0,Pass
1.8,55.9,39.2,33.7,42.5,35.1,38.9,13.6,Fail
4.7,49.1,29.0,33.7,44.3,59.6,36.5,35.2,Fail
4.2,57.3,56.3,23.6,50.9,43.7,44.3,46.8,Fail
2.4,64.5,62.5,31.8,39.0,36.6,43.9,24.5,Fail
9.2,70.4,57.2,44.1,64.1,62.6,56.0,71.3,Pass
6.5,75.5,58.6,44.4,63.1,74.4,56.1,56.4,Pass
4.7,53.8,46.4,52.5,35.8,56.2,44.0,55.9,Pass
15.7,67.1,61.2,79.2,70.7,65.3,70.4,55.6,Pass
2.5,69.1,55.7,35.4,46.4,27.7,45.9,42.6,Fail
16.2,68.0,70.6,61.5,75.4,75.2,69.8,77.5,Pass
5.7,64.7,34.4,48.9,54.9,69.1,46.9,50.6,Pass
4.0,65.0,41.8,50.1,53.7,46.6,49.1,33.5,Fail
4.8,60.6,36.6,38.3,46.6,38.2,41.1,36.8,Fail
5.1,70.7,52.4,62.1,59.9,69.1,58.3,54.2,Pass
17.4,64.4,75.0,64.5,67.2,88.9,68.7,77.9,Pass
7.7,83.9,70.1,49.7,66.4,57.1,62.5,48.0,Pass
3.2,61.2,59.4,35.9,33.9,35.1,42.2,36.4,Fail
9.9,70.5,76.2,51.4,61.9,70.5,63.0,62.7,Pass
5.2,87.8,48.5,38.0,61.3,44.9,50.5,26.7,Fail
0.8,50.1,41.6,36.2,42.7,26.5,40.4,28.6,Fail
9.7,63.3,64.8,49.6,63.2,59.8,59.6,63.4,Pass
9.9,83.1,60.5,76.9,77.8,63.3,72.3,51.1,Pass
5.3,53.9,49.1,47.1,48.8,36.3,48.4,29.5,Fail
4.4,69.2,52.8,44.9,39.7,49.9,45.2,33.5,Fail
10.5,67.7,57.4,72.4,46.9,65.5,57.7,73.6,Pass
4.2,52.1,54.3,43.7,39.4,43.0,45.2,31.4,Fail
11.8,78.4,69.0,66.7,63.1,52.0,66.0,65.2,Pass
4.3,69.6,48.1,35.9,51.1,55.5,45.6,53.5,Pass
6.1,67.3,42.6,43.1,48.7,32.8,45.2,45.9,Fail
8.2,86.4,71.5,63.6,59.7,65.7,64.4,59.0,Pass
7.2,62.5,53.7,53.8,50.7,72.9,52.5,63.7,Pass
4.1,71.9,50.4,36.6,49.1,53.8,45.7,30.1,Fail
7.9,72.1,50.7,71.4,52.6,56.1,57.7,57.6,Pass
9.6,79.3,70.1,54.1,66.9,58.8,64.0,57.3,Pass
3.3,59.9,35.5,47.8,50.9,40.2,45.3,33.2,Fail
8.3,58.9,36.6,50.3,48.6,64.0,45.5,56.5,Pass
6.0,61.7,44.8,47.7,51.6,53.9,48.4,56.5,Pass
3.4,63.6,48.7,35.3,62.0,41.5,50.0,44.7,Fail
7.7,74.7,60.5,52.4,62.1,66.3,58.7,54.5,Pass
10.2,72.4,63.2,41.6,72.2,49.8,60.3,58.6,Pass
4.5,67.1,47.8,51.6,47.1,41.3,48.7,32.4,Fail
8.0,83.4,62.3,60.2,71.9,56.6,65.5,52.8,Pass
5.1,65.9,72.9,59.5,49.3,58.6,59.4,49.4,Pass
9.1,66.7,60.2,52.4,64.6,60.5,59.6,58.3,Pass
11.3,77.1,62.4,50.2,75.4,88.7,63.9,76.4,Pass
7.5,55.3,50.8,58.8,63.5,58.8,58.3,52.8,Pass
9.6,57.8,54.9,48.2,58.7,50.0,54.4,49.0,Pass
10.5,71.5,63.0,23.7,62.9,68.8,51.2,58.7,Pass
4.5,57.9,39.1,43.9,36.7,36.9,39.6,34.3,Fail
5.1,61.3,55.0,50.0,50.3,42.4,51.6,43.0,Fail
8.1,77.2,61.7,63.1,67.6,59.0,64.5,57.6,Pass
12.7,79.4,62.9,54.7,76.0,74.0,65.7,75.5,Pass
2.9,62.9,52.8,41.7,46.9,42.3,47.1,36.1,Fail
8.6,71.0,43.3,56.9,60.9,60.5,54.4,56.3,Pass
12.1,71.1,82.8,65.0,82.2,59.3,77.2,58.0,Pass
5.8,73.8,68.8,40.8,62.7,50.7,58.0,48.5,Pass
6.4,74.0,68.8,50.8,57.4,56.1,58.8,59.6,Pass
6.4,75.6,51.5,58.0,56.9,62.3,55.6,43.6,Pass
6.1,74.9,56.6,30.2,61.7,46.5,50.7,48.8,Fail
4.0,65.2,42.6,40.0,52.3,18.8,45.7,38.4,Fail
6.0,61.6,53.9,52.6,68.2,58.8,59.2,41.2,Pass
4.1,63.6,47.4,54.4,60.1,49.9,54.6,42.9,Fail
9.2,72.0,56.3,67.2,54.4,49.3,58.8,51.7,Pass
2.0,57.0,37.3,42.2,36.7,23.0,38.5,17.9,Fail
10.3,85.4,66.9,75.8,78.1,74.9,74.0,67.4,Pass
11.2,86.5,91.8,70.0,69.4,68.2,76.3,70.1,Pass
7.2,67.7,65.2,26.8,59.2,38.2,51.3,50.6,Fail
15.6,87.0,78.0,67.0,92.3,72.2,80.4,80.2,Pass
8.3,74.4,57.5,64.7,63.1,58.3,61.9,45.5,Pass
7.7,65.3,60.0,43.7,64.3,46.4,56.8,58.3,Pass
1.9,65.6,38.6,47.3,45.4,34.7,43.9,23.4,Fail
11.6,67.7,61.7,64.4,64.9,66.4,63.8,55.7,Pass
3.7,57.4,29.0,54.4,30.3,51.3,37.1,43.9,Fail
3.4,67.9,47.9,35.6,50.5,47.6,45.2,46.1,Fail
7.4,72.8,57.6,33.0,55.1,55.7,49.2,44.3,Fail
4.1,86.5,49.8,43.7,65.2,63.3,54.1,40.0,Pass
5.8,65.7,54.9,31.4,35.7,38.9,40.2,50.7,Fail
12.1,70.3,66.3,55.0,64.3,66.3,62.1,45.3,Pass
14.5,84.8,70.2,43.0,86.8,70.6,68.7,61.7,Pass
4.5,65.2,55.1,41.4,64.6,43.8,54.8,42.8,Fail
5.9,61.9,48.9,47.4,59.6,47.7,52.7,37.1,Fail
20.0,79.3,75.4,83.2,90.8,86.3,83.9,90.8,Pass
14.5,76.0,57.7,74.8,60.5,73.2,64.0,61.8,Pass
10.6,81.2,77.0,61.5,62.6,73.1,66.6,68.6,Pass
4.1,68.4,49.7,35.3,56.9,43.3,48.3,34.5,Fail
4.6,58.9,47.5,51.1,39.0,18.2,45.2,32.7,Fail
10.6,87.4,67.1,66.6,68.7,75.7,67.6,78.5,Pass
1.7,54.8,49.6,31.8,39.8,38.8,40.3,44.1,Fail
11.7,68.1,65.0,56.8,69.2,53.9,64.2,68.5,Pass
13.3,85.3,84.6,60.0,81.9,88.5,76.1,80.4,Pass
5.4,78.5,55.5,58.1,38.8,50.6,49.6,48.0,Fail
14.7,80.5,52.2,67.8,75.4,86.8,66.2,70.2,Pass
8.5,59.9,65.1,56.6,53.3,55.3,57.8,54.5,Pass
3.1,64.5,48.1,20.0,51.0,34.7,40.8,29.6,Fail
7.0,57.5,47.2,46.1,39.5,52.8,43.8,53.1,Fail
4.3,85.0,52.0,48.3,63.2,46.4,55.4,42.1,Fail
7.5,71.3,53.9,38.8,53.0,52.6,49.0,60.0,Pass
2.9,69.9,36.8,32.2,44.0,27.3,38.3,16.8,Fail
15.3,75.4,80.2,74.3,88.6,75.6,81.8,82.9,Pass
9.1,85.4,60.3,61.8,65.1,53.4,62.7,65.4,Pass
5.1,62.1,41.9,44.4,56.0,45.8,48.3,41.1,Fail
7.6,62.2,88.3,59.0,60.4,58.1,68.4,50.9,Pass
6.5,70.2,44.8,52.0,66.1,53.0,55.5,48.1,Pass
15.6,85.8,76.2,83.4,82.6,91.4,80.9,90.1,Pass
6.4,84.7,39.8,42.1,61.5,73.4,49.2,68.3,Pass
7.4,81.8,69.4,53.9,64.5,57.4,62.8,51.3,Pass
2.6,72.7,44.8,39.8,46.1,43.0,43.8,43.1,Fail
7.5,63.5,60.6,36.5,62.8,45.6,54.2,43.3,Fail
8.3,64.3,48.3,65.3,51.2,39.5,54.6,48.2,Fail
3.4,57.1,31.0,32.6,48.0,40.1,38.3,32.5,Fail
9.8,70.6,54.8,57.7,68.8,67.6,61.3,65.0,Pass
1.6,46.6,47.9,25.8,42.8,30.7,39.2,26.1,Fail
5.9,78.0,59.8,57.7,51.4,46.6,55.8,38.4,Fail
2.6,54.9,28.7,32.1,43.6,27.5,35.7,22.4,Fail
6.8,59.0,31.9,42.4,57.1,37.6,45.1,48.1,Fail
5.2,63.0,46.7,42.4,41.4,45.2,43.3,36.2,Fail
8.6,59.6,63.8,49.6,47.3,45.3,52.9,40.9,Fail
6.4,72.8,48.6,42.3,61.6,62.5,51.9,57.3,Pass
8.5,62.5,64.4,42.4,54.2,61.0,53.7,61.3,Pass
6.9,72.3,56.5,43.4,62.8,62.7,55.1,46.3,Pass
12.0,81.8,82.6,60.5,85.5,82.1,77.1,66.7,Pass
11.1,68.9,57.4,59.1,54.0,60.9,56.6,64.0,Pass
4.2,59.3,45.7,35.4,36.3,49.3,38.8,47.1,Fail
11.5,67.4,58.0,46.9,70.2,61.3,59.6,59.0,Pass
8.3,61.3,62.9,37.7,67.0,50.7,57.0,48.0,Pass
12.6,71.8,71.5,52.4,81.9,66.5,69.9,61.4,Pass
3.5,64.7,32.8,41.9,51.3,35.0,42.9,46.4,Fail
2.9,52.4,47.1,42.4,42.1,36.0,43.7,31.7,Fail
3.0,58.5,31.6,26.3,43.4,36.6,34.7,34.6,Fail
14.7,78.9,65.8,70.9,77.4,83.5,72.0,77.5,Pass
12.8,75.6,74.2,65.4,83.6,69.2,75.3,67.4,Pass
11.0,51.9,47.5,68.7,59.5,55.1,58.7,63.2,Pass
2.7,68.3,42.9,58.9,42.0,49.3,47.3,38.6,Fail
11.1,83.2,73.2,69.8,72.5,61.6,71.9,71.1,Pass
2.8,58.8,46.6,42.2,33.7,37.7,40.1,40.0,Fail
0.8,47.1,38.6,33.3,32.5,35.4,34.6,22.2,Fail
5.2,60.1,54.8,34.9,48.5,51.9,46.3,37.3,Fail
6.0,60.8,60.7,33.1,50.4,58.4,48.3,42.2,Fail
13.7,86.0,63.3,52.6,63.8,78.9,60.3,54.6,Pass
3.4,55.3,46.1,37.7,36.3,39.9,39.7,46.9,Fail
20.9,82.2,94.2,74.8,91.3,100.0,87.2,99.8,Pass
7.5,82.4,65.9,59.2,69.0,51.9,65.1,63.5,Pass
6.2,68.7,51.7,35.7,51.6,56.7,46.9,61.5,Pass
6.2,69.0,51.4,48.2,55.1,52.2,51.9,53.2,Pass
2.9,62.7,51.2,30.2,52.9,19.7,45.6,25.2,Fail
5.4,74.3,54.8,33.0,73.9,63.5,55.9,52.4,Pass
7.8,72.6,66.1,43.0,58.5,48.3,56.1,50.0,Pass
11.2,88.3,69.8,55.9,66.2,95.7,64.2,83.2,Pass
5.3,82.1,52.2,47.0,62.5,54.0,54.8,60.4,Pass
7.4,71.4,42.1,43.7,62.0,45.7,50.5,55.8,Pass
10.3,72.1,60.4,47.3,55.1,69.3,54.4,74.6,Pass
5.2,67.5,40.8,36.1,42.9,43.4,40.2,38.3,Fail
11.7,69.5,49.6,24.5,54.8,63.1,44.2,64.7,Pass
9.2,72.1,53.1,49.8,56.1,64.6,53.3,59.9,Pass
10.6,61.2,65.2,53.9,68.3,61.2,63.0,71.1,Pass
1.8,56.5,38.6,29.3,43.5,34.5,37.8,29.6,Fail
5.6,73.0,54.5,47.4,56.3,46.1,53.1,44.8,Fail
4.5,69.7,55.3,51.0,45.4,27.9,50.0,30.9,Fail
1.5,60.8,41.0,43.0,34.7,39.8,39.1,33.3,Fail
16.9,83.6,73.4,81.9,82.0,90.6,79.4,90.6,Pass
11.1,85.4,64.3,55.2,69.9,87.4,63.8,77.0,Pass
2.3,59.7,48.7,26.6,47.8,43.8,41.7,40.1,Fail
13.9,65.2,67.2,56.8,79.4,60.8,69.0,65.2,Pass
6.5,72.8,34.5,52.9,45.7,35.0,44.5,51.6,Fail
8.7,74.7,57.0,55.6,60.6,38.7,58.0,39.3,Fail
4.5,71.5,54.7,35.9,53.5,46.7,48.6,56.9,Pass
11.6,64.3,64.0,66.3,66.1,70.5,65.5,48.0,Pass
6.3,55.6,41.1,32.8,49.7,49.6,42.0,30.2,Fail
9.0,72.9,53.9,48.3,60.9,62.2,55.0,61.8,Pass
12.3,76.3,51.9,63.0,69.1,82.4,62.1,65.3,Pass
9.6,68.7,64.2,60.8,66.1,64.2,63.9,59.4,Pass
5.2,77.8,58.7,56.3,51.6,43.5,55.1,44.9,Fail
6.4,67.6,52.0,48.7,57.9,46.1,53.4,60.2,Pass
10.8,82.8,63.6,48.3,72.4,70.8,62.5,75.7,Pass
0.5,67.6,32.6,42.5,42.7,37.7,39.6,19.4,Fail
5.7,58.1,51.5,32.7,61.4,44.6,49.8,22.0,Fail
6.7,60.9,38.5,40.6,52.6,44.9,44.8,47.7,Fail
8.0,59.3,60.0,38.6,58.7,43.5,53.1,52.4,Pass
4.5,68.9,54.3,41.3,45.1,61.2,46.7,47.5,Fail
6.3,68.3,62.4,36.7,63.5,41.6,55.1,42.1,Fail
7.4,79.7,59.1,55.5,74.5,52.7,64.2,49.6,Pass
7.4,73.6,52.7,53.4,59.4,56.4,55.6,44.0,Pass
7.2,58.3,55.3,52.2,39.3,54.0,48.0,35.5,Fail
5.3,62.7,55.7,44.9,59.2,48.7,53.9,35.6,Fail
7.6,52.2,41.6,46.8,60.2,34.9,50.6,36.7,Fail
13.5,78.5,70.0,55.5,74.9,76.2,67.6,100.0,Pass
6.3,89.9,61.7,45.2,58.9,67.3,55.6,58.0,Pass
7.6,70.2,60.1,48.4,67.7,57.4,59.6,50.5,Pass
6.3,69.2,50.5,46.0,63.1,69.7,54.2,55.9,Pass
13.1,75.6,73.9,59.7,74.1,84.3,69.7,82.4,Pass
5.7,69.7,44.6,50.0,60.8,47.2,52.7,45.3,Fail
3.7,63.2,62.5,59.8,44.9,39.5,54.6,37.7,Fail
9.8,76.7,57.6,59.4,73.3,54.4,64.4,67.4,Pass
5.5,60.4,52.4,36.2,52.8,46.0,47.7,61.6,Pass
9.5,65.6,54.3,59.3,57.8,62.6,57.2,55.0,Pass
5.0,55.7,47.5,34.3,48.6,53.4,44.0,29.2,Fail
3.2,63.6,36.8,41.1,51.0,41.1,43.8,28.1,Fail
6.5,59.0,59.3,48.3,55.5,42.0,54.5,37.4,Fail
2.5,74.6,40.8,41.2,60.9,53.0,49.0,40.1,Fail
7.9,66.0,56.3,43.5,66.0,43.5,56.3,45.2,Fail
10.5,56.8,57.5,53.0,51.4,62.8,53.7,73.7,Pass
17.6,72.0,71.2,67.2,85.4,84.4,75.7,83.8,Pass
4.8,66.8,29.3,37.7,55.1,46.9,42.1,44.8,Fail
4.1,70.1,57.7,26.7,56.4,41.6,47.9,27.2,Fail
10.4,75.3,64.5,55.6,59.3,75.1,59.8,59.9,Pass
10.0,65.4,45.7,72.8,67.3,65.1,62.5,40.1,Pass
10.4,67.9,45.9,32.3,62.8,63.6,48.6,68.4,Pass
17.7,75.7,75.5,52.8,73.8,88.6,68.0,100.0,Pass
6.7,72.6,54.5,48.4,59.5,40.8,54.7,40.0,Fail
19.7,84.6,83.1,86.2,96.2,83.9,89.3,97.4,Pass
5.4,62.9,61.2,30.5,46.9,38.6,46.3,54.1,Fail
4.4,60.0,33.4,41.6,40.0,43.9,38.5,50.0,Fail
4.1,60.7,48.1,37.7,52.9,34.8,46.9,38.0,Fail
3.9,64.7,52.4,34.3,51.9,35.6,46.8,40.0,Fail
18.2,92.6,89.2,81.6,94.7,89.6,89.1,89.3,Pass
12.7,76.7,75.6,53.0,72.7,78.9,67.7,62.9,Pass
17.3,78.1,79.0,81.7,99.0,93.5,87.8,100.0,Pass
1.7,58.7,43.0,16.2,39.7,39.3,33.6,36.2,Fail
2.8,77.0,46.1,39.7,54.7,49.4,47.6,41.9,Fail
5.5,73.2,40.9,46.4,49.8,50.4,46.1,24.0,Fail
5.0,73.8,54.8,43.0,44.6,51.5,47.2,32.3,Fail
7.6,75.1,54.5,45.9,58.5,56.4,53.5,57.6,Pass
6.8,67.8,48.0,52.6,52.8,53.8,51.3,38.3,Fail
3.4,73.7,51.9,37.2,63.5,46.5,52.1,39.8,Fail
4.7,53.9,49.3,25.2,50.1,37.9,42.4,34.6,Fail
5.7,79.2,49.5,41.2,51.1,34.5,47.7,32.8,Fail
3.0,69.5,48.9,39.8,49.0,48.8,46.2,35.4,Fail
6.2,71.3,53.1,41.5,49.2,52.1,48.1,63.9,Pass
3.2,57.8,45.3,33.6,43.2,24.4,41.0,30.5,Fail
6.1,74.8,64.7,54.1,65.4,59.7,61.8,49.8,Pass
3.7,73.6,53.0,36.2,55.1,48.3,48.8,52.2,Pass
11.1,67.7,65.4,55.5,53.6,50.0,57.7,52.2,Pass
8.5,64.8,49.4,48.1,51.6,71.3,49.9,53.9,Pass
8.3,61.7,49.2,58.4,50.0,54.6,52.3,37.6,Fail
9.9,76.3,66.5,56.3,60.9,84.0,61.2,79.2,Pass
8.7,69.7,45.6,58.8,60.5,68.9,55.5,61.6,Pass
11.1,90.3,66.4,55.5,79.4,84.9,68.3,57.9,Pass
7.2,56.4,45.2,60.7,49.3,51.5,51.5,35.8,Fail
9.8,64.8,57.9,60.2,56.4,61.9,58.0,61.5,Pass
8.2,69.9,55.6,65.4,64.9,64.0,62.3,68.5,Pass
8.2,75.2,60.0,53.6,63.5,61.3,59.5,49.7,Pass
2.4,67.8,48.9,31.8,43.3,45.6,41.5,28.3,Fail
3.4,64.8,54.0,36.6,45.9,41.0,45.5,20.1,Fail
7.6,71.9,65.1,51.6,58.0,40.3,58.2,38.3,Fail
4.1,65.9,46.1,42.3,56.8,40.3,49.2,42.5,Fail
6.4,76.1,50.9,44.4,60.1,57.4,52.6,48.2,Pass
4.8,61.3,41.7,40.8,61.1,47.9,49.2,48.9,Fail
4.9,62.3,45.9,43.6,53.2,63.3,48.1,38.7,Fail
6.8,73.7,47.8,41.1,50.3,50.1,46.8,57.6,Pass
5.6,79.3,58.7,43.8,46.0,55.7,49.2,38.7,Fail
13.8,71.5,77.2,75.3,68.5,79.8,73.2,82.4,Pass
2.6,65.0,32.5,47.8,32.6,45.2,37.1,33.0,Fail
9.1,67.9,58.6,44.9,55.1,50.5,53.1,56.0,Pass
10.1,76.6,75.6,73.4,67.6,69.6,71.7,69.1,Pass
14.3,64.0,55.9,55.3,59.2,61.6,57.0,54.8,Pass
6.9,65.5,65.3,50.2,62.4,48.0,59.6,39.8,Fail
9.6,66.9,52.4,64.8,56.7,59.1,57.8,60.6,Pass
13.7,73.7,64.7,56.4,77.1,70.4,67.2,66.9,Pass
4.5,45.1,47.5,26.0,37.1,23.6,36.9,28.0,Fail
3.7,80.6,55.6,47.7,59.2,47.9,54.7,41.2,Fail
7.1,48.6,47.9,42.1,46.0,47.7,45.4,30.7,Fail
5.8,70.8,46.7,42.3,52.0,52.1,47.5,37.1,Fail
9.7,61.3,47.8,39.5,53.6,54.3,47.6,55.7,Pass
2.7,53.3,40.8,46.1,40.9,55.1,42.4,40.2,Fail
13.2,76.9,67.8,65.5,76.0,74.3,70.4,89.5,Pass
7.7,74.8,51.5,56.8,49.4,53.5,52.2,47.0,Pass
5.7,58.2,46.8,52.6,65.3,49.8,55.9,44.4,Pass
6.6,59.1,52.9,28.7,68.2,41.4,51.8,37.7,Fail
11.5,63.4,70.6,57.8,61.8,72.2,63.2,66.8,Pass
8.8,72.3,60.9,38.8,68.6,62.2,57.4,75.1,Pass
6.6,59.5,49.6,51.2,43.8,64.0,47.8,58.6,Pass
5.9,77.4,48.4,59.4,44.6,62.9,50.2,53.8,Pass
6.0,58.0,43.4,41.9,63.2,60.1,50.9,41.8,Fail
9.5,75.7,63.4,54.2,69.9,42.4,63.2,44.0,Pass
5.6,79.1,57.1,52.3,58.5,43.8,56.2,52.4,Pass
9.0,71.4,57.6,56.9,66.5,66.0,61.0,62.2,Pass
3.8,50.2,49.9,33.9,39.7,32.7,41.0,18.9,Fail
4.2,68.2,49.3,47.7,51.2,59.5,49.6,52.2,Pass
6.5,65.8,48.8,43.6,55.5,48.2,49.9,36.2,Fail
5.8,66.6,46.3,47.2,42.3,59.3,45.0,58.0,Pass
4.4,78.0,46.4,32.9,61.4,52.1,48.4,32.5,Fail
3.2,64.3,49.5,48.5,44.4,41.4,47.2,32.9,Fail
4.0,68.9,43.7,33.2,41.2,37.7,39.6,43.5,Fail
15.0,72.7,72.7,69.0,86.6,79.1,77.2,72.7,Pass
4.4,63.0,40.9,30.3,56.6,41.4,44.0,38.1,Fail
1.3,70.5,42.4,31.5,43.4,30.4,39.5,28.3,Fail
6.8,69.3,54.0,42.6,47.4,39.3,47.9,40.8,Fail
4.4,67.6,68.0,46.3,57.1,46.8,57.1,52.3,Pass
5.5,74.6,42.9,59.1,54.3,61.0,52.3,57.7,Pass
10.7,85.9,73.6,53.1,86.5,70.5,72.6,47.3,Pass
5.8,57.7,42.8,34.0,58.6,51.7,46.5,55.2,Pass
5.4,62.5,60.3,51.9,49.4,46.3,53.4,38.4,Fail
4.5,77.1,46.5,37.8,63.5,41.0,50.7,56.9,Pass
5.6,82.7,64.3,68.9,69.1,62.5,67.6,45.2,Pass
8.2,67.7,58.5,40.4,46.7,52.7,48.4,46.4,Fail
1.9,64.5,32.5,41.8,46.8,38.7,41.0,30.1,Fail
2.9,66.3,47.3,24.1,55.8,46.2,43.7,44.9,Fail
8.3,71.8,62.3,42.1,58.0,63.3,54.5,54.0,Pass
6.7,70.0,59.1,38.4,48.3,52.5,48.6,50.7,Pass
4.7,76.6,50.5,39.1,75.2,56.6,57.0,50.6,Pass
8.6,55.9,74.7,55.3,69.7,58.6,66.9,49.4,Pass
5.2,61.0,64.3,41.3,54.4,50.5,53.4,59.7,Pass
10.6,77.8,67.2,68.0,52.8,78.8,61.7,66.3,Pass
4.6,61.6,37.2,47.8,44.7,50.1,43.4,35.8,Fail
3.7,66.7,39.4,30.9,61.6,58.8,45.7,43.7,Fail
22.4,95.6,91.3,87.2,100.0,91.3,93.6,100.0,Pass
9.5,84.2,63.5,68.0,65.3,57.6,65.6,57.3,Pass
4.1,67.1,41.7,33.1,45.6,39.4,40.7,41.2,Fail
5.2,78.2,49.5,51.2,65.8,42.0,56.5,40.5,Fail
4.6,66.7,33.3,35.3,46.9,61.4,39.3,53.4,Fail
2.2,60.2,25.2,26.3,40.3,50.5,31.6,12.1,Fail
5.4,54.1,47.1,37.7,51.4,50.2,46.0,46.6,Fail
7.1,60.5,65.1,35.8,60.2,52.7,54.4,47.7,Pass
13.4,76.1,57.2,74.7,63.2,64.5,64.8,82.2,Pass
6.2,67.6,51.0,20.1,58.8,52.1,44.8,49.1,Fail
4.9,67.7,50.0,47.4,45.0,48.6,47.2,39.3,Fail
14.3,91.9,79.2,74.1,89.7,88.5,81.9,88.2,Pass
12.7,81.2,65.7,59.1,70.1,68.1,65.5,70.9,Pass
7.1,75.0,47.9,31.4,59.9,58.6,47.8,52.2,Pass
6.7,82.7,63.4,54.5,41.7,66.2,52.0,64.5,Pass
8.1,66.9,40.6,45.5,62.0,63.2,50.6,60.1,Pass
4.5,61.3,50.4,34.6,56.3,44.5,48.0,40.5,Fail
6.6,77.7,50.1,59.7,54.5,68.1,54.7,70.2,Pass
4.4,69.2,51.5,55.2,42.2,39.5,48.9,30.4,Fail
12.9,75.1,77.6,57.6,63.0,73.1,65.8,72.6,Pass
3.9,64.2,41.6,32.7,47.9,47.5,41.4,48.1,Fail
7.4,67.5,52.1,23.4,49.0,51.1,42.2,28.9,Fail
7.6,68.3,52.3,34.4,56.9,59.8,48.8,33.6,Fail
13.5,76.2,88.1,56.7,76.6,81.6,74.1,66.4,Pass
4.9,63.5,47.8,51.3,52.0,30.3,50.5,48.0,Fail
4.3,69.6,48.1,45.9,61.3,60.2,52.7,56.0,Pass
9.2,77.0,60.8,64.0,73.3,57.8,66.8,66.2,Pass
8.5,65.7,67.5,56.4,61.6,67.2,61.8,64.2,Pass
17.5,88.2,76.4,75.6,89.5,81.8,81.4,89.3,Pass
7.2,58.5,58.3,46.3,57.5,54.7,54.4,59.1,Pass
12.8,79.4,63.3,67.9,82.1,77.4,72.2,71.8,Pass
12.0,78.8,61.0,59.1,70.8,68.2,64.4,63.2,Pass
4.3,64.5,50.9,43.4,56.6,40.5,50.9,53.7,Fail
2.4,63.3,53.5,39.4,62.2,65.1,52.8,41.8,Pass
5.5,64.7,47.3,45.5,54.8,43.2,49.8,47.2,Fail
10.4,68.4,58.2,49.9,60.1,75.1,56.5,77.5,Pass
13.6,76.3,75.2,76.0,71.1,100.0,73.8,80.0,Pass
0.4,56.1,37.5,41.8,33.5,29.0,37.2,30.4,Fail
3.8,73.7,55.2,30.4,58.1,30.5,48.9,31.7,Fail
8.1,52.9,39.1,27.9,54.4,49.1,41.9,50.3,Fail
9.4,70.2,51.5,49.3,58.7,55.4,53.7,69.4,Pass
3.5,49.0,41.2,27.7,53.5,42.5,42.1,37.4,Fail
4.4,56.8,49.5,24.1,45.1,36.5,40.1,38.5,Fail
2.1,57.9,40.5,30.7,43.4,34.1,38.7,26.2,Fail
15.3,89.1,78.0,83.8,76.0,83.0,78.9,92.9,Pass
7.5,78.2,63.3,55.2,61.2,47.1,60.0,63.8,Pass
4.4,65.9,38.6,48.5,43.4,44.0,43.5,43.7,Fail
12.3,75.3,72.0,72.8,70.3,70.0,71.6,64.9,Pass
7.5,77.3,66.6,57.8,54.9,51.6,59.3,43.4,Pass
13.5,85.3,69.8,64.5,72.3,79.0,69.2,70.9,Pass
14.5,72.8,64.0,75.6,68.1,86.0,69.1,71.7,Pass
3.5,69.6,55.0,32.9,46.3,40.9,44.9,43.4,Fail
12.7,67.6,79.4,46.2,64.2,66.6,63.4,51.6,Pass
12.5,71.9,67.8,73.1,67.3,67.9,69.2,68.2,Pass
8.6,75.1,52.7,66.5,43.7,76.9,53.2,60.0,Pass
9.0,65.5,57.6,47.5,64.6,51.4,57.4,63.0,Pass
7.2,65.8,47.5,42.5,57.2,46.1,49.9,51.6,Fail
3.1,50.5,47.1,39.5,45.3,32.1,44.1,24.1,Fail
2.9,67.1,45.5,28.3,46.3,51.8,40.7,38.2,Fail
15.6,71.7,65.3,65.1,83.5,89.4,72.5,89.6,Pass
7.4,62.3,55.1,49.0,50.6,44.7,51.5,46.9,Fail
5.7,77.7,49.5,40.7,44.4,59.0,44.8,31.2,Fail
9.3,65.7,47.8,61.8,60.8,55.7,57.2,54.9,Pass
4.3,71.2,56.0,44.6,66.1,34.4,56.6,22.7,Fail
5.1,74.9,55.1,43.7,65.3,37.4,55.8,39.4,Fail
6.8,75.5,52.5,57.7,64.4,54.2,58.8,62.0,Pass
4.7,63.6,58.7,42.6,67.5,52.9,57.4,45.6,Pass
8.8,67.1,51.8,44.7,56.1,57.0,51.4,55.8,Pass
6.1,60.0,46.7,54.8,48.0,50.1,49.6,38.3,Fail
8.7,56.3,57.3,48.0,54.6,37.6,53.4,45.9,Fail
9.2,77.2,68.6,24.6,47.7,55.7,47.0,52.9,Pass
12.1,79.9,71.3,64.1,81.9,68.5,73.4,74.8,Pass
5.5,70.4,47.6,27.4,53.3,44.3,43.8,41.5,Fail
3.4,41.4,37.3,51.6,34.9,27.3,40.6,31.6,Fail
21.4,84.3,82.9,86.4,90.0,100.0,86.8,100.0,Pass
13.5,81.2,68.7,68.3,67.5,80.5,68.1,77.0,Pass
2.0,72.7,43.8,44.3,47.4,49.2,45.4,34.9,Fail
23.2,90.2,96.8,72.5,94.8,100.0,88.7,100.0,Pass
4.5,67.0,43.6,45.2,46.6,58.2,45.3,45.6,Fail
6.2,62.0,58.6,35.0,47.4,39.5,47.0,37.6,Fail
3.1,66.7,46.0,34.8,47.8,49.3,43.4,50.8,Fail
7.1,66.6,47.3,51.2,51.4,42.5,50.1,32.3,Fail
4.7,59.8,50.4,35.3,58.5,44.1,49.1,46.9,Fail
3.2,54.6,41.8,18.4,47.2,36.7,36.9,46.6,Fail
2.7,55.7,38.4,39.2,33.2,38.7,36.6,29.7,Fail
4.1,67.5,59.8,47.3,55.9,45.7,54.5,38.8,Fail
9.8,60.7,55.3,41.8,61.5,37.7,53.7,42.6,Fail
8.8,68.2,54.4,44.3,60.0,53.6,53.6,63.0,Pass
3.6,74.8,57.3,39.8,51.4,45.1,49.7,46.8,Fail
5.3,54.9,51.1,57.7,56.9,41.4,55.4,31.3,Fail
11.1,76.9,71.3,74.2,61.0,54.5,68.0,50.0,Pass
5.5,71.0,47.8,54.7,52.9,47.7,51.9,42.8,Fail
13.7,74.1,71.4,82.3,60.9,80.6,70.5,81.3,Pass
20.1,89.1,75.8,91.2,93.0,100.0,87.3,100.0,Pass
4.1,63.4,31.9,42.3,45.7,42.5,40.5,38.6,Fail
4.4,71.6,45.6,32.6,44.4,43.9,41.2,43.9,Fail
14.8,69.2,70.7,49.3,74.3,66.0,65.7,72.7,Pass
5.4,81.6,74.5,42.9,69.9,66.5,63.2,48.5,Pass
11.5,85.3,78.6,63.3,73.9,64.4,72.1,67.7,Pass
7.4,51.0,41.4,64.8,38.8,47.5,47.4,39.5,Fail
5.8,76.3,61.5,44.8,57.4,56.2,54.8,58.1,Pass
9.5,66.8,48.3,54.0,61.4,68.0,55.2,56.7,Pass
14.9,89.3,88.9,73.2,77.1,76.9,79.5,76.0,Pass
12.5,83.1,65.9,65.1,87.9,71.1,74.5,56.4,Pass
6.4,59.0,45.9,59.8,41.0,47.7,48.1,41.4,Fail
7.6,73.7,65.5,62.1,42.8,45.3,55.4,50.0,Pass
11.6,68.3,59.2,57.6,58.7,69.3,58.5,53.3,Pass
7.8,73.7,71.7,45.0,48.3,50.8,54.3,60.8,Pass
16.1,79.7,71.5,65.3,85.2,76.8,75.1,72.4,Pass
1.2,55.6,46.2,31.8,48.2,35.9,42.7,29.3,Fail
4.2,54.3,45.6,31.4,34.4,40.8,36.9,44.2,Fail
9.0,72.6,65.2,61.1,55.1,76.4,59.9,49.0,Pass
5.0,69.7,42.8,37.3,42.8,63.1,41.2,39.7,Fail
15.2,77.0,58.8,81.7,74.1,92.4,71.8,85.8,Pass
4.4,59.1,39.0,45.7,49.8,61.4,45.3,50.2,Pass
7.1,64.7,50.4,35.0,65.2,65.2,51.7,33.3,Fail
4.0,56.0,43.2,51.1,48.5,27.1,47.7,33.5,Fail
6.3,73.4,50.7,35.3,53.6,56.3,47.2,44.2,Fail
1.9,45.0,20.2,44.9,32.3,35.6,32.4,29.3,Fail
2.6,70.7,41.3,45.1,47.8,44.7,45.0,36.8,Fail
19.5,82.8,84.2,98.8,88.7,89.2,90.4,100.0,Pass
6.7,72.2,53.1,25.0,55.8,35.2,45.8,38.0,Fail
5.3,71.3,49.0,45.8,54.0,44.3,50.0,57.3,Pass
3.1,64.7,41.9,37.8,46.1,34.9,42.3,40.2,Fail
3.5,61.1,45.8,32.4,36.3,46.6,38.0,35.2,Fail
18.2,90.7,75.2,86.6,87.3,88.8,83.5,85.0,Pass
7.0,54.7,48.4,41.2,45.1,59.2,44.9,56.0,Pass
12.3,85.2,66.9,76.3,74.2,90.0,72.6,77.9,Pass
0.5,51.6,26.5,20.6,38.8,21.4,29.6,28.7,Fail
4.6,62.9,46.6,23.6,57.4,33.2,44.0,39.1,Fail
16.8,91.6,65.2,68.1,82.3,90.7,72.9,69.9,Pass
4.8,83.6,49.2,51.6,51.6,57.7,50.9,45.7,Pass
3.3,65.4,48.9,47.6,53.8,43.6,50.5,38.1,Fail
8.6,59.5,58.3,40.2,57.5,42.9,52.6,34.4,Fail
2.3,69.6,45.6,42.1,60.6,43.9,50.6,43.8,Fail
1.9,62.0,44.2,37.8,33.7,35.2,38.1,27.9,Fail
15.2,69.7,76.3,67.7,70.7,82.0,71.5,68.4,Pass
4.0,66.6,48.8,56.2,44.5,43.6,49.3,34.4,Fail
9.5,60.9,66.7,48.5,73.3,64.3,63.9,55.0,Pass
18.6,83.9,65.4,68.5,86.6,96.0,74.8,96.5,Pass
6.8,60.8,58.4,45.8,41.1,44.6,47.7,52.8,Fail
9.4,55.5,38.1,48.1,41.7,61.6,42.5,43.5,Fail
1.9,49.0,33.5,39.6,44.2,38.1,39.6,34.2,Fail
3.8,59.7,51.4,38.4,40.1,39.7,43.0,27.3,Fail
16.6,83.9,83.3,74.8,82.6,94.9,80.5,91.0,Pass
5.3,76.4,45.8,43.2,52.9,39.0,47.9,29.8,Fail
2.6,74.5,47.2,18.8,63.0,36.8,45.0,42.7,Fail
9.1,58.8,51.1,51.4,55.0,66.0,52.8,63.4,Pass
13.9,74.9,77.0,74.9,71.1,76.3,74.0,79.8,Pass
4.8,60.9,47.3,46.0,53.0,43.6,49.2,45.8,Fail
9.1,70.1,54.0,38.9,68.3,55.2,55.2,53.1,Pass
11.3,84.8,71.1,58.0,72.3,62.3,67.6,67.3,Pass
5.9,68.4,57.0,42.8,38.6,62.0,45.4,48.2,Fail
5.4,73.4,51.3,50.2,60.1,52.2,54.5,61.8,Pass
18.2,99.5,91.5,81.2,81.8,93.8,84.5,100.0,Pass
2.8,50.8,53.3,6.8,32.5,42.8,31.0,28.1,Fail
7.2,64.8,37.2,37.8,49.5,61.3,42.3,70.8,Pass
6.2,72.0,63.6,43.4,58.2,53.5,55.4,57.3,Pass
6.2,69.6,64.7,40.2,67.0,72.6,58.3,70.3,Pass
10.9,81.5,69.8,57.5,55.3,55.0,60.3,50.8,Pass
9.5,68.3,57.0,48.7,62.2,74.0,56.6,53.2,Pass
8.0,71.2,44.9,48.3,67.8,60.6,55.1,65.7,Pass
1.9,56.2,41.0,40.3,40.7,42.5,40.7,19.4,Fail
3.6,72.8,45.8,51.6,55.6,35.0,51.5,34.4,Fail
5.7,67.2,40.4,42.9,56.3,39.8,47.5,48.1,Fail
7.1,79.8,52.9,55.8,55.7,56.3,54.9,59.9,Pass
16.5,91.1,80.0,77.8,88.3,89.4,82.7,92.7,Pass
6.9,58.0,53.4,57.0,53.7,53.3,54.6,55.5,Pass
10.6,85.2,58.6,65.7,66.2,67.2,63.8,54.7,Pass
6.4,75.1,36.3,66.5,65.7,49.5,57.1,43.7,Pass
10.1,70.9,59.4,61.2,62.1,63.9,61.0,68.8,Pass
6.7,74.8,48.5,33.9,67.3,36.3,51.6,44.9,Fail
3.2,59.8,40.8,49.1,42.4,60.2,43.9,35.3,Fail
9.3,82.0,46.8,64.2,62.5,62.9,58.3,68.0,Pass
8.8,71.4,56.5,60.3,59.1,52.3,58.7,49.7,Pass
2.4,70.0,48.8,26.0,55.0,33.1,44.4,31.6,Fail
6.4,62.6,48.0,54.6,46.4,40.2,49.3,43.1,Fail
6.3,69.8,54.4,55.2,58.7,61.6,56.4,51.0,Pass
4.5,72.5,48.4,30.4,54.9,50.7,45.6,49.4,Fail
3.0,66.1,30.1,44.5,47.6,40.7,41.4,39.5,Fail
7.7,73.7,58.2,53.0,74.0,55.4,63.0,43.0,Pass
15.6,72.6,66.7,67.6,73.4,73.9,69.6,75.5,Pass
9.8,74.2,51.3,54.4,81.7,44.0,64.4,51.1,Pass
2.1,56.5,46.6,16.6,50.6,40.9,39.2,19.4,Fail
14.9,77.7,75.3,66.6,66.3,77.3,69.1,82.7,Pass
13.7,72.5,64.3,70.2,63.1,78.4,65.6,91.4,Pass
4.7,64.0,47.4,33.9,57.0,52.5,47.2,55.5,Pass
2.2,48.6,40.3,31.5,34.4,42.7,35.3,38.5,Fail
4.8,66.0,35.8,37.5,50.5,46.9,42.2,28.1,Fail
5.0,65.1,40.4,38.4,44.7,47.1,41.5,41.2,Fail
2.4,50.8,31.3,16.4,36.0,43.0,28.7,44.1,Fail
7.6,71.9,60.8,55.6,57.6,55.2,58.0,63.7,Pass
3.9,71.3,61.7,41.6,59.6,57.2,54.8,47.6,Pass
2.8,65.9,50.1,30.3,45.7,49.6,42.4,35.3,Fail
5.6,73.0,54.0,56.3,65.1,46.7,59.1,42.7,Pass
15.3,74.1,64.6,74.9,67.6,71.8,68.9,77.9,Pass
11.0,71.5,69.4,56.5,72.2,54.6,66.6,41.7,Pass
8.5,70.8,55.3,62.6,61.3,66.8,59.9,52.1,Pass
4.7,66.8,41.3,56.3,41.1,23.3,45.7,16.8,Fail
2.4,44.1,43.8,22.8,35.0,7.6,34.0,3.2,Fail
3.1,56.4,53.8,25.9,44.7,40.6,41.8,20.5,Fail
10.6,80.7,71.3,38.4,77.7,51.0,64.0,60.9,Pass
3.9,58.4,64.3,31.8,48.3,31.0,48.2,26.1,Fail
7.2,66.7,48.3,44.0,69.7,54.0,55.6,49.9,Pass
8.6,69.9,54.4,36.7,57.4,42.5,50.3,50.9,Fail
2.0,51.7,32.5,24.8,39.7,20.9,33.1,13.3,Fail
6.6,80.6,50.3,56.3,67.9,70.6,59.1,45.3,Pass
8.2,69.6,68.5,52.8,52.1,60.2,57.2,46.5,Pass
17.6,74.3,68.6,65.5,87.7,91.2,75.3,88.2,Pass
7.1,73.7,51.9,60.2,53.1,50.5,54.9,59.3,Pass
10.3,70.0,71.7,43.0,63.7,76.5,59.9,42.9,Pass
4.7,66.1,52.3,46.4,52.9,18.5,50.8,41.7,Fail
11.8,85.4,61.1,60.2,65.4,56.6,62.6,72.0,Pass
2.6,58.8,42.2,36.3,62.3,22.3,48.5,18.5,Fail
8.8,79.7,47.9,57.0,63.5,53.4,56.9,54.2,Pass
7.3,66.0,52.8,58.3,56.8,64.5,56.0,54.9,Pass
13.1,76.3,69.7,69.3,67.8,90.2,68.8,77.6,Pass
8.6,72.7,60.1,61.9,51.9,60.8,57.4,54.9,Pass
5.7,64.1,65.6,34.4,62.3,52.0,54.9,52.6,Pass
11.8,66.0,69.3,54.9,64.5,43.1,63.1,48.8,Pass
8.5,73.8,49.8,43.6,62.2,62.3,52.9,62.7,Pass
3.3,72.9,49.3,28.7,43.4,37.0,40.8,35.7,Fail
6.0,72.2,53.1,54.4,61.1,42.4,56.7,36.5,Fail
3.0,68.4,61.4,21.1,47.9,36.3,43.9,30.0,Fail
8.1,66.1,52.5,44.1,45.7,52.9,47.3,30.1,Fail
8.7,75.9,61.2,48.2,60.6,70.9,57.1,70.7,Pass
16.1,82.2,79.0,69.1,85.9,67.5,78.8,72.5,Pass
5.9,74.0,45.4,36.2,58.7,41.2,48.0,38.4,Fail
5.3,67.1,38.5,36.8,53.1,57.9,43.8,38.5,Fail
2.2,67.4,42.8,53.5,45.4,29.8,47.0,40.1,Fail
5.9,63.2,56.1,41.4,53.3,31.0,50.6,32.7,Fail
5.5,72.2,42.2,37.2,49.0,70.3,43.4,53.8,Pass
7.0,58.3,50.7,47.1,60.8,39.6,53.7,26.8,Fail
5.4,63.8,44.6,43.5,50.2,45.5,46.5,59.6,Pass
5.4,60.9,33.6,59.4,44.3,45.7,45.6,35.4,Fail
7.0,96.4,64.8,52.0,78.8,74.1,66.6,46.3,Pass
6.2,72.7,57.5,51.2,65.3,53.1,58.7,52.3,Pass
5.3,57.7,53.3,30.3,50.5,46.4,45.3,38.6,Fail
5.3,55.4,53.5,34.0,46.7,49.9,44.9,44.7,Fail
18.9,68.7,77.6,68.2,79.0,92.3,75.3,100.0,Pass
5.2,57.1,50.7,27.4,42.4,51.3,40.4,35.6,Fail
5.7,60.0,50.9,43.0,57.6,58.9,51.2,43.7,Fail
1.8,54.4,19.3,34.8,50.3,28.2,36.4,24.2,Fail
11.9,70.5,53.0,60.0,69.5,58.3,61.7,53.6,Pass
1.0,67.9,36.4,19.7,53.5,30.6,38.2,31.0,Fail
3.4,62.5,46.0,29.4,52.8,33.4,43.7,23.4,Fail
9.1,76.6,63.3,50.6,53.6,68.0,55.6,64.9,Pass
1.7,53.5,44.7,21.6,51.1,13.9,40.3,23.8,Fail
4.2,62.0,52.4,21.4,47.4,53.0,41.1,37.0,Fail
6.5,60.3,52.6,53.0,54.2,53.9,53.4,40.7,Fail
6.1,70.9,57.4,59.7,49.5,37.5,54.9,35.4,Fail
4.1,63.5,59.5,50.2,38.1,44.6,48.2,45.2,Fail
10.4,86.7,70.1,62.2,65.9,71.2,66.0,78.0,Pass
10.7,67.5,61.4,50.1,65.6,70.0,59.7,59.1,Pass
9.3,62.8,61.1,70.7,60.6,58.7,63.8,48.3,Pass
4.8,68.1,56.6,52.2,58.1,47.6,55.9,40.1,Fail
7.2,67.2,67.0,40.2,60.2,51.1,56.2,46.6,Pass
4.5,69.4,41.1,55.8,51.2,57.9,49.6,44.4,Fail
22.4,86.4,77.6,87.4,89.1,100.0,85.1,100.0,Pass
8.0,68.5,58.2,61.6,72.8,59.4,65.1,55.4,Pass
4.9,60.5,36.4,55.3,61.2,40.6,52.0,44.3,Fail
20.1,82.0,82.8,73.8,90.1,95.7,83.0,97.8,Pass
5.2,54.0,61.1,38.7,40.0,60.0,45.9,54.0,Pass
7.8,78.9,59.3,54.1,64.2,58.7,59.7,64.3,Pass
10.4,82.6,65.7,59.4,59.5,60.4,61.3,57.3,Pass
4.6,73.0,47.9,34.1,42.6,61.2,41.6,45.3,Fail
4.4,61.6,59.3,41.1,57.3,45.7,53.0,41.8,Fail
11.5,68.8,67.0,54.9,60.4,65.8,60.7,73.9,Pass
10.4,76.5,60.0,54.5,62.2,51.1,59.2,55.1,Pass
10.4,64.9,72.1,39.9,70.4,60.5,61.8,74.7,Pass
8.7,79.5,62.7,51.9,67.2,68.7,61.3,55.2,Pass
18.8,63.5,73.3,91.5,83.8,80.7,83.0,79.3,Pass
6.8,64.5,36.2,50.2,64.6,49.3,51.8,35.0,Fail
3.8,56.0,45.5,34.5,41.7,40.1,40.7,37.8,Fail
2.9,73.5,44.2,44.6,51.3,44.4,47.2,32.5,Fail
5.2,74.8,50.3,57.8,64.9,53.1,58.4,45.4,Pass
0.4,65.0,37.3,25.7,34.4,48.8,32.7,29.2,Fail
14.1,92.2,61.2,84.2,76.3,77.1,74.1,78.1,Pass
8.4,70.2,78.4,41.4,69.0,50.3,63.5,57.4,Pass
3.8,69.6,42.9,37.2,40.5,36.8,40.2,36.1,Fail
12.0,61.6,67.8,52.5,66.9,60.8,62.9,60.9,Pass
2.9,60.9,42.3,47.6,42.8,30.5,44.1,24.7,Fail
3.4,65.0,24.4,28.8,37.9,38.9,31.1,50.0,Fail
7.0,61.1,51.1,55.2,62.0,58.6,56.7,54.2,Pass
15.2,80.3,75.4,66.9,84.2,87.9,76.4,70.0,Pass
8.4,54.3,48.7,48.3,57.5,42.7,52.1,39.8,Fail
0.6,64.7,52.2,43.2,48.3,31.9,47.9,35.2,Fail
3.4,60.6,59.3,42.0,45.4,45.7,48.6,32.5,Fail
3.9,58.4,47.6,49.7,47.1,36.8,48.0,34.6,Fail
7.5,74.9,60.9,59.6,54.4,65.7,57.9,56.2,Pass
2.4,74.6,38.0,62.5,52.8,43.1,51.3,32.1,Fail
2.6,70.3,37.0,48.7,40.0,27.7,41.7,35.0,Fail
5.6,60.2,44.0,43.5,46.2,49.8,44.7,41.9,Fail
9.6,76.9,78.3,55.9,59.9,69.7,64.2,63.7,Pass
10.1,70.1,56.8,70.4,64.2,55.5,63.8,51.3,Pass
7.0,77.4,67.8,52.6,59.2,51.3,59.8,32.9,Fail
11.0,75.0,58.7,62.7,68.9,60.7,64.0,55.5,Pass
23.4,76.3,82.0,96.5,87.7,100.0,88.6,99.3,Pass
16.4,77.7,72.1,67.8,73.4,73.8,71.3,80.1,Pass
4.8,59.2,43.2,32.7,50.9,41.4,43.1,44.5,Fail
2.3,56.5,35.7,39.8,40.5,27.1,38.8,32.2,Fail
5.1,63.5,61.7,38.2,72.4,43.7,58.9,45.9,Pass
3.5,66.4,46.5,53.4,52.8,43.5,51.1,30.1,Fail
8.7,77.7,59.1,32.0,63.8,53.8,52.8,51.0,Pass
2.9,59.3,43.8,32.2,53.7,22.6,44.3,28.6,Fail
6.3,77.3,63.1,51.4,66.0,71.6,60.8,71.3,Pass
3.5,50.6,42.4,30.2,44.1,40.4,39.4,58.9,Fail
5.4,59.8,51.2,55.6,71.7,41.4,60.7,35.9,Fail
6.5,84.2,66.4,53.4,70.0,60.0,63.9,44.6,Pass
9.5,62.3,49.1,46.6,50.4,64.2,48.9,49.2,Pass
6.5,77.8,49.6,52.1,55.1,59.0,52.6,44.7,Pass
4.5,65.2,49.4,29.6,37.5,50.2,38.7,52.2,Fail
10.4,71.9,56.7,61.7,53.5,73.1,56.9,71.1,Pass
6.7,75.5,54.2,61.7,78.7,48.3,66.2,32.0,Fail
4.8,72.1,42.4,43.4,61.1,45.1,50.2,28.9,Fail
9.6,82.2,57.0,57.8,53.7,65.1,55.9,69.8,Pass
7.6,67.1,64.2,39.5,58.4,56.7,54.5,69.0,Pass
9.2,72.2,57.1,47.6,59.3,62.2,55.1,66.9,Pass
12.6,73.1,63.5,71.6,87.7,51.6,75.6,56.1,Pass
3.0,54.7,35.8,35.4,25.7,63.0,31.6,35.9,Fail
22.5,88.4,84.4,100.0,90.2,100.0,91.4,100.0,Pass
8.6,69.0,49.6,57.5,54.2,53.0,53.8,60.0,Pass
2.9,48.5,30.0,24.4,34.3,40.3,30.0,37.1,Fail
13.5,85.1,66.9,87.8,76.7,71.8,77.1,59.0,Pass
4.2,66.2,47.3,29.0,55.7,34.1,45.2,38.3,Fail
16.6,74.3,80.6,67.7,75.6,72.6,74.7,83.1,Pass
3.2,66.5,45.7,41.3,47.0,37.8,44.9,40.8,Fail
6.3,63.4,43.6,48.6,45.2,53.7,45.7,46.5,Fail
10.5,74.2,58.9,52.2,58.9,68.2,56.9,80.7,Pass
9.7,82.7,59.4,58.2,69.1,63.0,62.9,64.4,Pass
8.1,72.9,52.8,64.1,63.4,44.1,60.4,40.6,Fail
11.7,70.1,61.4,71.5,53.4,71.4,61.2,66.7,Pass
4.9,57.6,54.2,57.7,44.1,57.9,51.2,43.1,Fail
12.1,68.8,70.2,52.1,65.7,64.1,63.0,52.1,Pass
4.3,71.7,62.9,46.1,51.0,46.3,53.1,30.6,Fail
15.5,78.1,67.3,73.8,74.6,98.4,72.2,97.9,Pass
4.6,70.0,41.3,27.3,32.9,53.1,33.7,41.3,Fail
2.6,60.9,40.5,34.2,51.5,29.7,43.0,46.4,Fail
9.8,64.3,68.2,58.7,61.6,49.7,62.7,52.5,Pass
7.3,73.6,39.8,49.2,75.8,44.2,57.0,56.2,Pass
8.2,63.4,56.3,43.8,61.6,57.3,54.7,62.4,Pass
5.4,63.2,47.1,47.1,53.4,61.6,49.6,53.2,Pass
8.9,60.9,61.1,61.7,52.5,61.8,57.8,52.7,Pass
14.7,70.2,73.8,67.7,69.5,65.9,70.2,83.7,Pass
7.9,76.6,63.7,33.1,67.4,63.7,56.0,50.1,Pass
2.2,71.0,49.6,49.4,45.8,34.6,48.0,35.8,Fail
6.6,76.7,78.6,38.1,56.8,75.8,57.7,71.0,Pass
8.6,79.1,75.2,44.0,78.7,54.6,67.2,62.9,Pass
16.1,76.5,81.8,72.7,81.8,70.9,79.1,76.2,Pass
10.1,77.4,59.5,59.9,70.9,67.2,64.2,59.1,Pass
3.9,73.1,46.7,36.8,48.8,53.4,44.6,53.2,Fail
6.4,60.7,60.2,51.7,62.3,52.7,58.5,60.6,Pass
10.4,74.0,72.5,57.0,63.1,66.8,64.1,57.0,Pass
9.0,69.8,52.1,39.1,68.3,63.4,54.7,61.2,Pass
9.4,56.3,39.7,41.4,51.6,55.3,45.0,60.7,Pass
2.6,65.7,30.3,35.1,55.4,43.4,41.8,36.3,Fail
9.7,65.9,68.6,53.8,71.7,66.6,65.4,61.9,Pass
7.6,77.5,69.3,46.9,59.4,45.9,58.6,57.5,Pass
10.0,65.9,59.9,37.5,77.7,56.3,60.3,52.6,Pass
7.4,71.5,58.8,43.4,59.6,60.8,54.5,57.6,Pass
6.1,68.2,66.9,52.0,68.5,37.2,63.1,40.3,Fail
12.3,61.0,79.0,58.5,59.5,68.0,65.0,67.3,Pass
8.7,67.9,63.2,60.0,65.4,53.8,63.1,65.6,Pass
2.9,66.3,45.5,45.6,49.7,39.4,47.2,44.5,Fail
7.1,76.7,53.8,34.8,56.2,54.5,49.1,48.3,Fail
5.4,66.6,48.5,38.1,58.7,33.1,49.5,40.4,Fail
5.0,73.2,45.8,51.0,62.0,44.5,53.8,54.4,Pass
8.9,75.0,65.5,58.4,67.1,72.4,64.0,56.7,Pass
7.4,73.4,55.8,54.6,61.5,38.3,57.7,43.4,Fail
8.8,75.5,53.7,62.7,63.4,75.4,60.3,73.6,Pass
11.3,71.4,73.1,69.7,71.4,61.5,71.4,63.2,Pass
6.3,59.6,54.9,28.6,58.1,41.2,48.3,32.8,Fail
11.0,85.8,69.8,57.4,76.3,69.9,68.7,72.7,Pass
4.5,71.5,49.2,49.1,56.2,60.6,52.0,49.1,Pass
12.7,74.7,71.5,69.2,67.9,59.0,69.4,73.7,Pass
4.7,70.6,47.8,59.2,58.9,44.1,55.7,46.1,Fail
3.3,67.1,68.9,52.9,55.5,50.3,58.7,46.2,Pass
8.3,63.1,73.8,59.8,62.7,62.6,65.2,51.3,Pass
6.5,65.1,46.0,41.8,51.6,66.2,47.0,60.5,Pass
7.0,79.0,55.6,58.3,66.6,47.3,60.8,66.9,Pass
3.0,63.6,37.9,55.9,30.9,31.6,40.5,25.8,Fail
3.1,66.7,31.2,52.5,44.9,50.5,43.1,34.5,Fail
5.3,76.4,67.2,49.7,54.8,45.2,57.0,52.2,Pass
10.0,71.9,60.4,68.6,60.3,67.4,62.8,63.2,Pass
5.5,59.1,40.0,44.5,46.8,52.3,44.1,38.6,Fail
3.1,64.6,31.7,40.7,37.5,26.5,36.7,23.6,Fail
12.7,70.8,68.4,59.2,66.9,85.4,65.0,98.3,Pass
3.0,52.5,44.6,22.8,34.6,38.7,34.1,21.3,Fail
7.1,74.9,60.0,58.5,62.2,50.8,60.4,42.2,Pass
10.0,69.9,69.5,54.2,71.0,62.4,65.5,65.0,Pass
5.1,42.2,50.0,38.7,51.7,41.1,47.3,29.9,Fail
10.0,74.0,51.9,60.7,66.8,65.6,60.5,63.4,Pass
15.3,80.5,66.0,64.2,72.7,86.7,68.1,72.3,Pass
9.8,87.4,73.6,67.0,62.2,62.3,67.1,61.0,Pass
6.4,67.6,48.1,45.3,49.5,52.3,47.8,46.0,Fail
7.0,76.9,45.3,49.3,55.2,52.8,50.5,45.4,Fail
1.3,66.7,31.6,6.6,37.7,37.1,26.5,32.8,Fail
4.7,60.9,55.2,42.6,67.0,45.7,56.1,36.2,Fail
1.4,64.5,49.5,26.5,49.2,17.2,42.5,29.1,Fail
3.7,63.1,47.4,36.4,51.8,35.9,45.9,28.2,Fail
6.7,62.5,44.6,39.1,54.7,33.2,47.0,45.4,Fail
8.0,65.5,55.1,43.3,53.8,70.0,51.0,63.3,Pass
9.0,65.6,56.4,49.8,60.3,65.5,56.0,64.0,Pass
18.0,81.5,76.9,80.0,88.3,76.1,82.4,95.3,Pass
2.4,62.8,49.1,50.1,52.3,47.4,50.7,24.5,Fail
3.6,59.9,41.3,40.0,47.7,36.9,43.5,25.4,Fail
7.8,67.7,60.2,45.6,63.7,56.0,57.2,40.3,Pass
10.5,57.6,61.0,50.3,57.0,40.3,56.2,55.3,Pass
4.3,57.1,34.2,47.9,34.0,46.4,38.2,32.0,Fail
7.4,66.5,70.7,52.4,68.1,57.4,64.2,48.6,Pass
8.1,83.1,65.7,42.9,60.2,43.3,56.7,57.0,Pass
16.1,84.4,64.8,65.8,74.8,93.7,69.1,94.3,Pass
2.6,55.3,30.3,35.3,34.7,47.0,33.6,17.2,Fail
8.8,83.5,75.3,53.8,69.3,64.2,66.4,60.7,Pass
10.7,72.8,64.7,51.9,62.0,60.2,59.8,57.4,Pass
9.4,62.2,61.9,49.7,70.3,54.5,61.6,57.0,Pass
13.5,75.6,72.8,66.3,83.1,87.9,75.0,78.8,Pass
3.1,71.6,56.4,43.3,53.2,60.0,51.2,42.3,Fail
1.2,52.4,47.2,31.3,35.1,26.9,37.6,38.5,Fail
13.1,67.4,59.4,69.1,80.7,54.2,70.8,67.1,Pass
5.3,80.8,58.9,51.1,65.7,51.4,59.3,42.7,Pass
6.4,70.1,42.6,37.6,49.3,62.3,43.8,49.5,Fail
6.9,64.5,44.4,43.4,56.4,45.0,48.9,31.7,Fail
7.2,67.8,52.3,46.7,58.2,43.7,53.0,33.1,Fail
11.3,75.8,51.7,57.5,70.0,83.8,60.8,67.8,Pass
8.7,68.9,51.8,44.4,60.1,43.7,52.9,53.3,Pass
2.5,73.8,29.8,34.2,46.3,54.5,37.7,50.0,Fail
6.3,68.4,53.0,54.2,75.4,52.0,62.3,39.6,Pass
8.0,74.9,71.6,42.6,66.8,56.1,61.0,58.5,Pass
9.1,71.6,59.9,50.4,57.3,63.2,56.0,72.4,Pass
6.0,66.9,52.3,56.3,51.0,49.9,53.0,56.7,Pass
4.7,72.8,48.4,43.0,65.8,47.2,53.7,48.7,Pass
11.7,81.4,75.6,82.8,69.8,64.1,75.4,55.4,Pass
5.2,53.2,45.9,54.4,41.1,41.1,46.5,34.4,Fail
9.7,71.5,52.1,34.8,62.6,65.3,51.1,67.6,Pass
11.2,89.8,70.7,52.4,71.9,59.4,65.7,69.7,Pass
7.7,65.7,67.5,49.1,69.0,61.7,62.6,58.9,Pass
4.3,68.8,37.8,38.9,60.7,43.6,47.3,47.3,Fail
8.7,80.4,54.0,60.7,61.4,51.2,59.0,52.0,Pass
5.6,57.9,47.7,47.7,56.0,45.0,51.0,38.5,Fail
21.8,83.2,85.8,70.3,91.7,100.0,83.5,100.0,Pass
10.8,60.4,63.1,64.4,57.0,54.5,61.0,59.9,Pass
10.6,73.6,55.4,74.1,77.6,78.7,69.9,78.4,Pass
12.7,78.3,64.7,50.3,85.3,78.4,68.6,73.0,Pass
1.5,66.9,43.5,31.7,47.4,42.7,41.5,35.7,Fail
6.3,80.2,57.4,46.0,55.3,52.2,53.1,46.9,Pass
12.3,75.3,88.0,72.2,66.7,78.2,74.7,72.9,Pass
4.7,56.4,52.6,53.1,53.6,54.4,53.2,32.1,Fail
2.2,55.6,28.8,29.9,50.0,29.7,37.6,36.1,Fail
7.3,62.7,45.3,42.6,55.5,51.2,48.6,75.9,Pass
3.7,66.1,36.3,48.8,55.4,42.5,47.7,39.8,Fail
4.0,83.6,66.0,42.8,56.5,47.5,55.2,28.6,Fail
6.0,66.6,43.4,46.9,49.2,62.3,46.8,44.2,Fail
2.9,74.5,52.8,48.6,53.1,55.2,51.7,54.6,Pass
5.8,66.0,55.3,50.9,40.3,58.6,48.0,38.2,Fail
7.8,60.1,41.9,49.8,50.8,57.9,47.8,55.5,Pass
19.1,76.4,77.8,64.3,90.6,87.5,78.9,100.0,Pass
4.9,60.0,45.7,46.2,32.6,43.4,40.6,44.5,Fail
6.1,66.3,39.4,53.9,43.7,54.6,45.5,33.5,Fail
9.5,74.6,75.7,61.3,65.8,48.2,67.4,50.7,Pass
5.4,61.2,50.5,29.8,43.2,52.9,41.4,53.1,Fail
4.5,71.7,63.3,50.2,51.7,56.5,54.7,38.3,Fail
12.4,83.3,87.5,56.8,62.1,63.4,68.1,71.5,Pass
15.6,76.6,75.5,46.9,82.8,64.5,69.8,67.4,Pass
5.4,73.8,55.9,43.9,63.8,55.0,55.5,53.4,Pass
4.4,49.7,37.4,26.8,33.8,24.8,32.8,32.4,Fail
4.0,45.9,52.4,35.3,46.3,40.0,44.8,38.0,Fail
9.7,78.3,62.5,44.7,64.9,55.3,58.1,52.8,Pass
13.5,72.8,65.5,61.0,75.1,59.0,68.0,60.1,Pass
8.5,87.8,57.2,41.0,76.5,68.2,60.1,43.2,Pass
9.9,71.1,61.7,48.5,56.3,73.6,55.6,58.6,Pass
11.9,66.3,68.7,60.8,76.4,62.2,69.4,60.7,Pass
15.8,92.5,81.0,88.8,96.1,93.7,89.4,91.8,Pass
8.6,75.6,63.6,50.3,51.5,52.4,54.8,39.6,Fail
5.2,78.6,52.3,46.0,63.7,59.2,55.0,62.6,Pass
10.2,67.5,64.7,61.5,58.2,57.5,61.1,52.9,Pass
12.7,78.2,72.7,66.1,77.6,84.7,72.7,72.1,Pass
5.7,59.8,59.1,46.6,47.5,26.6,50.7,40.5,Fail
1.4,47.7,43.6,36.3,35.4,26.8,38.1,22.0,Fail
5.1,72.1,53.1,40.8,50.2,45.2,48.2,47.8,Fail
2.9,59.8,47.1,29.2,39.4,24.0,38.6,23.2,Fail
0.9,53.1,28.5,32.8,43.0,37.9,35.6,22.7,Fail
5.3,55.3,57.4,19.5,54.1,41.4,44.7,37.3,Fail
6.4,69.1,51.5,27.9,59.5,56.5,47.6,45.0,Fail
9.0,71.3,58.4,66.1,59.7,53.9,61.2,57.2,Pass
9.8,67.9,56.1,63.8,60.5,51.4,60.2,65.1,Pass
5.5,61.2,42.3,36.3,53.2,40.8,44.9,22.3,Fail
9.3,77.3,55.2,43.7,58.5,50.0,53.1,64.4,Pass
8.9,50.8,44.4,52.2,50.4,49.7,49.1,52.9,Pass
8.8,75.6,58.4,59.6,69.7,72.7,63.3,73.6,Pass
4.1,68.6,55.4,33.1,54.9,46.6,48.5,43.5,Fail
10.3,62.5,59.2,52.1,70.2,65.7,61.5,65.9,Pass
7.6,53.6,56.6,28.9,36.5,44.0,40.2,36.2,Fail
6.5,72.5,58.6,43.5,68.4,43.9,58.0,56.2,Pass
4.4,55.9,42.0,36.5,53.4,43.1,44.9,29.4,Fail
5.4,79.1,64.4,48.1,65.6,52.5,60.0,46.2,Pass
11.2,90.4,77.5,82.2,63.5,83.1,73.3,88.9,Pass
9.3,74.6,67.5,43.5,61.3,71.4,57.8,67.8,Pass
4.6,64.7,51.9,54.8,48.4,55.0,51.4,39.8,Fail
7.3,67.0,52.0,42.6,58.1,71.4,51.6,55.4,Pass
9.0,57.2,52.4,43.0,69.6,54.5,56.5,58.0,Pass
4.9,63.6,48.6,51.1,52.5,52.2,50.9,53.1,Pass
10.2,68.6,72.0,48.3,73.9,71.9,65.6,55.1,Pass
1.9,57.2,49.9,25.5,53.7,42.0,44.1,39.0,Fail
10.2,75.4,51.5,61.8,69.5,73.3,61.8,64.3,Pass
9.8,72.8,63.5,59.0,66.5,62.9,63.4,51.9,Pass
7.9,75.8,38.6,46.6,67.3,56.6,52.5,60.5,Pass
5.9,63.5,47.3,60.0,41.6,47.1,48.8,39.0,Fail
3.8,69.4,43.0,36.2,54.4,42.2,45.5,30.1,Fail
6.9,68.3,58.7,32.9,68.4,51.5,54.8,49.9,Pass
8.7,75.2,51.3,42.4,62.8,52.5,53.2,56.3,Pass
10.3,71.7,49.9,44.7,67.5,51.7,55.4,56.3,Pass
4.2,79.3,48.2,40.7,61.6,38.0,51.3,29.7,Fail
5.3,46.8,44.6,51.2,43.5,54.0,46.1,56.6,Pass
5.4,71.5,38.3,28.4,73.9,44.0,49.6,50.4,Fail
2.4,69.7,54.8,53.0,40.9,47.6,48.7,42.5,Fail
13.0,65.5,64.0,53.6,55.3,66.2,57.4,60.3,Pass
13.7,91.0,74.9,62.6,83.9,89.8,74.8,77.6,Pass
4.0,65.0,56.3,32.8,46.6,31.5,45.4,23.5,Fail
16.9,79.3,71.7,67.2,81.9,81.2,74.4,81.3,Pass
6.0,70.2,64.9,43.4,59.2,45.8,56.2,35.0,Fail
10.3,79.5,64.5,56.2,70.9,65.2,64.6,57.9,Pass
9.9,72.9,68.0,57.4,56.4,70.6,60.2,82.7,Pass
1.0,62.0,44.2,13.6,37.5,31.6,32.3,48.9,Fail
7.1,75.2,62.3,48.0,68.3,49.7,60.4,49.9,Pass
3.8,72.3,49.9,45.7,47.8,45.7,47.8,36.8,Fail
1.6,64.6,38.8,33.9,42.8,33.9,38.9,37.6,Fail
7.7,56.9,68.0,43.6,52.6,54.9,54.5,48.4,Pass
9.4,63.1,57.6,46.7,63.4,34.1,56.6,58.0,Pass
4.7,74.3,42.9,53.3,49.7,46.2,48.7,45.5,Fail
7.4,66.7,66.6,52.1,70.1,54.2,63.6,62.3,Pass
13.4,71.3,65.7,60.2,65.2,78.0,63.8,84.9,Pass
6.0,70.7,39.4,50.4,43.2,59.3,44.2,44.9,Fail
2.8,65.9,38.8,45.9,37.5,35.3,40.4,31.2,Fail
10.9,71.3,47.5,44.4,71.5,59.3,56.2,64.3,Pass
5.4,72.4,46.3,49.4,45.2,35.0,46.8,54.5,Fail
4.5,55.3,59.7,31.1,39.4,42.0,43.0,52.2,Fail
5.7,53.0,51.0,52.3,54.5,67.8,52.8,49.9,Pass
5.6,78.7,54.8,38.3,69.8,53.2,55.8,47.1,Pass
2.0,53.4,35.4,32.4,55.2,28.0,42.4,32.7,Fail
8.1,57.9,52.5,49.7,54.2,54.1,52.3,53.6,Pass
8.0,67.0,65.0,32.6,38.0,34.9,44.5,49.8,Fail
5.8,66.7,37.0,25.6,50.0,53.8,38.8,48.5,Fail
7.7,65.4,78.5,44.4,69.1,65.1,64.5,36.7,Pass
9.8,69.9,53.5,69.1,54.6,60.5,58.6,60.9,Pass
7.9,58.1,51.2,45.2,50.7,44.2,49.2,47.2,Fail
4.4,71.0,48.8,46.7,54.1,43.1,50.3,40.6,Fail
3.8,52.3,41.8,8.3,52.5,32.6,36.0,36.9,Fail
18.3,82.1,75.9,83.3,77.5,93.3,78.8,81.3,Pass
8.1,71.6,64.7,55.1,68.7,59.6,63.4,60.2,Pass
6.2,72.6,63.3,52.7,62.8,51.7,59.9,43.6,Pass
9.2,72.9,67.9,53.8,62.2,60.3,61.4,45.1,Pass
4.7,56.9,47.2,28.0,53.4,35.8,43.9,42.5,Fail
10.9,69.8,58.0,49.6,71.7,68.7,61.0,69.0,Pass
5.5,61.0,47.8,34.1,62.4,45.6,49.5,28.9,Fail
1.7,49.5,37.6,36.0,49.6,18.6,41.9,11.1,Fail
6.5,71.3,46.5,45.0,47.5,58.7,46.4,41.3,Fail
3.5,58.1,45.9,44.7,49.4,38.0,46.9,22.4,Fail
6.0,68.4,66.9,50.9,56.5,46.9,57.9,40.7,Fail
5.6,65.8,49.6,59.6,55.3,66.1,54.9,55.9,Pass
8.5,61.1,59.3,49.9,58.3,58.3,56.1,59.1,Pass
15.0,68.4,65.3,63.1,73.9,80.3,68.1,73.9,Pass
10.3,69.7,68.6,55.9,65.1,56.9,63.4,45.3,Pass
8.0,59.1,48.5,23.3,50.5,44.8,41.7,50.2,Fail
7.3,76.7,54.3,46.9,61.4,68.8,54.9,61.9,Pass
8.2,80.6,64.7,58.7,70.5,82.8,65.2,59.7,Pass
14.0,83.1,65.0,63.9,74.0,84.8,68.3,71.0,Pass
9.1,73.7,63.8,51.2,59.9,37.1,58.5,50.1,Pass
1.7,62.5,50.6,31.6,46.3,29.4,43.2,21.2,Fail
3.6,55.9,45.3,51.1,48.1,40.3,48.2,19.1,Fail
12.0,81.0,75.2,64.0,67.8,69.3,68.9,58.5,Pass
7.9,80.4,49.6,51.0,58.4,57.6,53.5,48.9,Pass
13.9,74.0,73.6,85.8,65.8,62.7,74.1,79.5,Pass
10.0,71.7,57.9,43.0,66.0,78.1,56.7,59.3,Pass
7.2,62.2,56.1,40.1,53.2,55.7,50.1,45.2,Fail
7.1,65.9,66.6,37.2,67.6,44.4,58.2,48.3,Pass
4.7,55.6,22.2,32.2,47.6,36.4,35.4,38.6,Fail
5.9,64.8,46.3,55.3,57.3,55.2,53.4,36.3,Fail
3.0,67.1,27.8,29.2,46.3,38.3,35.6,32.9,Fail
4.0,67.4,38.4,40.8,54.8,45.5,45.7,51.4,Fail
3.4,66.1,42.8,43.1,36.5,46.5,40.4,41.9,Fail
6.6,48.4,54.6,47.7,49.9,41.2,50.6,47.0,Fail
5.0,66.4,56.4,36.5,50.7,61.6,48.2,52.8,Pass
2.2,67.5,50.9,41.6,55.3,18.8,49.9,18.9,Fail
9.2,71.0,64.2,48.7,54.0,52.2,55.5,63.8,Pass
5.3,75.4,42.5,45.5,55.6,57.8,48.6,42.8,Fail
10.7,72.0,69.4,46.7,75.8,56.9,65.2,56.0,Pass
8.9,73.9,54.5,41.1,61.2,57.1,53.2,53.3,Pass
19.5,75.4,85.2,79.8,85.3,100.0,83.6,100.0,Pass
6.7,72.7,47.9,69.3,58.5,59.8,58.6,64.6,Pass
4.7,71.9,49.5,40.2,51.5,48.4,47.5,31.4,Fail
4.0,59.1,45.2,38.2,50.0,52.1,45.0,44.8,Fail
9.7,60.2,60.2,56.8,67.8,52.8,62.2,35.6,Fail
10.2,68.6,54.3,64.1,64.9,66.4,61.5,68.7,Pass
6.8,60.2,57.0,55.0,54.2,55.2,55.3,42.0,Fail
7.8,74.2,47.4,55.5,64.5,46.8,56.7,53.9,Pass
12.2,70.7,79.2,57.9,81.2,59.8,73.6,69.7,Pass
10.0,77.7,57.3,62.5,60.9,49.2,60.3,46.9,Pass
8.1,57.2,37.7,50.6,66.2,54.9,53.0,58.8,Pass
3.1,57.1,42.8,35.5,40.6,49.6,39.7,32.2,Fail
4.1,58.8,42.5,46.9,49.5,35.4,46.6,19.5,Fail
5.4,68.7,44.1,47.9,54.7,27.7,49.5,39.1,Fail
5.6,50.1,57.0,33.5,51.9,41.9,47.9,42.8,Fail
4.3,63.0,53.5,30.6,38.7,53.5,40.7,50.7,Fail
4.0,61.9,50.3,25.0,40.1,37.9,38.6,26.1,Fail
5.8,69.9,44.9,36.8,50.8,53.9,44.8,29.7,Fail
7.4,69.3,51.4,48.9,52.7,34.2,51.2,40.1,Fail
9.0,63.2,52.1,59.8,62.1,62.6,58.4,54.6,Pass
2.1,44.5,22.9,29.7,44.4,45.3,33.5,23.8,Fail
5.0,59.8,50.1,43.6,35.5,61.4,42.3,39.8,Fail
2.2,52.5,42.9,38.4,33.5,44.0,37.8,30.2,Fail
6.7,58.4,51.9,33.4,49.0,70.6,45.2,37.4,Fail
6.6,62.0,53.6,41.1,46.0,57.0,46.8,43.0,Fail
6.3,74.1,45.8,36.9,53.5,50.8,46.2,53.0,Fail
5.8,56.8,41.5,38.9,43.0,41.2,41.3,50.9,Fail
5.1,51.3,43.1,41.4,49.8,27.5,45.3,22.7,Fail
6.3,62.9,62.5,45.3,73.9,43.4,61.9,43.7,Pass
9.1,68.7,68.1,44.8,56.6,48.0,56.5,66.1,Pass
5.3,63.6,53.8,47.5,60.8,54.2,54.7,51.4,Pass
3.2,58.6,60.1,39.1,66.1,28.9,56.2,34.2,Fail
7.8,67.4,59.9,52.9,53.9,45.7,55.4,38.9,Fail
10.3,74.1,67.9,57.6,81.4,72.4,70.2,76.3,Pass
3.1,56.7,55.0,29.2,40.0,32.8,41.3,27.1,Fail
2.8,71.4,52.6,28.1,58.3,48.9,47.5,33.8,Fail
3.0,62.1,57.8,40.6,42.4,56.0,46.5,45.6,Fail
6.3,75.4,55.4,51.5,44.6,45.2,49.9,44.3,Fail
15.7,80.9,70.5,70.5,85.7,83.4,76.6,85.4,Pass
14.3,67.1,68.0,82.2,75.0,100.0,75.1,89.0,Pass
7.8,53.7,53.6,41.5,52.9,55.7,49.7,55.7,Pass
3.0,72.1,40.4,42.7,36.8,51.8,39.6,36.9,Fail
14.2,69.7,63.6,64.7,80.5,71.8,70.7,87.6,Pass
14.6,76.7,68.8,66.0,82.5,77.8,73.4,100.0,Pass
3.9,59.9,37.0,29.0,33.0,47.7,33.0,40.7,Fail
6.7,78.8,52.3,47.0,60.3,44.5,53.9,57.9,Pass
10.2,71.6,67.8,64.0,69.1,51.3,67.2,61.3,Pass
13.2,64.8,72.2,65.5,61.3,72.6,65.8,68.8,Pass
6.2,65.3,40.8,52.6,59.1,48.2,51.7,47.6,Fail
10.8,82.0,68.7,53.8,87.0,55.1,71.6,56.8,Pass
8.3,63.0,54.9,57.3,64.8,41.5,59.6,42.1,Fail
8.0,57.1,61.5,37.0,68.2,60.1,56.8,47.3,Pass
7.6,75.0,55.5,48.7,66.0,56.0,57.7,55.8,Pass
16.1,71.5,63.7,59.1,67.3,73.8,63.8,84.9,Pass
7.0,54.8,46.5,60.1,57.1,49.8,54.8,47.6,Pass
8.9,63.1,47.2,51.8,48.0,56.7,48.9,54.2,Pass
16.1,81.1,58.5,79.2,73.6,80.6,70.8,88.5,Pass
9.2,74.1,60.2,57.4,61.1,46.1,59.7,43.8,Pass
4.9,68.6,54.5,47.7,50.1,51.1,50.7,37.2,Fail
6.6,59.3,52.5,34.9,47.0,38.9,45.0,41.8,Fail
4.2,71.8,39.7,41.6,48.3,42.6,43.7,34.0,Fail
6.5,73.3,44.2,37.9,54.5,56.1,46.4,59.8,Pass
6.2,70.9,55.4,42.2,64.8,58.0,55.2,40.5,Fail
5.4,57.6,61.7,41.5,54.3,47.8,52.7,38.0,Fail
7.6,63.9,64.7,39.3,64.5,53.2,57.0,47.1,Pass
2.4,65.1,42.0,24.9,43.5,46.1,37.5,39.6,Fail
18.1,86.1,83.7,65.3,92.7,91.5,81.8,87.9,Pass
6.3,59.2,57.7,49.2,39.3,40.0,47.8,31.4,Fail
6.8,81.9,57.0,47.4,51.4,64.3,51.9,60.4,Pass
14.1,75.6,60.1,53.1,79.1,80.6,65.6,77.2,Pass
9.2,78.4,39.4,54.1,56.8,63.4,50.8,56.0,Pass
5.3,56.2,48.9,46.9,49.5,50.5,48.5,47.1,Fail
5.7,68.2,50.3,43.3,36.9,51.3,42.8,57.0,Pass
11.9,63.9,49.3,44.0,60.3,33.9,52.1,57.0,Pass
12.8,76.3,57.1,60.3,60.8,67.3,59.5,67.2,Pass
5.0,69.5,48.7,35.7,47.4,45.5,44.3,46.4,Fail
13.9,80.6,67.6,67.6,75.2,74.0,70.6,63.2,Pass
2.5,56.9,53.5,30.9,45.3,32.0,43.4,30.4,Fail
14.9,63.1,80.1,65.0,71.1,72.4,72.0,74.2,Pass
8.4,72.4,51.7,35.6,65.9,63.2,52.6,52.2,Pass
13.8,73.1,81.6,63.8,70.9,75.0,72.0,87.3,Pass
9.7,68.2,72.8,50.5,62.0,58.2,61.8,54.1,Pass
5.2,58.6,50.3,32.6,41.1,26.5,41.3,39.6,Fail
6.4,67.0,45.5,45.9,61.9,60.3,52.2,50.1,Pass
5.3,66.1,51.4,39.8,46.4,42.8,45.9,32.2,Fail
4.4,73.5,33.8,41.9,40.2,62.8,38.8,37.6,Fail
8.9,54.3,49.4,38.7,46.2,44.5,44.9,44.7,Fail
2.0,51.6,41.6,33.1,41.7,40.2,39.1,33.7,Fail
6.2,70.9,56.8,29.1,55.3,48.5,47.9,32.6,Fail
7.2,50.8,46.1,41.2,48.6,36.8,45.6,31.7,Fail
2.1,56.5,41.7,32.8,49.0,44.0,42.0,28.8,Fail
8.2,88.6,54.8,69.6,57.7,49.5,60.4,53.4,Pass
9.7,69.2,71.4,50.5,67.4,61.6,63.5,59.7,Pass
8.9,76.0,72.2,67.2,65.3,62.9,67.9,56.7,Pass
8.8,56.9,60.4,58.0,59.8,48.3,59.4,46.2,Pass
7.3,74.1,54.7,47.7,59.4,66.1,54.5,46.5,Pass
3.6,61.1,38.9,37.5,40.4,43.2,39.1,40.0,Fail
15.5,80.7,82.0,58.8,63.8,94.6,67.8,87.5,Pass
0.8,65.2,42.6,27.0,48.1,36.7,40.1,40.2,Fail
6.1,63.0,43.1,45.5,51.3,53.6,47.1,48.0,Fail
5.1,69.8,59.6,40.0,54.9,28.5,51.8,36.0,Fail
7.2,59.4,48.6,52.9,52.9,57.4,51.6,41.8,Fail
4.2,65.2,41.1,45.7,37.9,48.7,41.2,40.8,Fail
12.3,78.7,75.8,63.6,73.7,66.2,71.3,62.9,Pass
2.5,58.4,36.2,40.5,42.7,31.2,40.1,27.7,Fail
4.7,57.7,47.7,42.8,47.4,41.4,46.1,40.5,Fail
5.9,63.2,61.0,43.7,65.7,55.9,57.7,50.7,Pass
9.0,79.3,71.3,47.7,66.5,50.6,62.3,52.5,Pass
9.0,78.1,64.2,70.6,63.4,51.3,65.8,59.4,Pass
11.3,79.4,57.0,65.3,66.6,75.8,63.3,61.0,Pass
10.4,84.5,62.2,62.0,60.9,63.9,61.6,82.5,Pass
6.2,67.5,72.0,38.3,58.2,48.3,56.4,37.7,Fail
10.9,74.5,71.7,79.1,69.6,66.4,73.1,57.8,Pass
6.2,51.5,46.0,34.9,43.9,47.4,41.8,19.2,Fail
2.3,55.5,31.2,34.2,45.7,47.1,37.9,21.6,Fail
2.5,67.1,29.9,37.9,47.5,30.6,39.3,29.0,Fail
5.8,73.9,63.5,34.0,56.3,53.9,51.8,46.5,Pass
3.5,53.9,53.1,40.1,51.2,38.7,48.4,34.0,Fail
6.5,67.1,52.8,49.1,52.1,54.1,51.4,52.4,Pass
10.6,90.0,64.9,51.1,76.4,88.7,65.4,79.0,Pass
5.5,65.9,59.8,50.1,50.2,37.4,53.0,42.5,Fail
1.8,73.7,33.9,28.6,56.5,44.9,41.4,31.9,Fail
9.3,73.9,76.8,51.0,61.3,70.4,62.9,53.5,Pass
5.1,70.6,57.3,36.8,52.9,38.6,49.4,39.7,Fail
5.9,59.8,39.7,48.4,43.5,45.3,43.8,36.5,Fail
20.9,72.2,89.7,83.5,91.6,87.6,88.6,100.0,Pass
11.3,79.3,60.9,49.5,60.3,79.7,57.2,71.5,Pass
12.8,77.8,58.3,57.2,69.3,71.1,62.4,67.1,Pass
5.6,67.2,57.6,38.9,44.2,33.6,46.6,29.7,Fail
18.4,71.5,69.4,79.2,83.7,100.0,78.1,96.7,Pass
3.9,61.8,35.6,32.6,50.0,56.5,40.5,44.9,Fail
2.4,57.9,46.0,33.6,44.5,45.1,41.7,37.4,Fail
20.2,80.1,83.6,77.4,84.2,90.4,82.0,91.5,Pass
1.8,64.0,50.9,32.0,49.9,27.0,44.8,14.3,Fail
5.2,71.9,49.6,59.9,46.8,48.3,51.6,49.1,Fail
9.4,73.6,57.8,48.0,57.5,68.7,54.7,65.5,Pass
5.6,68.3,35.4,42.3,55.7,47.0,45.6,39.3,Fail
4.5,66.3,52.9,44.7,54.7,40.6,51.2,46.2,Fail
7.0,67.0,54.0,43.3,59.6,38.6,53.0,49.8,Fail
6.7,61.4,61.3,39.8,70.8,40.9,58.6,54.3,Pass
7.5,69.4,61.9,51.9,59.8,42.3,58.1,51.8,Pass
13.5,82.2,74.3,72.3,72.3,76.7,72.9,75.5,Pass
9.7,70.7,54.8,65.7,60.9,69.3,60.5,70.2,Pass
6.1,60.0,46.9,41.6,36.3,35.9,41.1,42.7,Fail
8.1,60.2,58.7,40.9,59.2,37.4,53.6,51.3,Fail
0.5,53.0,36.5,22.4,47.2,29.5,36.6,12.6,Fail
6.3,58.4,61.5,56.1,50.7,46.8,55.6,49.2,Pass
8.4,93.2,75.3,59.7,78.5,68.0,71.9,61.5,Pass
4.3,58.1,44.0,31.6,40.0,27.8,38.7,39.1,Fail
5.3,66.1,51.2,37.1,46.6,57.0,45.1,48.2,Fail
11.3,72.9,58.1,48.1,60.5,68.7,56.1,67.3,Pass
3.4,75.4,48.6,40.6,40.8,55.4,43.1,42.5,Fail
11.5,77.2,73.8,63.9,80.1,64.1,73.4,53.7,Pass
16.2,82.8,72.9,85.3,83.5,93.0,80.9,88.8,Pass
5.4,67.9,48.2,53.6,56.7,44.1,53.2,46.1,Fail
3.5,66.4,37.6,39.6,41.8,51.4,39.9,40.3,Fail
4.4,67.9,44.7,35.4,55.6,40.1,46.3,44.3,Fail
15.5,73.6,78.0,71.6,73.1,60.8,74.1,70.6,Pass
3.3,56.6,41.7,20.5,40.9,44.8,35.0,29.5,Fail
3.5,64.7,37.2,31.8,53.8,35.8,42.2,33.2,Fail
1.8,57.9,42.7,39.2,36.1,44.3,39.0,40.8,Fail
5.2,67.7,50.3,51.2,45.2,33.8,48.5,34.1,Fail
7.6,60.5,62.3,58.6,48.4,37.0,55.6,49.6,Fail
14.4,65.5,67.4,62.0,69.7,68.2,66.7,73.5,Pass
5.5,56.4,40.0,52.9,62.3,46.1,52.8,40.3,Fail
9.2,70.4,67.2,49.4,60.9,43.4,59.3,58.5,Pass
4.5,52.5,37.0,33.9,35.3,34.9,35.4,33.3,Fail
3.0,79.2,39.3,44.2,45.7,35.4,43.3,38.7,Fail
13.3,91.6,65.8,77.4,73.0,79.3,72.2,87.1,Pass
7.5,76.1,52.9,59.0,59.6,77.5,57.4,74.3,Pass
9.6,68.6,44.7,62.6,62.1,56.9,57.0,51.8,Pass
7.4,65.0,40.5,52.3,39.2,47.5,43.5,54.1,Fail
2.3,65.1,50.4,45.0,37.7,40.9,43.7,45.2,Fail
11.3,78.3,64.7,59.7,59.4,85.4,61.1,85.3,Pass
4.3,67.5,47.5,44.2,57.3,35.4,50.4,35.4,Fail
8.9,60.2,55.4,74.7,50.3,58.2,59.2,50.0,Pass
3.2,62.3,49.6,45.5,48.8,63.7,48.0,48.0,Pass
3.3,68.2,40.5,39.5,50.7,36.5,44.3,39.5,Fail
4.5,46.5,47.4,43.8,40.6,35.0,43.6,25.9,Fail
3.8,55.7,45.2,27.8,28.3,47.4,33.2,43.6,Fail
2.9,67.7,38.4,35.4,54.5,57.3,43.9,48.7,Fail
19.9,81.4,89.1,77.3,97.8,100.0,89.0,100.0,Pass
6.8,65.7,53.8,39.9,54.9,49.4,50.1,49.6,Fail
2.1,71.4,37.2,53.4,41.0,33.5,43.6,26.9,Fail
3.1,63.3,37.4,41.9,57.7,35.3,46.9,23.6,Fail
4.0,61.0,50.1,44.3,43.0,32.9,45.5,36.1,Fail
5.0,63.5,57.2,40.9,57.2,46.3,52.3,43.2,Fail
10.1,69.9,63.4,44.3,53.2,66.6,53.6,49.2,Pass
7.6,62.4,61.0,46.8,59.8,54.2,56.3,54.1,Pass
6.7,66.3,63.2,42.5,47.3,46.5,50.6,53.4,Pass
2.4,53.8,39.1,24.6,44.0,43.1,36.7,36.3,Fail
9.1,68.3,60.0,58.9,60.9,63.9,60.0,65.1,Pass
2.3,58.6,47.5,32.3,41.3,40.9,40.5,33.8,Fail
5.9,68.9,43.3,29.2,50.0,55.5,41.8,46.3,Fail
7.9,81.6,68.6,52.8,71.6,62.4,65.1,66.6,Pass
8.1,71.8,68.6,50.9,60.8,55.8,60.2,58.6,Pass
7.3,69.6,49.6,55.2,59.2,43.7,55.1,40.0,Fail
7.5,70.9,79.2,50.3,81.6,52.3,71.5,42.6,Pass
7.1,61.6,59.0,40.5,46.4,43.3,48.4,55.7,Pass
2.7,68.9,44.8,42.6,41.9,57.5,43.0,36.3,Fail
2.6,66.4,28.5,31.5,32.3,54.5,30.9,36.9,Fail
10.6,72.4,62.2,62.8,53.2,77.4,58.8,65.5,Pass
10.7,75.7,67.5,67.9,80.4,62.6,72.8,77.1,Pass
3.3,66.6,49.0,16.6,45.3,38.8,37.8,20.7,Fail
7.4,71.5,45.8,42.4,38.2,48.4,41.7,52.4,Fail
8.3,77.9,54.7,56.9,59.5,49.0,57.3,65.2,Pass
6.7,62.0,57.4,46.1,50.8,57.5,51.4,56.4,Pass
11.5,84.3,73.0,73.0,64.6,64.7,69.6,69.4,Pass
5.1,53.3,53.7,50.8,45.1,41.4,49.4,32.4,Fail
5.3,71.7,53.1,52.9,55.1,46.7,53.8,42.1,Fail
11.6,75.3,65.5,44.2,65.4,83.1,59.1,73.0,Pass
2.8,55.7,46.4,33.6,49.7,37.5,43.9,31.5,Fail
10.4,80.7,65.8,63.8,67.4,74.3,65.8,73.6,Pass
14.7,63.1,56.1,62.9,68.9,68.8,63.3,87.7,Pass
9.0,83.8,75.3,54.6,66.3,57.0,65.5,59.7,Pass
6.4,85.7,65.9,61.6,53.5,61.5,59.6,59.2,Pass
2.8,62.1,47.6,39.9,37.5,49.0,41.2,37.6,Fail
7.4,60.7,42.1,44.2,53.7,46.5,47.4,42.4,Fail
4.2,60.4,53.2,28.7,43.4,47.5,41.9,44.7,Fail
5.6,74.5,50.0,61.4,59.1,50.1,57.1,36.4,Fail
8.2,67.3,63.2,52.6,57.1,40.7,57.6,52.3,Pass
3.8,41.1,44.3,29.4,35.4,27.7,36.3,20.7,Fail
3.1,66.8,43.5,46.9,49.0,42.2,46.7,43.7,Fail
4.8,72.9,59.9,29.4,54.7,49.0,48.7,34.8,Fail
13.8,80.7,62.3,81.3,61.8,82.4,67.8,83.1,Pass
8.3,75.3,59.6,57.6,48.7,72.5,54.6,73.9,Pass
4.1,77.8,64.8,63.2,59.4,49.9,62.2,40.3,Pass
4.4,63.6,51.8,46.3,44.6,31.7,47.3,31.2,Fail
12.4,88.6,78.7,66.6,76.8,76.2,74.3,72.6,Pass
2.6,61.9,44.4,30.8,46.5,34.2,41.2,36.8,Fail
13.7,85.5,72.9,62.6,84.7,66.7,74.5,59.7,Pass
3.7,63.3,36.6,27.8,57.7,41.5,42.4,34.3,Fail
13.3,92.3,73.0,85.1,69.6,85.7,75.3,89.7,Pass
10.6,77.9,70.0,59.0,66.9,71.2,65.5,66.7,Pass
3.4,63.3,37.0,46.1,44.8,34.3,42.8,29.6,Fail
9.7,62.0,50.3,61.1,69.2,69.7,61.1,57.7,Pass
2.2,64.3,47.0,33.9,35.2,43.3,38.4,41.5,Fail
11.8,67.6,70.5,50.6,77.1,79.6,67.2,78.7,Pass
3.4,67.6,63.2,32.9,54.8,60.7,50.8,48.4,Pass
11.8,79.4,65.2,46.9,66.0,73.5,60.0,75.3,Pass
2.7,71.6,44.9,28.8,54.2,51.9,43.8,30.9,Fail
3.5,68.5,54.2,44.6,47.4,48.5,48.6,38.1,Fail
15.6,79.4,79.6,78.4,67.5,66.8,74.4,81.4,Pass
8.8,81.2,59.9,54.7,65.0,40.7,60.4,54.6,Pass
3.8,76.1,50.2,50.7,50.3,42.4,50.4,40.5,Fail
7.8,60.9,48.8,55.9,51.2,57.0,51.9,42.4,Fail
7.7,83.3,51.1,49.9,56.0,45.8,52.7,53.1,Pass
5.8,76.8,53.6,56.7,60.8,53.1,57.4,32.0,Fail
7.7,62.4,66.3,46.1,57.4,59.9,56.7,52.4,Pass
12.5,60.0,57.3,53.6,60.8,50.4,57.6,58.3,Pass
10.4,82.1,53.9,59.2,62.2,75.5,58.8,58.1,Pass
9.0,72.4,51.7,40.2,57.5,60.6,50.6,57.3,Pass
3.7,60.8,49.9,38.0,43.3,41.2,43.7,27.4,Fail
2.7,65.8,48.6,16.6,44.0,26.8,37.2,27.7,Fail
6.4,77.2,66.1,54.5,64.7,60.8,62.1,39.7,Pass
10.6,56.5,66.6,40.8,58.4,58.9,55.6,70.4,Pass
1.5,62.8,44.2,33.9,44.2,16.9,41.1,4.9,Fail
5.0,66.5,55.2,56.0,49.5,50.0,53.2,47.4,Pass
8.7,82.4,56.1,55.4,51.4,53.4,54.0,41.1,Fail
13.5,82.8,77.4,48.4,77.3,67.1,68.7,71.5,Pass
1.0,67.8,41.5,35.3,38.4,37.3,38.4,35.0,Fail
6.4,64.1,58.8,42.8,59.2,53.6,54.2,48.4,Pass
4.7,71.0,54.0,51.5,64.4,57.8,57.4,45.4,Pass
6.7,64.2,48.9,44.8,49.0,42.8,47.7,36.7,Fail
9.1,70.1,50.4,62.6,66.3,60.3,60.4,52.5,Pass
2.0,67.0,40.1,40.1,41.8,22.4,40.8,31.4,Fail
3.6,65.0,48.2,47.0,46.1,46.7,47.0,33.4,Fail
3.9,67.2,41.4,39.5,51.0,40.3,44.7,50.8,Fail
5.3,76.9,52.4,57.4,41.7,56.8,49.6,52.5,Pass
12.1,71.6,74.4,54.9,57.4,65.6,61.8,85.0,Pass
3.4,55.8,52.9,19.9,46.2,32.4,40.3,23.2,Fail
4.3,57.9,49.8,29.1,29.2,38.7,35.3,15.1,Fail
2.6,54.1,52.3,35.3,51.4,16.5,46.8,23.2,Fail
5.4,79.3,44.5,49.1,64.5,58.8,53.9,40.8,Fail
5.7,72.1,63.4,47.0,58.9,57.8,56.7,52.5,Pass
6.0,75.8,43.9,58.1,54.2,61.0,52.3,53.6,Pass
21.5,92.9,91.0,87.2,100.0,99.4,93.5,100.0,Pass
10.5,71.0,55.8,58.8,60.3,73.7,58.5,69.0,Pass
6.5,80.8,63.2,58.3,57.8,49.9,59.6,37.5,Fail
9.0,65.3,45.1,36.0,56.6,46.8,47.0,52.2,Fail
4.6,81.6,39.6,52.0,47.9,57.6,46.6,55.6,Pass
19.2,84.0,78.4,90.1,95.6,87.2,88.8,100.0,Pass
10.8,87.3,62.0,67.0,78.8,84.7,70.2,72.5,Pass
10.0,63.6,54.5,55.7,53.7,70.2,54.5,60.2,Pass
13.8,73.1,64.1,70.9,66.1,73.9,66.9,87.6,Pass
16.6,67.1,78.8,49.0,74.4,65.8,68.1,73.6,Pass
3.4,72.4,47.8,39.4,58.4,37.9,49.5,44.1,Fail
12.8,77.4,81.2,50.8,71.0,68.6,68.0,80.4,Pass
8.6,86.5,65.0,59.0,67.3,87.2,64.1,78.5,Pass
7.9,65.6,62.5,39.7,50.8,55.6,51.0,60.8,Pass
15.4,89.2,82.2,78.8,92.5,89.5,85.3,90.6,Pass
3.6,65.0,39.5,35.4,38.7,34.5,38.0,34.2,Fail
6.6,67.2,49.2,34.7,51.5,51.0,45.8,54.3,Pass
6.1,65.0,59.7,36.2,42.5,41.5,45.8,41.2,Fail
8.5,63.4,41.8,37.7,64.2,48.8,49.5,59.5,Pass
8.7,73.4,63.3,52.2,62.0,42.9,59.4,40.8,Fail
12.6,76.8,66.8,67.5,83.2,74.1,73.6,71.2,Pass
6.9,55.7,44.6,38.3,44.0,54.3,42.5,42.7,Fail
16.1,59.2,67.8,52.1,79.3,59.9,67.7,58.0,Pass
9.1,68.4,71.7,52.0,65.4,47.8,63.3,46.5,Pass
3.4,73.4,35.0,40.5,42.8,31.5,39.8,19.9,Fail
4.7,67.4,39.9,37.7,45.1,45.8,41.3,37.6,Fail
9.9,61.5,42.7,45.1,61.5,57.1,50.9,58.4,Pass
8.7,56.2,50.8,59.7,54.9,62.3,55.1,63.6,Pass
8.4,79.3,55.6,48.0,57.5,49.2,54.1,49.8,Pass
17.5,67.8,76.6,57.5,90.6,76.5,76.5,67.1,Pass
11.8,80.2,63.8,60.2,70.2,62.7,65.3,64.1,Pass
5.3,70.9,55.5,49.1,51.5,55.3,52.0,55.4,Pass
6.2,80.5,50.2,52.9,50.3,54.8,51.0,35.7,Fail
5.1,61.1,65.3,27.1,48.7,38.7,47.2,32.8,Fail
3.9,72.2,54.4,52.6,36.8,39.5,46.8,37.0,Fail
18.2,93.0,88.4,80.2,88.9,94.7,86.1,80.4,Pass
8.7,59.7,60.3,54.2,62.7,65.0,59.4,50.6,Pass
3.0,64.7,37.0,61.6,55.4,46.1,51.7,48.7,Fail
15.3,78.0,72.0,75.0,73.8,76.0,73.6,84.0,Pass
4.3,56.6,44.0,43.8,49.7,29.6,46.2,24.4,Fail
7.8,71.5,53.3,48.0,56.1,67.3,52.8,63.5,Pass
7.1,59.2,49.2,45.4,40.4,50.0,44.5,49.8,Fail
2.4,65.9,51.2,25.9,32.5,44.9,36.1,50.2,Fail
1.6,79.3,46.5,39.1,47.9,48.3,44.8,38.2,Fail
10.6,71.1,64.9,70.7,51.0,74.0,61.1,58.7,Pass
13.3,75.2,55.6,66.9,68.1,86.3,64.0,66.9,Pass
8.1,81.1,46.5,73.2,57.9,41.1,59.1,52.8,Pass
24.7,99.7,91.8,99.0,90.8,100.0,93.6,100.0,Pass
4.5,60.5,60.3,42.5,31.3,54.2,43.4,46.9,Fail
1.9,67.8,60.2,34.9,42.6,39.0,45.6,27.2,Fail
8.8,46.9,59.5,63.8,64.1,54.9,62.6,56.8,Pass
3.6,56.3,40.9,32.8,46.2,39.5,40.6,45.0,Fail
6.6,76.5,59.6,42.1,53.5,52.0,51.9,51.5,Pass
12.0,70.3,75.2,51.0,63.2,56.1,63.1,70.8,Pass
4.8,64.2,63.7,62.0,54.8,42.7,59.6,43.0,Fail
6.6,60.5,42.1,46.0,51.8,38.6,47.2,44.5,Fail
13.0,66.9,67.7,61.1,73.2,73.7,67.9,66.7,Pass
6.1,47.4,43.8,45.0,59.0,48.4,50.2,52.7,Pass
8.8,67.7,62.6,49.0,68.2,56.7,60.8,50.5,Pass
9.5,75.1,61.9,47.8,71.4,39.8,61.5,53.9,Pass
6.1,69.3,45.0,38.4,52.5,46.6,46.0,38.0,Fail
6.2,60.8,53.8,36.2,36.5,37.0,41.6,48.1,Fail
6.7,56.6,44.8,25.9,35.6,36.8,35.4,40.2,Fail
4.5,62.4,47.4,41.0,52.1,46.2,47.4,45.0,Fail
8.6,59.7,55.2,34.8,52.5,60.9,48.0,44.9,Fail
4.6,59.4,60.5,44.9,61.4,55.9,56.2,36.4,Fail
5.0,67.0,52.7,50.3,62.0,50.6,55.7,38.1,Fail
3.6,57.3,43.7,31.8,45.8,52.3,41.0,42.2,Fail
13.5,86.5,78.7,69.4,73.4,64.9,73.8,72.8,Pass
2.7,54.9,34.8,41.2,34.9,29.5,36.8,27.5,Fail
17.7,76.4,79.1,86.6,92.6,85.1,86.8,81.2,Pass
6.3,74.4,60.0,44.0,58.5,58.3,54.6,40.6,Fail
5.3,71.9,56.9,31.9,49.4,52.4,46.4,51.4,Fail
3.6,68.5,43.5,31.9,47.6,49.5,41.7,32.7,Fail
3.9,59.6,48.6,23.5,45.3,41.5,39.8,40.7,Fail
4.6,70.2,55.7,47.0,65.0,47.8,56.8,30.8,Fail
25.0,96.3,91.6,65.1,100.0,100.0,87.0,100.0,Pass
4.5,68.9,44.8,33.1,50.6,49.4,43.6,52.9,Fail
9.0,70.5,56.6,52.5,51.3,60.2,53.2,60.7,Pass
5.9,71.7,71.9,36.2,61.2,50.5,56.9,47.7,Pass
18.5,81.6,75.5,68.4,84.4,80.7,76.9,96.3,Pass
7.7,72.5,59.8,57.5,63.3,63.4,60.5,50.8,Pass
3.1,64.3,42.7,27.8,46.6,29.7,39.8,26.6,Fail
5.1,54.0,38.9,35.6,43.8,26.3,39.9,36.7,Fail
22.4,82.2,95.0,93.2,94.6,100.0,94.3,100.0,Pass
10.8,89.6,57.2,57.8,64.5,82.9,60.3,66.5,Pass
6.6,52.4,60.5,64.3,52.8,52.7,58.6,35.9,Fail
3.7,76.9,42.2,52.2,60.1,50.8,52.4,34.4,Fail
4.0,69.8,43.6,51.6,55.9,43.9,50.9,46.9,Fail
3.4,64.4,50.7,26.1,46.0,36.4,41.4,41.8,Fail
2.3,49.3,45.4,31.5,39.3,17.3,38.8,44.2,Fail
10.4,72.5,64.4,53.4,69.2,53.5,63.0,67.2,Pass
9.4,65.3,54.1,48.3,62.2,49.5,55.6,56.6,Pass
7.4,78.4,45.6,46.1,58.7,57.2,51.0,61.2,Pass
14.6,72.2,70.1,64.0,69.6,90.2,68.1,72.4,Pass
10.2,70.0,54.6,33.3,56.3,46.0,48.9,59.4,Pass
2.6,65.1,64.0,28.7,42.5,44.4,44.8,35.2,Fail
6.8,63.0,53.6,60.9,53.0,58.2,55.6,68.5,Pass
11.1,81.0,56.2,54.8,70.1,52.4,61.3,70.9,Pass
6.8,65.8,50.7,40.5,42.6,37.7,44.4,50.9,Fail
7.2,53.6,56.5,43.7,57.6,50.6,53.1,39.9,Fail
2.2,63.8,52.8,36.1,38.6,40.9,42.1,60.9,Fail
4.6,72.0,48.3,22.8,47.3,56.5,40.2,44.6,Fail
9.0,82.3,61.7,56.6,63.4,67.1,60.8,56.6,Pass
6.2,71.9,58.5,51.5,59.2,41.4,56.7,52.0,Pass
2.5,72.2,39.2,43.8,57.6,42.4,47.9,24.7,Fail
11.0,77.1,67.9,50.0,64.9,59.1,61.3,55.2,Pass
6.0,59.5,52.1,56.9,59.0,30.0,56.3,32.1,Fail
7.1,62.3,57.2,59.0,52.2,58.8,55.7,53.5,Pass
2.6,44.7,38.3,44.0,48.1,39.6,43.9,34.0,Fail
2.0,60.7,29.7,41.7,40.8,35.9,37.7,26.4,Fail
7.4,74.1,58.9,46.7,49.0,70.6,51.3,55.8,Pass
13.6,63.7,59.3,60.9,62.5,57.9,61.1,41.7,Pass
10.9,83.4,80.6,72.6,71.8,78.6,74.7,68.9,Pass
10.0,71.2,75.4,34.3,64.2,53.1,58.6,58.4,Pass
7.8,62.2,45.1,41.1,47.4,56.6,44.8,60.7,Pass
2.9,50.8,34.2,38.2,31.3,45.0,34.2,34.8,Fail
1.4,75.0,26.8,34.8,49.6,31.9,38.3,36.2,Fail
24.2,98.5,100.0,89.3,86.9,100.0,91.6,100.0,Pass
6.0,64.0,46.6,58.8,55.5,53.4,53.8,63.7,Pass
4.7,73.1,53.5,51.1,45.7,39.4,49.7,41.3,Fail
7.1,66.8,49.9,56.0,68.6,59.0,59.2,52.5,Pass
3.6,59.5,32.2,30.8,30.0,40.6,30.9,29.1,Fail
5.1,60.9,50.2,36.5,35.3,47.8,40.1,50.1,Fail
17.5,79.1,89.0,76.9,80.6,78.4,82.0,87.9,Pass
8.3,66.8,56.4,53.9,65.5,49.0,59.3,60.7,Pass
9.5,71.9,52.4,70.5,76.8,49.7,67.6,51.4,Pass
6.3,80.4,55.5,52.3,65.7,57.6,58.6,53.2,Pass
12.6,93.3,77.3,81.0,78.3,66.7,78.8,83.4,Pass
12.4,65.3,62.8,64.5,59.5,64.1,62.0,81.9,Pass
5.9,70.8,44.3,43.6,48.2,57.3,45.6,58.6,Pass
6.8,69.8,70.7,40.4,54.2,68.8,55.0,60.7,Pass
13.8,80.8,59.7,72.8,70.2,79.1,67.8,67.6,Pass
7.1,64.9,71.9,43.5,56.3,52.4,57.1,46.9,Pass
5.5,71.0,51.6,43.8,55.3,37.4,50.7,24.5,Fail
5.7,55.8,55.3,34.1,46.2,40.1,45.3,45.2,Fail
5.1,93.2,59.9,49.6,62.3,51.8,57.8,47.7,Pass
7.0,70.7,48.2,53.4,58.7,57.6,54.0,57.2,Pass
5.2,72.1,62.7,40.8,47.7,45.7,50.1,41.9,Fail
7.0,59.5,56.8,38.9,45.2,67.9,46.8,47.4,Pass
4.3,59.6,45.7,40.0,55.2,47.1,47.8,36.6,Fail
8.4,58.3,60.1,52.3,57.5,60.3,56.7,66.5,Pass
9.2,82.7,62.1,55.8,64.6,67.9,61.2,72.9,Pass
10.1,63.2,41.6,70.1,48.4,52.3,52.9,55.8,Pass
9.3,69.6,45.8,53.8,64.9,54.4,55.8,68.4,Pass
12.1,73.4,66.0,64.6,68.7,64.4,66.7,75.0,Pass
7.3,72.5,53.8,57.1,68.4,66.4,60.6,52.2,Pass
7.0,58.1,50.7,48.5,54.0,58.8,51.4,45.2,Pass
4.7,72.5,48.4,34.8,50.7,49.9,45.2,36.8,Fail
10.6,82.7,57.0,51.6,63.1,68.6,57.8,64.1,Pass
4.9,60.6,36.9,31.0,58.6,49.6,43.8,49.0,Fail
2.0,62.1,35.9,23.0,49.5,22.4,37.5,22.6,Fail
4.5,70.4,56.2,45.0,54.2,48.1,52.0,35.2,Fail
11.1,75.4,58.3,69.4,72.9,53.8,67.5,73.1,Pass
9.9,63.9,67.3,59.2,64.4,57.6,63.7,61.7,Pass
7.9,75.1,50.0,57.5,46.6,66.2,50.9,57.2,Pass
21.4,97.8,100.0,77.3,100.0,91.9,93.2,83.7,Pass
8.5,82.3,57.6,58.7,68.5,73.7,62.3,69.1,Pass
4.1,69.5,46.6,46.2,42.6,52.3,44.9,33.3,Fail
3.8,70.7,46.4,56.1,54.1,46.8,52.4,42.3,Fail
9.3,68.0,63.7,55.5,55.8,59.1,58.1,63.7,Pass
15.0,70.7,73.2,81.3,71.2,68.1,74.8,82.9,Pass
6.9,67.7,55.2,48.2,57.1,42.0,53.9,38.1,Fail
8.6,88.4,63.1,60.1,67.2,56.0,63.8,66.2,Pass
8.9,66.4,53.2,61.7,58.3,53.2,57.8,55.1,Pass
21.9,89.8,99.5,87.9,84.9,100.0,90.2,100.0,Pass
11.7,77.1,67.2,46.4,69.6,58.6,61.9,54.6,Pass
13.3,73.0,73.1,53.6,83.5,66.9,71.4,57.3,Pass
4.0,76.7,52.6,67.0,55.0,56.9,57.9,60.9,Pass
4.9,78.6,50.0,46.3,53.6,38.1,50.3,54.7,Fail
4.6,86.9,74.4,53.1,65.3,40.9,64.4,27.5,Fail
6.0,60.8,60.1,33.8,54.1,44.9,49.8,50.4,Fail
7.2,71.9,51.6,51.9,54.3,55.5,52.8,48.1,Pass
8.3,70.7,74.2,62.9,68.7,58.2,68.6,63.3,Pass
6.6,62.4,59.3,28.3,56.3,59.1,48.8,37.9,Fail
4.6,60.2,38.5,42.1,50.0,35.8,44.2,35.7,Fail
3.4,65.4,53.5,40.6,47.4,30.8,47.2,37.3,Fail
8.8,66.8,61.0,54.0,59.3,39.9,58.2,34.9,Fail
10.3,64.5,61.3,72.8,67.7,59.9,67.3,48.5,Pass
6.1,68.3,60.8,43.1,52.1,53.2,52.0,45.2,Fail
2.2,53.8,43.3,29.1,57.8,38.1,44.8,21.4,Fail
11.6,70.2,48.2,56.5,60.0,64.0,55.4,63.8,Pass
6.0,70.1,42.2,67.0,48.9,49.3,52.3,44.9,Fail
2.8,62.3,37.4,38.2,51.6,41.1,43.3,39.0,Fail
6.8,66.1,69.4,51.7,57.3,53.9,59.2,54.0,Pass
12.0,88.9,75.9,43.0,78.8,62.0,67.2,63.3,Pass
5.3,77.6,58.2,47.1,67.2,56.6,58.5,55.6,Pass
1.1,62.0,41.7,31.4,44.7,39.9,39.8,21.1,Fail
5.8,58.8,41.9,43.3,51.7,32.3,46.2,30.8,Fail
4.4,71.8,38.7,39.7,46.4,42.1,42.1,20.6,Fail
7.6,89.3,70.0,42.4,60.0,50.1,57.7,51.8,Pass
6.9,79.2,70.9,47.5,51.1,54.2,56.0,62.6,Pass
5.1,55.7,52.3,53.7,43.7,38.7,49.3,38.7,Fail
4.9,64.3,45.2,43.0,46.6,47.4,45.1,34.8,Fail
14.0,70.9,66.0,47.4,66.2,60.7,60.5,51.9,Pass
9.2,63.6,63.0,40.6,58.3,59.7,54.4,41.7,Pass
9.1,80.0,61.3,57.5,61.3,83.4,60.2,63.5,Pass
11.2,82.4,65.9,50.7,75.7,70.5,65.3,64.5,Pass
5.9,81.3,51.9,50.4,48.6,65.6,50.1,58.2,Pass
16.1,84.7,72.3,82.8,87.2,82.1,81.4,93.9,Pass
8.3,69.6,56.5,54.9,64.1,47.7,59.1,54.1,Pass
7.4,70.4,43.3,40.0,49.5,50.2,44.8,45.6,Fail
8.2,62.6,60.1,50.2,48.6,59.1,52.5,58.8,Pass
5.8,77.9,40.0,53.9,58.7,52.9,51.6,52.8,Pass
4.6,59.6,55.6,33.5,53.4,39.5,48.1,47.1,Fail
12.7,72.0,62.8,51.2,63.3,75.0,59.5,64.1,Pass
3.2,61.4,43.9,36.6,36.5,39.1,38.8,39.5,Fail
3.4,40.0,43.3,46.4,36.8,20.5,41.6,30.8,Fail
6.5,74.7,53.1,39.1,34.6,57.8,41.5,49.6,Fail
4.0,57.2,39.3,34.2,49.1,42.5,41.7,26.8,Fail
2.2,68.2,47.2,26.2,42.1,48.6,38.9,37.7,Fail
3.3,60.4,62.3,30.6,49.8,42.8,47.8,30.5,Fail
4.1,61.3,52.9,38.2,61.3,36.9,51.8,43.7,Fail
8.5,61.3,49.3,47.7,53.3,57.1,50.4,52.7,Pass
6.2,78.5,53.1,23.5,62.4,50.2,47.9,48.8,Fail
11.5,86.7,65.2,59.9,69.7,72.4,65.4,66.8,Pass
3.2,71.8,39.7,55.9,45.2,54.5,46.8,40.1,Fail
3.6,66.4,51.9,40.8,59.9,39.3,51.8,50.7,Fail
7.8,70.4,54.1,47.6,54.4,52.7,52.3,56.6,Pass
4.4,74.0,53.5,38.1,57.0,25.5,50.3,24.0,Fail
5.6,65.7,30.0,35.4,51.5,62.2,40.2,49.2,Fail
3.4,74.6,54.7,42.1,54.6,45.0,50.9,28.5,Fail
3.2,56.1,38.5,40.1,47.7,33.3,42.7,45.9,Fail
4.3,73.0,42.5,58.4,54.6,57.0,52.1,56.4,Pass
11.9,84.6,58.5,55.7,66.6,82.2,60.9,87.4,Pass
2.7,54.5,34.4,46.2,38.3,23.9,39.5,13.6,Fail
12.7,68.5,62.5,71.4,69.7,64.2,68.1,58.1,Pass
11.3,73.2,71.7,54.5,55.1,68.1,59.9,59.0,Pass
5.1,69.5,47.5,37.0,54.7,37.3,47.2,32.0,Fail
6.9,63.3,60.7,33.1,51.5,44.3,48.7,38.0,Fail
8.2,70.6,59.9,51.0,67.2,45.2,60.2,43.2,Pass
10.0,55.5,71.2,48.3,46.6,56.8,54.5,54.0,Pass
3.6,70.4,44.3,50.2,52.5,36.2,49.4,39.9,Fail
10.6,79.2,68.3,61.3,70.0,88.4,66.9,76.9,Pass
7.3,80.9,68.9,33.4,63.8,71.3,56.2,67.2,Pass
3.8,69.2,53.4,40.1,59.8,34.3,52.0,38.8,Fail
7.3,65.8,53.0,50.3,55.9,37.0,53.4,47.3,Fail
3.7,56.3,40.4,35.1,46.4,26.3,41.2,41.5,Fail
6.8,61.7,36.6,53.4,42.7,46.5,44.1,52.7,Fail
5.2,65.5,48.1,37.7,52.1,47.9,46.6,46.1,Fail
7.5,62.2,46.3,56.4,52.3,41.0,51.7,31.0,Fail
7.8,63.2,50.2,43.0,53.6,50.1,49.4,62.2,Pass
13.6,76.0,70.4,60.9,61.7,70.7,64.1,58.6,Pass
9.6,58.6,44.3,68.3,68.6,47.4,61.2,46.4,Pass
8.7,62.5,48.2,37.9,50.0,66.7,45.8,38.9,Fail
2.1,64.3,46.6,36.5,43.0,41.0,42.1,48.7,Fail
11.7,76.2,56.1,62.9,56.9,72.5,58.5,63.7,Pass
5.3,73.3,52.2,39.4,44.2,71.0,45.2,53.6,Pass
3.4,65.3,35.2,43.0,36.0,32.5,37.9,20.2,Fail
19.5,83.6,88.3,85.4,99.3,100.0,91.8,99.0,Pass
4.4,70.4,55.2,44.8,41.1,61.6,46.4,56.2,Pass
14.4,78.8,82.3,68.1,72.9,90.1,74.3,74.5,Pass
8.2,62.1,65.0,53.3,55.3,60.3,57.6,54.1,Pass
9.3,64.8,60.2,44.9,55.0,41.3,53.5,53.2,Pass
6.8,81.6,44.0,44.7,52.2,59.0,47.5,44.1,Fail
3.8,90.3,54.7,50.1,54.1,46.4,53.1,49.8,Pass
10.3,78.2,67.7,53.9,58.5,66.6,59.9,56.4,Pass
7.9,61.4,55.2,47.3,62.4,62.2,55.7,55.1,Pass
7.8,84.6,74.3,30.6,76.5,61.0,62.1,55.8,Pass
7.2,65.2,64.3,53.2,65.9,42.7,61.6,55.7,Pass
5.9,70.5,53.2,57.5,41.3,39.1,49.7,44.6,Fail
10.3,72.2,68.2,61.2,51.5,56.5,59.4,41.3,Pass
9.1,72.4,48.2,60.0,49.3,59.6,52.2,58.3,Pass
11.0,69.7,64.4,65.0,69.1,77.2,66.5,68.8,Pass
6.0,77.6,45.2,45.9,52.2,55.3,48.2,53.3,Pass
5.7,65.4,49.6,35.9,69.1,46.3,53.3,39.5,Fail
4.9,70.8,45.6,48.2,52.1,46.5,49.0,30.9,Fail
7.3,73.5,51.4,59.0,65.4,54.5,59.3,39.4,Pass
2.2,61.8,36.4,25.5,50.6,44.2,38.8,32.8,Fail
24.8,77.7,89.7,95.5,89.4,95.4,91.3,100.0,Pass
4.6,58.9,42.3,42.4,41.4,53.7,42.0,42.6,Fail
13.4,81.8,76.4,63.9,85.9,81.1,76.5,75.4,Pass
5.3,68.8,49.1,41.5,40.6,45.6,43.4,45.1,Fail
9.6,65.0,58.3,54.8,59.4,83.6,57.7,73.2,Pass
16.9,80.6,80.3,66.5,86.5,92.3,78.6,84.9,Pass
9.3,72.8,62.7,80.9,66.3,61.5,69.6,65.1,Pass
16.4,84.3,69.5,60.2,77.5,89.2,69.9,94.8,Pass
12.9,90.0,70.7,43.0,72.8,70.8,63.2,78.4,Pass
3.7,46.2,43.2,37.3,33.2,30.1,37.4,39.6,Fail
10.4,82.2,58.4,59.2,60.7,62.2,59.6,78.1,Pass
8.4,71.8,50.4,56.2,70.6,58.1,60.2,54.7,Pass
4.4,57.0,36.5,13.2,46.9,24.2,33.7,28.1,Fail
12.3,76.1,69.0,44.6,66.0,55.4,60.5,52.7,Pass
3.1,75.3,46.4,36.6,54.5,47.6,46.7,42.6,Fail
11.9,88.2,69.0,71.1,70.0,69.8,70.0,69.3,Pass
10.4,64.3,45.8,37.6,52.2,76.9,45.9,71.7,Pass
7.4,62.1,54.0,50.8,51.0,58.2,51.8,49.9,Pass
4.7,55.3,47.0,37.0,37.2,46.0,40.1,31.8,Fail
10.3,74.2,65.0,57.6,76.7,68.1,67.5,63.0,Pass
1.7,64.3,54.2,34.6,49.9,35.4,46.6,16.5,Fail
4.2,72.9,44.2,42.3,55.4,53.1,48.1,43.3,Fail
6.9,71.8,59.2,47.9,54.1,53.1,53.8,45.0,Pass
7.4,76.0,60.3,60.2,59.7,60.3,60.0,64.4,Pass
4.3,54.1,48.5,38.3,42.8,38.8,43.2,47.1,Fail
4.3,79.2,49.9,53.4,44.1,60.5,48.6,47.9,Pass
9.4,81.7,69.4,52.1,73.2,56.1,65.7,43.3,Pass
3.7,60.2,39.6,48.3,51.2,23.4,46.8,21.9,Fail
5.5,60.3,45.3,40.1,52.6,41.5,46.7,41.1,Fail
3.1,69.7,45.6,37.2,48.5,56.1,44.2,35.1,Fail
7.1,56.0,49.2,28.6,45.8,54.9,41.7,46.6,Fail
6.1,61.4,53.6,35.6,54.8,57.9,48.7,61.7,Pass
1.6,53.7,41.4,25.6,33.4,33.9,33.5,24.9,Fail
2.7,62.5,46.3,20.3,39.7,38.8,35.9,34.5,Fail
13.8,73.0,80.1,55.8,67.0,66.5,67.6,73.2,Pass
4.5,59.1,45.1,45.9,43.0,38.5,44.5,30.0,Fail
8.6,63.3,64.6,56.9,53.9,56.5,58.0,48.8,Pass
3.6,59.2,36.4,22.6,49.8,39.2,37.6,33.7,Fail
15.0,68.5,69.5,80.1,65.9,75.2,71.2,77.1,Pass
2.1,66.9,43.7,43.9,45.3,42.4,44.4,41.7,Fail
13.1,84.7,61.1,83.7,77.4,72.7,74.4,64.4,Pass
7.4,72.1,56.8,59.3,67.0,59.7,61.6,53.8,Pass
10.1,83.2,66.1,75.0,70.7,79.5,70.6,44.8,Pass
13.9,70.0,73.6,66.8,58.7,90.6,65.6,78.6,Pass
8.0,63.6,58.9,41.5,55.7,46.9,52.4,52.1,Pass
17.2,84.2,69.4,76.2,86.6,96.9,78.3,92.3,Pass
13.8,81.1,81.5,45.5,69.5,80.5,65.9,92.9,Pass
9.9,72.0,57.7,53.3,72.4,72.6,62.3,58.8,Pass
12.6,74.9,62.8,61.0,78.7,88.2,68.6,73.3,Pass
7.0,59.9,55.9,54.1,57.5,64.6,56.0,51.0,Pass
3.9,43.4,47.6,36.3,48.9,25.3,44.7,33.4,Fail
22.8,91.8,89.4,84.1,100.0,100.0,92.0,100.0,Pass
7.2,76.5,57.0,37.4,59.9,47.6,52.3,58.3,Pass
8.3,66.5,63.8,43.1,65.6,57.3,58.3,50.1,Pass
2.8,58.9,35.8,33.9,35.0,56.7,34.9,27.5,Fail
14.4,72.0,48.0,58.3,74.8,79.9,61.8,84.3,Pass
8.1,66.7,60.5,25.9,61.4,53.9,50.5,54.1,Pass
9.4,79.3,69.9,55.4,83.6,56.2,71.0,64.1,Pass
10.2,64.8,47.1,49.4,57.2,57.1,51.8,47.4,Pass
4.4,70.4,49.8,37.9,60.4,56.1,50.5,39.6,Fail
14.2,73.1,66.3,66.0,79.1,66.8,71.3,64.4,Pass
8.6,54.4,54.5,43.4,54.2,66.0,51.0,62.0,Pass
1.7,59.3,24.6,43.3,26.8,43.8,31.1,16.5,Fail
12.6,88.2,61.5,58.1,70.6,63.4,64.1,58.3,Pass
6.6,62.4,55.5,37.7,53.1,62.3,49.2,53.4,Pass
4.7,63.7,47.4,34.4,56.4,32.4,47.1,21.1,Fail
2.3,62.8,55.5,37.4,48.3,23.8,47.2,30.2,Fail
5.5,68.2,56.2,45.6,54.0,54.6,52.1,42.5,Fail
5.2,78.6,46.3,41.1,60.7,59.4,50.5,28.2,Fail
13.4,69.7,73.5,61.8,76.5,67.9,71.2,78.7,Pass
4.9,66.0,63.3,45.7,59.9,39.8,56.7,24.2,Fail
2.6,69.2,45.4,43.4,41.3,39.9,43.2,39.8,Fail
9.5,65.7,61.9,51.3,67.9,61.4,61.1,66.2,Pass
13.8,77.1,77.3,57.5,83.7,74.5,73.9,76.8,Pass
5.8,74.8,52.7,39.4,74.5,44.5,57.4,52.9,Pass
19.1,78.8,64.9,79.1,86.2,78.2,77.7,76.0,Pass
12.5,73.6,71.5,67.4,77.9,66.8,72.8,62.0,Pass
14.5,68.2,75.9,65.3,76.2,64.3,72.8,80.9,Pass
9.3,78.7,73.9,51.7,70.9,66.0,66.0,73.2,Pass
8.7,71.7,50.1,46.9,67.3,68.3,56.0,76.7,Pass
4.8,62.4,39.9,48.4,37.0,40.3,41.3,35.1,Fail
16.7,77.6,71.2,60.1,81.1,89.4,71.8,86.2,Pass
15.2,78.2,72.5,63.7,79.0,92.2,72.5,91.0,Pass
16.9,83.0,83.0,85.9,78.5,79.4,82.1,81.4,Pass
7.0,63.2,44.0,56.7,42.4,55.3,47.2,32.8,Fail
5.8,62.4,57.9,45.2,49.6,47.9,50.8,50.4,Pass
10.9,71.0,70.3,52.4,68.7,53.6,64.3,58.2,Pass
5.3,67.6,58.3,41.3,52.1,47.7,50.7,47.3,Fail
7.0,81.2,55.9,51.5,62.3,53.0,57.1,58.4,Pass
1.9,55.9,22.7,52.1,32.1,31.8,35.3,34.5,Fail
8.3,56.7,66.4,56.7,58.0,51.2,60.1,53.9,Pass
9.9,83.1,60.0,65.6,69.1,61.6,65.3,63.8,Pass
14.7,70.6,76.3,63.6,65.3,86.2,68.1,84.7,Pass
11.1,85.1,68.7,56.2,61.2,50.2,62.0,52.5,Pass
12.2,84.6,78.8,61.2,79.8,63.7,73.9,65.3,Pass
18.4,86.4,82.3,86.0,87.3,89.8,85.4,85.8,Pass
4.2,74.8,51.4,57.6,45.6,41.1,50.9,38.8,Fail
3.8,49.9,44.0,28.2,40.5,43.5,37.9,34.4,Fail
8.0,58.8,57.0,26.6,58.9,52.8,48.6,36.5,Fail
3.5,66.5,37.1,37.1,40.4,41.1,38.4,32.0,Fail
8.6,67.2,72.4,60.3,72.3,58.5,68.7,63.7,Pass
3.5,57.9,43.8,32.0,49.2,38.8,42.4,32.5,Fail
4.0,71.3,54.0,45.7,57.5,36.6,52.9,38.7,Fail
2.3,64.8,56.2,26.1,48.2,43.5,44.0,52.0,Fail
8.2,78.2,59.8,49.9,66.5,48.2,59.5,55.5,Pass
2.9,60.5,36.0,29.4,58.6,39.2,43.1,47.2,Fail
9.6,71.4,52.4,52.6,58.5,62.8,54.9,62.0,Pass
10.5,84.9,62.9,61.2,66.1,63.8,63.7,60.9,Pass
4.5,55.1,48.2,44.9,61.6,37.3,52.6,33.7,Fail
11.3,72.9,68.0,54.3,76.5,60.6,67.3,66.4,Pass
10.6,65.7,69.9,44.5,63.1,45.8,59.6,56.9,Pass
12.9,89.0,60.2,51.9,68.5,90.4,61.0,89.6,Pass
4.3,84.4,55.7,55.3,53.5,57.9,54.7,67.4,Pass
4.2,66.7,53.3,33.6,64.8,45.5,52.0,48.6,Fail
10.2,76.2,67.9,61.1,67.0,58.2,65.5,61.8,Pass
7.9,68.7,37.1,35.2,62.8,52.9,46.8,56.5,Pass
8.3,68.8,54.3,64.6,60.4,53.7,59.8,57.7,Pass
14.9,78.5,79.9,92.5,79.6,94.8,83.6,86.4,Pass
2.6,52.3,34.4,36.8,44.7,19.1,39.2,22.3,Fail
11.8,79.4,57.9,58.2,67.9,56.2,62.0,59.8,Pass
10.6,64.8,65.2,67.5,61.5,48.2,64.4,58.9,Pass
9.9,69.0,62.9,49.6,74.0,67.3,63.4,54.3,Pass
12.3,75.0,68.9,61.3,68.5,63.0,66.5,66.1,Pass
6.4,61.6,46.1,19.6,55.6,51.0,42.0,60.1,Pass
3.4,68.9,37.0,39.0,54.9,42.8,44.8,28.5,Fail
4.9,62.1,56.0,51.7,54.9,55.0,54.3,41.3,Fail
4.5,73.9,77.9,39.2,62.3,55.5,60.0,43.2,Pass
0.9,54.1,25.1,26.5,25.2,32.7,25.6,35.3,Fail
10.0,70.7,69.4,50.7,66.3,69.4,62.6,66.5,Pass
5.9,58.5,48.0,60.3,59.4,38.3,56.2,47.7,Fail
6.4,75.5,58.0,50.0,73.7,33.8,61.9,52.1,Pass
5.1,63.6,48.8,42.5,58.7,49.8,50.9,63.7,Pass
7.0,63.9,70.7,42.7,59.2,50.4,57.7,33.4,Fail
16.2,77.9,69.4,79.4,82.1,74.7,77.5,100.0,Pass
2.3,61.9,38.4,28.3,48.6,35.0,39.4,41.7,Fail
17.8,84.6,81.6,86.6,70.4,72.4,78.6,100.0,Pass
8.2,74.2,63.2,50.5,53.4,51.5,55.5,50.3,Pass
5.3,65.1,60.8,53.5,54.2,60.6,56.0,49.8,Pass
5.7,66.5,55.3,40.8,53.0,55.7,50.0,39.8,Fail
4.0,40.0,41.8,41.2,37.8,44.0,40.0,23.3,Fail
1.7,58.4,37.4,38.2,43.9,32.5,40.2,29.5,Fail
3.6,75.8,54.0,41.3,55.8,51.4,50.9,39.8,Fail
7.1,72.1,50.1,61.0,46.2,68.8,51.8,54.6,Pass
6.1,58.7,51.4,54.8,41.7,57.3,48.5,41.6,Fail
9.2,67.9,57.0,46.4,57.6,64.8,54.1,62.7,Pass
5.1,61.3,40.7,35.1,52.6,23.0,43.8,36.2,Fail
4.7,74.2,64.1,41.7,53.9,53.9,53.3,47.5,Pass
21.2,93.2,82.5,82.3,89.7,96.9,85.3,95.2,Pass
4.1,58.7,42.7,48.1,56.4,33.8,49.8,28.1,Fail
4.2,65.1,35.3,43.7,52.1,50.2,44.5,42.9,Fail
12.2,65.6,62.7,50.1,64.8,65.8,59.8,57.6,Pass
10.6,67.7,65.0,47.6,76.8,65.7,64.5,65.3,Pass
5.5,61.9,42.3,43.6,50.5,41.1,46.0,32.4,Fail
11.1,67.7,48.0,64.1,69.2,51.9,61.3,68.1,Pass
7.6,72.0,53.8,63.8,51.6,74.7,55.9,54.5,Pass
5.2,77.0,52.2,47.2,45.5,40.7,48.0,55.1,Fail
10.2,71.8,60.1,54.3,58.3,57.3,57.6,64.2,Pass
7.1,60.1,64.9,43.6,59.3,58.1,56.3,44.3,Pass
1.8,63.8,45.4,28.4,43.3,49.0,39.5,38.9,Fail
10.2,73.9,64.6,55.2,64.0,65.2,61.5,72.4,Pass
6.5,66.3,55.5,41.5,56.6,58.4,51.7,44.9,Pass
15.5,93.5,81.6,68.8,84.3,88.3,78.8,81.7,Pass
11.4,75.6,61.9,64.3,76.1,59.3,68.3,66.0,Pass
7.9,74.1,50.5,37.9,55.1,45.5,48.6,58.9,Pass
5.6,48.8,65.6,22.3,39.6,49.9,42.2,41.8,Fail
7.0,60.7,51.0,37.0,64.9,55.1,52.4,52.5,Pass
3.9,68.8,48.6,47.9,46.7,70.0,47.6,59.7,Pass
7.9,71.8,57.7,53.5,67.8,49.2,60.5,46.1,Pass
16.1,76.3,69.0,78.0,80.0,81.2,76.1,73.4,Pass
19.0,86.4,85.3,63.5,98.2,90.8,83.9,100.0,Pass
13.6,83.7,62.1,70.5,69.5,63.6,67.6,76.2,Pass
7.6,65.3,60.5,35.1,63.4,47.2,54.0,37.1,Fail
2.6,58.1,40.6,25.5,41.2,41.0,36.3,46.8,Fail
6.8,66.1,62.5,34.8,51.8,54.8,49.9,55.4,Pass
11.8,78.1,71.2,50.3,82.1,62.2,69.3,69.5,Pass
11.1,68.7,66.0,80.4,60.3,65.0,68.0,62.7,Pass
6.4,74.5,48.8,52.5,50.7,71.2,50.7,51.6,Pass
6.1,63.5,51.8,27.7,45.0,46.7,41.8,47.3,Fail
8.8,66.1,63.5,36.7,57.1,49.7,52.9,61.3,Pass
7.3,87.5,61.8,53.7,64.8,78.6,60.6,55.4,Pass
6.7,58.2,40.0,45.8,49.4,51.7,45.5,47.0,Fail
6.5,74.1,63.1,42.1,61.1,45.0,56.0,53.9,Pass
14.6,63.1,74.2,78.1,60.3,82.7,69.8,85.8,Pass
3.6,69.6,36.1,32.3,47.5,33.7,39.5,30.4,Fail
5.9,88.6,59.4,58.5,51.1,49.1,55.8,50.1,Pass
6.1,75.8,61.5,54.7,54.9,48.8,56.8,43.7,Fail
7.8,80.1,54.8,73.8,59.6,53.0,62.4,54.7,Pass
7.1,67.8,43.9,69.6,54.5,48.1,55.8,50.0,Pass
6.9,75.8,47.9,55.4,59.9,45.6,55.0,49.7,Pass
3.7,66.4,46.4,40.1,39.7,44.1,41.8,48.4,Fail
7.1,84.7,67.1,55.0,60.1,47.5,60.7,51.5,Pass
10.1,63.3,50.5,58.6,75.7,47.9,63.0,41.8,Pass
7.9,79.0,50.9,35.4,60.0,61.1,49.9,50.4,Pass
3.6,67.7,45.1,26.4,47.2,39.9,40.3,59.8,Fail
7.5,61.7,59.0,55.7,42.4,52.8,51.4,43.9,Fail
7.2,66.4,68.4,59.7,59.3,51.6,62.2,53.9,Pass
5.7,54.0,48.3,54.4,37.6,65.9,45.8,60.5,Pass
8.0,43.5,43.7,41.6,31.6,47.4,38.2,61.0,Fail
4.8,56.2,40.1,42.6,49.6,41.5,44.7,40.5,Fail
10.3,69.3,72.4,50.9,68.2,65.0,64.3,69.1,Pass
18.4,82.7,71.5,92.7,72.4,93.0,78.2,91.9,Pass
10.8,62.5,61.9,50.9,52.6,69.5,54.9,57.8,Pass
4.3,62.6,57.9,33.1,44.7,44.4,45.2,39.8,Fail
10.0,73.9,60.9,54.0,77.9,66.4,65.6,57.3,Pass
11.4,69.1,54.9,53.8,66.4,71.5,59.2,78.2,Pass
8.7,61.8,60.2,48.9,62.3,64.9,57.6,71.6,Pass
9.3,65.3,59.0,59.9,68.8,54.8,63.2,57.2,Pass
6.7,78.7,60.8,50.6,70.5,42.1,61.6,40.2,Fail
3.2,50.0,46.0,29.2,43.7,21.0,40.0,19.3,Fail
6.5,77.0,60.2,42.7,62.0,58.2,55.7,62.2,Pass
3.9,75.6,52.8,37.7,52.7,48.1,48.2,36.2,Fail
6.1,64.5,57.0,27.0,40.1,35.4,41.2,28.4,Fail
5.1,69.8,61.9,51.8,56.4,48.9,56.7,52.3,Pass
3.7,58.2,38.6,43.2,41.1,37.1,41.0,39.5,Fail
14.3,79.3,70.3,80.3,54.6,70.5,67.0,65.8,Pass
7.1,86.3,66.4,55.6,58.2,42.6,59.9,48.7,Pass
5.2,76.4,52.7,32.0,51.7,45.7,46.1,51.7,Fail
2.3,58.7,32.1,36.1,48.0,40.2,39.7,38.6,Fail
11.1,62.8,63.7,56.8,62.3,78.4,61.1,65.2,Pass
8.1,67.4,52.5,56.3,52.4,43.9,53.6,42.6,Fail
19.8,85.9,100.0,96.2,82.2,90.9,91.7,89.9,Pass
4.5,71.2,58.3,31.6,51.6,60.4,47.6,49.6,Pass
13.7,75.6,79.4,69.1,75.2,82.7,74.6,83.8,Pass
6.5,82.1,58.0,48.3,63.9,63.0,57.4,58.3,Pass
4.0,65.1,50.0,63.2,54.9,45.9,55.9,31.2,Fail
5.5,62.8,47.1,50.7,40.8,55.1,45.7,51.4,Fail
7.6,73.3,50.5,47.7,60.0,48.5,53.5,38.7,Fail
5.2,71.8,44.6,56.6,51.4,41.6,50.9,55.0,Pass
3.3,57.9,61.1,34.5,45.6,24.7,46.9,43.8,Fail
3.9,57.2,48.1,44.0,47.8,40.8,46.8,35.9,Fail
9.5,58.3,45.9,47.0,68.4,61.8,55.2,52.2,Pass
3.6,62.0,53.5,39.1,46.0,44.9,46.2,42.6,Fail
4.8,75.5,73.2,55.9,58.0,65.7,61.9,46.1,Pass
3.7,69.8,36.1,37.3,41.0,37.1,38.4,29.0,Fail
8.2,78.8,64.8,25.4,55.4,66.5,49.2,45.4,Pass
25.0,84.8,86.5,84.4,90.3,100.0,87.4,100.0,Pass
9.3,69.9,68.8,66.3,51.8,70.2,61.2,68.5,Pass
4.4,50.0,26.7,51.4,37.2,40.7,38.3,32.4,Fail
8.2,77.9,60.4,46.1,74.5,58.3,61.8,59.9,Pass
4.6,76.3,55.6,29.9,48.9,49.7,45.2,41.1,Fail
7.8,60.8,42.8,43.2,51.3,52.3,46.3,48.4,Fail
15.2,91.2,81.3,79.9,72.0,96.3,77.2,83.9,Pass
6.8,66.3,49.8,44.6,53.0,32.0,49.5,48.4,Fail
8.5,61.5,69.2,31.2,51.5,46.9,50.7,47.2,Fail
7.0,65.9,42.4,52.0,51.3,46.8,48.8,41.3,Fail
11.6,78.9,74.1,69.5,68.2,78.2,70.4,63.4,Pass
10.1,71.7,60.9,69.4,63.0,59.3,64.3,49.2,Pass
5.7,62.2,60.4,24.5,60.7,44.9,49.8,45.4,Fail
10.1,76.9,73.8,66.7,79.8,61.7,74.1,50.2,Pass
7.8,74.8,56.0,52.5,72.3,63.4,61.5,66.4,Pass
5.4,65.1,50.0,37.2,52.5,45.6,47.2,46.1,Fail
5.5,63.7,57.4,28.2,53.8,53.4,47.2,23.6,Fail
7.7,64.9,59.0,31.5,57.8,60.7,50.3,49.5,Pass
8.4,73.9,58.0,45.0,66.4,75.3,57.5,53.6,Pass
6.4,54.8,42.6,35.4,44.5,53.8,41.2,28.8,Fail
8.6,64.2,59.4,49.0,51.5,60.0,53.1,62.4,Pass
4.3,63.9,38.9,53.8,33.7,61.7,41.3,50.6,Fail
3.5,57.9,49.6,36.5,52.4,50.0,46.8,47.6,Fail
2.6,65.2,53.6,23.1,48.8,39.2,42.5,36.2,Fail
9.4,72.6,54.0,44.7,56.0,57.1,52.0,66.8,Pass
2.4,82.7,46.3,44.0,62.3,56.2,52.0,46.8,Pass
8.5,64.1,51.2,43.0,52.6,51.3,49.3,60.5,Pass
5.2,66.2,58.7,41.9,63.6,50.8,55.6,50.5,Pass
5.8,59.3,49.8,53.0,44.6,33.5,48.7,45.9,Fail
5.8,82.5,53.4,54.2,59.5,53.1,56.1,54.8,Pass
22.8,100.0,100.0,85.2,100.0,100.0,95.6,100.0,Pass
4.8,53.2,41.7,30.0,42.1,31.6,38.3,21.0,Fail
3.9,63.4,45.2,57.2,38.8,51.4,46.2,46.5,Fail
17.8,81.6,71.2,68.3,82.4,66.2,74.8,78.2,Pass
2.8,60.6,50.5,57.8,40.4,52.3,48.6,29.5,Fail
3.2,60.0,35.7,51.6,33.0,34.0,39.4,32.6,Fail
11.2,79.6,77.7,58.7,58.0,64.7,64.1,63.9,Pass
8.7,84.7,64.7,44.3,67.1,74.3,59.5,68.3,Pass
5.4,72.9,51.4,45.5,38.2,46.5,44.4,51.7,Fail
3.6,71.2,48.5,52.6,48.1,54.0,49.6,45.9,Fail
1.6,59.1,54.6,29.9,49.1,41.1,45.0,29.2,Fail
15.7,87.0,66.7,59.4,68.8,92.4,65.4,69.7,Pass
10.2,80.4,54.3,52.5,56.2,73.7,54.5,62.5,Pass
14.8,74.0,79.5,69.6,78.0,75.2,75.9,76.7,Pass
12.3,72.9,59.1,64.5,49.3,79.7,56.8,86.6,Pass
8.9,58.1,49.3,49.8,55.3,56.9,51.8,43.3,Fail
4.8,54.9,42.5,35.1,43.0,44.1,40.5,23.1,Fail
3.6,60.9,54.5,37.0,58.0,56.4,50.6,46.7,Pass
13.0,67.0,72.6,56.2,80.6,71.3,70.9,70.2,Pass
5.2,72.7,51.1,45.8,56.1,48.2,51.5,38.0,Fail
3.7,63.2,49.6,41.3,43.1,57.4,44.5,49.0,Fail
4.5,69.7,52.9,40.1,52.5,46.6,48.9,32.2,Fail
13.5,66.4,58.9,53.7,74.2,59.2,63.5,85.6,Pass
4.0,75.2,43.1,53.9,56.1,33.9,51.5,45.1,Fail
5.5,70.5,35.9,47.4,34.9,48.6,39.0,52.6,Fail
6.5,71.0,66.2,53.5,47.6,48.6,55.0,49.5,Pass
7.9,77.1,53.6,45.0,65.6,66.7,55.8,60.8,Pass
3.8,67.1,47.8,39.3,40.1,38.6,42.2,34.1,Fail
6.4,59.6,55.0,37.1,55.0,36.0,49.6,44.6,Fail
11.3,78.6,58.4,72.2,73.4,69.1,68.5,69.6,Pass
19.9,77.6,76.3,68.4,89.7,75.5,79.3,99.5,Pass
3.3,65.6,38.9,29.6,49.8,41.4,40.5,36.5,Fail
3.7,58.3,21.7,38.3,38.9,40.9,33.6,38.6,Fail
4.1,78.2,51.1,33.1,43.8,43.9,42.8,32.4,Fail
9.8,77.1,81.4,68.5,80.5,53.0,77.2,65.1,Pass
3.5,72.3,44.5,28.1,36.0,37.1,36.2,37.9,Fail
6.2,61.4,46.8,41.9,52.4,46.5,47.6,48.1,Fail
5.8,69.4,49.5,41.4,49.7,38.0,47.2,47.7,Fail
20.8,86.5,90.0,85.1,100.0,99.8,92.5,100.0,Pass
4.8,66.6,56.6,35.0,52.3,50.2,48.4,39.7,Fail
4.6,50.0,37.5,39.9,37.7,41.3,38.3,47.0,Fail
9.8,87.5,69.6,50.7,66.0,58.9,62.5,64.7,Pass
8.2,69.5,56.6,41.3,65.3,53.3,55.5,52.3,Pass
4.4,69.3,52.0,40.0,58.9,59.1,51.2,51.8,Pass
14.0,66.3,71.5,61.4,75.3,76.3,70.0,77.9,Pass
2.7,75.0,40.1,37.2,49.1,41.5,42.8,33.7,Fail
6.6,79.0,52.7,45.8,51.6,61.0,50.2,61.9,Pass
5.6,73.6,57.0,58.0,50.6,32.2,54.7,48.7,Fail
6.3,69.7,52.4,49.0,58.3,74.2,53.7,37.2,Pass
4.4,84.0,60.3,47.9,64.2,40.1,58.1,32.6,Fail
6.4,75.5,53.7,57.6,46.8,56.9,52.1,39.7,Fail
7.7,58.3,61.0,34.3,43.5,42.0,46.0,34.1,Fail
1.2,63.2,25.7,52.1,38.5,27.4,38.7,35.7,Fail
5.1,70.8,54.0,28.8,55.1,56.2,46.9,40.1,Fail
4.1,65.8,37.6,51.6,48.9,44.0,46.3,47.3,Fail
17.2,85.2,88.9,59.0,88.5,86.0,79.8,90.9,Pass
8.8,82.1,61.0,54.3,60.8,64.8,58.9,62.4,Pass
3.9,63.2,44.0,33.8,56.2,47.5,45.8,35.6,Fail
4.9,62.8,42.0,55.2,59.5,51.3,53.0,37.2,Fail
5.7,58.2,54.2,49.0,54.5,54.5,52.8,39.6,Fail
4.9,51.0,49.6,35.9,42.9,24.5,42.8,37.3,Fail
9.1,68.4,56.5,56.9,40.8,51.9,50.3,56.9,Pass
15.6,73.3,78.5,70.2,72.1,69.9,73.4,53.1,Pass
0.6,59.1,40.7,37.4,40.8,42.4,39.8,40.9,Fail
5.5,61.9,50.3,40.8,55.4,53.2,49.5,43.5,Fail
19.8,75.2,88.4,71.1,83.9,95.1,81.4,96.1,Pass
5.7,62.4,64.6,23.6,52.9,37.0,47.6,46.6,Fail
7.9,73.6,60.1,47.7,72.1,45.8,61.2,40.8,Fail
1.4,57.4,42.3,33.6,33.3,19.1,36.1,11.6,Fail
13.9,75.2,77.7,55.4,62.5,76.0,64.9,67.9,Pass
3.3,80.7,43.2,41.8,34.8,32.9,39.4,45.8,Fail
8.6,78.9,59.4,63.7,69.7,68.2,64.8,60.6,Pass
3.7,66.3,44.2,40.5,38.8,37.0,40.9,45.2,Fail
0.9,63.2,43.2,26.1,39.5,29.2,36.6,7.0,Fail
8.2,64.2,57.4,57.4,63.3,52.8,59.8,50.4,Pass
10.3,69.0,75.4,56.9,76.3,50.8,70.2,47.3,Pass
6.5,65.6,64.7,47.4,56.4,58.8,56.2,58.6,Pass
3.0,64.4,33.2,33.8,37.6,30.0,35.1,28.6,Fail
22.0,86.0,92.7,73.6,96.7,95.7,88.6,93.4,Pass
10.1,63.1,64.8,55.2,54.4,68.8,57.8,59.0,Pass
7.5,73.8,57.8,53.3,58.8,38.8,56.8,33.2,Fail
12.7,70.7,62.5,54.2,58.6,56.2,58.4,64.7,Pass
4.9,81.3,65.2,47.5,52.1,46.7,54.6,35.4,Fail
18.1,91.7,86.4,86.2,100.0,90.9,91.8,83.1,Pass
10.2,58.9,49.7,43.0,66.0,62.5,54.2,59.0,Pass
12.0,72.4,73.5,63.3,64.6,69.1,66.9,50.3,Pass
5.5,79.5,58.6,46.1,54.4,56.3,53.2,46.3,Pass
3.3,69.3,42.2,48.2,53.1,47.1,48.4,34.9,Fail
7.5,69.7,49.8,58.6,53.9,60.4,54.1,64.4,Pass
5.0,47.4,37.9,38.4,52.4,28.3,43.8,39.0,Fail
19.3,81.4,92.5,77.8,77.0,85.8,81.9,85.1,Pass
2.7,64.9,49.6,35.2,46.3,38.4,44.0,27.4,Fail
14.6,61.1,75.2,52.9,65.3,71.7,64.6,75.9,Pass
2.1,67.4,46.1,40.0,47.7,36.7,44.9,32.6,Fail
3.7,58.8,39.6,38.4,46.1,38.5,41.8,46.5,Fail
2.0,64.8,37.1,28.8,43.8,32.8,37.3,32.5,Fail
4.9,66.9,58.5,24.8,55.6,44.5,47.2,43.7,Fail
5.9,65.0,54.9,49.2,55.3,69.6,53.4,58.1,Pass
4.5,71.7,48.4,39.6,43.9,47.3,44.0,55.4,Fail
8.6,72.6,59.2,58.2,60.3,49.0,59.3,53.7,Pass
6.0,88.9,66.7,38.2,61.7,64.1,56.2,60.8,Pass
1.4,75.9,50.1,37.7,47.4,24.1,45.3,27.7,Fail
3.6,56.2,43.3,36.7,60.2,41.9,48.1,30.4,Fail
5.4,76.0,53.2,44.0,55.7,50.9,51.4,52.0,Pass
12.4,69.0,60.8,73.8,78.6,83.4,71.8,67.9,Pass
7.2,59.2,52.3,47.1,39.9,52.6,45.8,39.3,Fail
5.0,54.2,44.0,24.0,42.7,54.6,37.5,40.4,Fail
2.4,60.0,42.4,31.7,41.9,37.3,39.0,37.2,Fail
7.4,76.9,53.5,36.0,70.2,58.7,54.9,53.5,Pass
14.0,78.1,60.7,78.1,57.4,70.7,64.6,84.1,Pass
5.6,70.8,60.1,47.2,62.1,46.4,57.0,52.2,Pass
3.8,40.0,44.2,31.9,44.2,40.2,40.5,52.7,Fail
9.4,69.4,57.5,40.3,65.1,69.2,55.4,60.3,Pass
12.6,66.7,62.6,61.0,65.6,51.8,63.3,67.1,Pass
6.1,54.7,37.5,51.5,49.1,65.5,46.3,62.4,Pass
10.0,62.4,67.2,57.9,61.4,63.6,62.1,47.7,Pass
5.2,66.8,60.5,48.1,48.7,44.8,52.1,54.2,Pass
10.3,77.6,63.2,70.0,72.6,70.3,69.0,52.3,Pass
14.4,70.0,72.4,77.9,73.3,69.9,74.4,84.7,Pass
11.2,78.2,58.0,60.2,61.8,74.2,60.2,71.5,Pass
9.2,77.6,62.4,59.9,67.1,68.5,63.5,60.7,Pass
17.1,83.2,73.7,88.8,80.3,87.7,80.9,79.2,Pass
5.8,60.1,44.2,33.7,47.0,37.7,42.2,30.1,Fail
9.2,67.1,56.2,56.3,48.2,59.0,53.0,54.3,Pass
5.9,69.7,49.3,36.2,50.3,51.0,45.8,43.1,Fail
9.2,65.3,57.0,48.2,55.7,65.5,53.8,53.1,Pass
10.1,77.3,71.8,68.6,69.3,60.3,69.8,57.4,Pass
11.6,65.1,45.8,49.2,59.6,60.3,52.3,69.0,Pass
6.9,71.3,50.9,57.8,75.2,66.0,62.7,67.7,Pass
1.8,69.4,49.5,30.8,35.7,53.7,38.4,35.2,Fail
6.0,68.7,54.2,55.3,45.8,51.6,51.2,47.8,Fail
9.9,64.0,52.8,66.0,56.2,71.7,58.1,53.9,Pass
8.2,56.8,70.3,39.1,59.9,51.4,56.8,47.7,Pass
8.9,61.8,77.9,55.8,59.0,45.9,63.7,45.5,Pass
10.5,76.5,63.8,67.2,62.1,60.3,64.1,68.0,Pass
3.2,62.2,37.1,33.7,36.6,33.7,35.9,26.3,Fail
10.8,68.2,60.1,60.9,66.9,60.2,63.1,64.6,Pass
17.6,84.3,71.5,64.0,100.0,82.5,80.6,79.6,Pass
5.4,50.6,49.2,59.3,39.9,63.7,48.5,61.7,Pass
11.7,71.9,69.6,52.0,72.1,59.7,65.3,69.8,Pass
7.2,59.8,60.2,43.2,65.9,41.2,57.4,45.7,Fail
8.7,59.6,58.5,47.8,58.3,65.3,55.2,65.2,Pass
11.1,69.2,64.8,57.5,67.8,49.9,63.8,65.3,Pass
8.1,89.5,55.0,59.2,64.1,65.5,59.9,65.0,Pass
5.2,71.3,42.0,48.1,64.6,49.0,52.9,36.2,Fail
8.3,60.9,38.7,38.5,59.6,49.6,47.0,59.9,Pass
3.8,74.2,50.5,30.7,59.6,37.3,48.2,47.0,Fail
2.5,52.5,47.7,48.9,41.5,27.3,45.6,24.6,Fail
1.3,73.7,53.9,46.7,52.3,45.5,51.1,40.0,Fail
14.9,70.8,77.7,53.8,74.2,83.9,69.1,62.8,Pass
9.0,71.7,56.6,56.3,66.6,53.8,60.5,41.1,Pass
10.2,88.9,81.9,67.0,69.5,67.3,72.5,65.0,Pass
7.9,66.7,48.2,67.6,64.6,46.3,60.6,57.4,Pass
2.1,77.2,39.4,34.6,51.7,42.6,42.9,39.6,Fail
14.3,76.6,77.7,74.8,72.2,71.0,74.6,74.1,Pass
5.2,65.5,61.3,49.4,59.3,49.4,56.9,45.5,Pass
1.4,54.6,53.5,25.5,39.7,31.4,39.6,28.5,Fail
5.9,78.4,63.3,44.5,50.0,41.4,52.3,39.2,Fail
13.4,72.1,74.3,55.7,69.9,71.7,67.0,77.7,Pass
3.8,79.8,58.0,46.6,52.6,47.5,52.4,47.4,Fail
5.6,61.7,47.5,28.8,42.6,39.9,39.9,55.7,Fail
5.3,62.7,43.0,40.4,53.3,53.7,46.3,51.0,Fail
3.7,72.5,51.3,38.0,54.1,43.9,48.4,58.4,Pass
7.3,67.9,41.4,29.6,54.6,55.1,43.1,47.6,Fail
4.0,67.1,45.7,43.4,54.9,60.4,48.7,55.0,Pass
14.7,67.2,65.3,70.2,68.9,90.9,68.2,95.3,Pass
2.3,63.6,48.3,22.9,35.1,25.9,35.4,18.4,Fail
3.0,66.6,47.7,38.3,43.0,47.9,43.0,29.5,Fail
5.6,80.5,67.2,35.1,53.5,50.0,52.1,49.2,Pass
6.8,64.3,59.5,47.1,52.9,53.9,53.1,53.7,Pass
4.4,68.0,44.1,52.2,50.6,57.1,49.1,61.4,Pass
10.5,82.3,71.1,54.1,83.4,72.8,70.9,63.0,Pass
6.1,67.7,38.7,42.7,41.3,48.8,40.9,29.7,Fail
9.3,79.8,68.4,74.4,72.2,73.8,71.7,66.4,Pass
14.1,96.9,71.3,63.5,73.1,76.4,69.7,79.2,Pass
16.8,80.4,72.9,63.6,83.5,84.7,74.4,89.1,Pass
5.7,77.4,65.4,46.8,53.8,58.6,55.2,43.3,Pass
7.2,72.8,59.4,70.8,60.3,63.9,63.2,40.6,Pass
8.1,76.6,57.6,54.3,72.6,43.4,62.6,64.7,Pass
5.8,72.6,61.5,40.0,46.1,43.0,48.9,49.5,Fail
3.5,72.7,60.6,46.2,54.4,38.3,53.8,51.8,Fail
12.2,82.6,61.2,69.2,73.4,70.2,68.5,60.1,Pass
3.5,63.6,40.4,44.1,53.6,48.6,46.8,40.9,Fail
12.8,70.9,73.4,67.9,70.8,72.2,70.7,77.0,Pass
8.9,74.1,62.5,61.5,86.7,68.5,71.9,68.9,Pass
7.9,57.9,38.3,45.7,60.6,67.9,49.4,67.1,Pass
4.2,70.0,63.7,40.6,57.5,45.7,54.3,33.7,Fail
1.6,67.9,39.7,43.1,46.8,40.9,43.6,32.7,Fail
12.0,73.0,57.9,37.7,71.3,77.4,57.2,76.6,Pass
4.2,65.4,48.1,17.3,50.4,33.0,39.8,37.6,Fail
9.2,78.3,69.1,49.4,66.4,65.7,62.1,43.9,Pass
9.5,77.4,71.3,52.2,55.4,62.4,59.2,65.4,Pass
6.8,75.6,56.7,55.1,62.5,42.0,58.5,50.3,Pass
8.0,75.8,79.0,47.2,68.0,66.2,65.1,54.2,Pass
8.8,71.4,81.6,62.8,67.0,71.3,70.1,62.5,Pass
7.6,69.0,59.5,50.3,61.0,63.1,57.3,38.4,Pass
3.9,68.1,47.7,33.6,54.9,36.8,46.4,50.7,Fail
2.3,74.4,44.2,50.0,51.3,62.8,48.8,43.9,Fail
4.5,67.5,48.0,44.3,51.2,55.0,48.2,38.8,Fail
5.4,76.9,65.8,34.4,60.0,56.4,54.1,62.9,Pass
14.5,61.1,70.0,69.1,78.5,79.9,73.1,62.5,Pass
3.1,66.3,53.1,45.3,58.7,47.5,53.0,34.5,Fail
15.7,79.5,80.8,57.9,72.3,76.5,70.5,90.0,Pass
18.6,69.0,82.8,74.1,78.9,88.8,78.6,81.5,Pass
4.6,53.4,53.9,43.9,54.1,47.9,51.0,35.4,Fail
18.2,85.5,88.7,61.4,90.6,88.2,81.3,91.2,Pass
6.2,68.3,56.7,55.2,50.7,44.9,53.8,50.1,Pass
5.6,73.0,67.9,39.4,57.6,51.7,55.2,47.0,Pass
14.5,56.6,55.4,53.3,71.9,77.3,61.4,76.3,Pass
7.8,77.9,61.2,49.1,75.0,57.8,63.1,55.7,Pass
7.1,77.1,53.1,56.2,75.4,66.5,63.0,55.9,Pass
4.4,54.2,52.4,47.2,34.3,39.4,43.6,36.1,Fail
4.7,76.9,39.4,59.6,58.4,50.6,53.1,44.1,Fail
7.2,83.0,61.2,43.6,57.7,41.7,54.5,46.8,Fail
14.5,66.7,72.9,66.9,80.1,76.8,74.0,59.4,Pass
3.1,64.6,55.4,44.1,38.7,23.2,45.3,44.8,Fail
6.4,69.3,50.2,50.8,50.1,52.5,50.3,38.8,Fail
2.7,48.9,62.4,24.3,42.7,36.9,43.1,26.9,Fail
4.3,62.5,42.7,42.4,52.6,44.0,46.6,49.3,Fail
10.0,83.2,55.9,60.7,63.8,54.3,60.5,74.7,Pass
3.8,57.7,49.8,32.1,41.5,47.5,41.2,47.9,Fail
12.5,89.6,70.9,69.3,63.0,89.4,67.3,83.4,Pass
3.7,67.4,62.4,41.9,46.6,62.2,49.9,48.0,Pass
4.8,59.4,34.7,28.2,51.4,42.8,39.4,37.4,Fail
1.8,62.5,42.6,40.3,53.8,35.2,46.4,35.9,Fail
12.5,63.3,70.5,59.4,59.8,55.1,62.9,71.4,Pass
11.5,77.2,60.8,42.6,61.3,70.5,55.5,76.0,Pass
2.7,61.7,32.8,33.7,38.1,52.4,35.2,47.7,Fail
5.7,63.4,62.0,44.5,52.8,46.6,53.1,39.8,Fail
5.4,54.9,40.6,34.1,48.6,51.3,41.8,43.9,Fail
5.1,65.5,58.2,45.4,50.4,22.9,51.2,19.8,Fail
18.6,84.0,75.0,74.3,73.9,80.4,74.4,99.1,Pass
5.0,55.0,43.9,49.0,32.9,49.0,41.0,41.3,Fail
3.9,73.3,55.8,44.3,48.9,32.5,49.6,22.2,Fail
1.9,64.5,46.0,52.4,48.4,32.2,48.9,32.4,Fail
4.0,58.0,37.9,25.3,45.3,33.6,37.1,43.7,Fail
14.5,76.6,76.2,68.9,87.3,81.0,78.4,77.5,Pass
7.7,75.9,40.8,51.1,47.1,58.5,46.4,58.4,Pass
7.7,80.2,49.9,55.8,61.1,54.0,56.2,49.6,Pass
4.2,77.7,65.7,55.4,65.5,44.7,62.5,34.6,Fail
13.2,90.2,72.1,53.7,74.5,66.1,67.5,75.5,Pass
9.3,60.5,62.5,56.1,50.3,57.5,55.7,48.9,Pass
5.1,60.4,53.8,44.4,31.4,49.7,42.0,43.7,Fail
3.5,53.0,40.1,27.8,41.0,44.8,36.8,26.8,Fail
6.5,76.5,56.9,59.1,54.6,70.5,56.6,55.1,Pass
3.7,63.1,36.9,39.5,41.6,47.2,39.6,45.7,Fail
6.0,77.3,56.2,40.8,59.5,43.1,52.9,35.1,Fail
7.3,57.4,47.9,49.3,65.3,55.3,55.3,46.3,Pass
4.3,59.6,63.2,48.0,40.5,30.8,49.6,28.1,Fail
1.1,54.9,33.1,34.0,31.7,31.2,32.8,35.1,Fail
8.7,80.3,65.6,50.4,63.6,61.8,60.2,58.7,Pass
4.4,70.9,47.9,35.3,56.4,52.9,47.5,43.7,Fail
7.3,52.5,56.9,36.9,49.7,54.3,48.0,47.2,Fail
6.2,63.7,40.7,51.7,55.5,48.0,49.9,40.7,Fail
16.9,88.0,79.1,82.7,73.6,87.0,78.0,74.7,Pass
6.8,77.1,61.5,47.0,59.9,63.1,56.5,51.8,Pass
11.4,77.0,67.8,80.3,68.7,59.5,71.9,71.0,Pass
5.3,67.8,54.9,41.5,64.1,58.2,54.6,43.3,Pass
3.7,57.0,37.9,36.7,52.4,44.3,43.3,42.1,Fail
8.9,79.2,58.8,50.8,64.4,44.3,58.6,41.2,Fail
4.2,55.5,44.9,37.1,39.3,43.6,40.3,49.6,Fail
10.3,59.5,64.7,52.2,44.8,68.8,53.0,74.9,Pass
2.9,65.1,56.5,42.9,42.0,59.3,46.6,46.5,Fail
8.2,66.3,41.4,47.9,71.2,50.6,55.3,52.4,Pass
6.7,73.8,53.0,53.6,44.5,59.2,49.8,45.0,Fail
15.0,81.9,69.3,54.1,70.6,82.8,65.3,64.7,Pass
8.7,84.1,56.4,49.5,65.2,67.3,57.8,65.3,Pass
6.2,70.7,55.7,43.4,64.6,49.5,55.6,56.4,Pass
10.7,81.3,66.1,56.6,59.6,66.5,60.6,63.6,Pass
1.1,54.5,29.6,14.5,41.0,27.6,29.6,27.0,Fail
9.3,76.9,52.3,62.7,57.1,65.1,57.3,52.9,Pass
9.8,69.5,64.1,40.7,54.6,64.6,53.3,63.7,Pass
10.5,68.6,52.8,49.6,58.2,54.5,54.0,66.6,Pass
10.0,64.8,53.9,52.9,60.2,64.1,56.1,64.7,Pass
9.1,83.3,70.6,74.2,58.1,69.2,66.7,55.7,Pass
5.4,66.4,52.1,43.0,60.3,48.4,52.6,40.2,Fail
7.4,62.6,66.0,51.0,67.1,46.6,61.9,53.3,Pass
4.5,70.8,49.4,29.2,46.8,35.7,42.3,33.8,Fail
3.9,61.2,64.0,31.4,55.4,27.0,50.8,46.9,Fail
5.6,60.3,47.8,36.1,39.6,34.3,41.0,57.4,Fail
6.0,90.4,68.7,46.0,61.9,44.9,59.2,45.9,Pass
8.4,60.4,48.2,57.7,61.3,60.5,56.3,76.3,Pass
13.7,91.4,69.6,63.1,82.5,55.2,72.8,69.7,Pass
11.3,67.1,76.3,62.1,67.9,65.9,68.7,73.2,Pass
8.1,74.7,53.0,44.6,68.3,45.7,56.6,53.1,Pass
12.8,74.5,66.2,59.3,65.2,76.7,63.7,72.9,Pass
6.8,74.1,50.5,26.9,57.7,66.7,46.3,44.4,Fail
9.2,60.0,65.4,49.6,59.7,59.2,58.4,54.3,Pass
5.4,54.4,37.4,40.4,49.6,51.8,43.2,57.8,Pass
6.7,74.2,66.1,46.5,63.5,58.2,59.2,56.2,Pass
5.8,52.7,49.4,58.6,39.6,33.7,48.2,38.4,Fail
2.2,53.3,41.9,32.6,46.0,41.7,40.8,32.4,Fail
2.2,61.9,42.5,10.8,35.5,39.6,30.2,38.1,Fail
2.7,52.9,51.3,23.2,49.9,39.3,42.3,33.1,Fail
8.1,60.4,52.6,47.5,67.9,54.2,57.2,55.5,Pass
13.9,73.4,64.1,63.2,68.1,68.2,65.4,70.9,Pass
12.8,57.9,67.1,50.3,58.9,66.9,58.8,64.9,Pass
2.1,51.3,38.9,23.3,51.6,42.9,39.3,24.4,Fail
9.3,81.9,78.9,68.4,67.7,57.8,71.3,73.2,Pass
4.9,73.5,59.1,53.1,45.3,48.4,51.8,36.0,Fail
3.9,82.8,55.4,54.4,48.7,47.1,52.4,45.3,Fail
7.3,73.5,68.1,43.8,54.4,56.2,55.3,48.9,Pass
4.8,76.2,40.9,50.9,61.1,56.8,52.0,43.0,Fail
2.6,59.7,47.6,12.5,37.6,37.3,33.1,29.6,Fail
3.5,62.7,46.6,34.6,30.7,54.1,36.6,36.5,Fail
5.4,69.8,50.1,39.4,52.8,44.5,48.0,46.1,Fail
13.6,61.2,63.3,58.0,69.4,74.2,64.2,78.0,Pass
2.0,66.8,52.9,37.1,50.6,35.2,47.2,37.4,Fail
3.0,58.6,28.7,34.7,23.3,29.5,28.3,16.6,Fail
5.7,63.2,54.1,33.2,51.0,59.7,46.6,56.7,Pass
4.1,72.9,38.6,35.5,47.0,43.8,41.0,46.2,Fail
8.6,57.9,52.6,53.1,58.7,47.3,55.2,45.3,Fail
5.8,67.4,51.4,47.8,39.5,45.4,45.6,50.0,Fail
2.5,66.6,57.9,51.5,49.2,49.5,52.5,46.3,Fail
4.9,61.6,44.0,44.0,50.2,56.2,46.5,42.7,Fail
7.4,69.2,56.0,62.0,65.4,68.5,61.6,50.9,Pass
9.8,72.4,51.5,41.6,64.6,56.9,53.8,71.2,Pass
3.0,70.8,51.3,44.6,54.2,41.8,50.4,51.7,Fail
7.7,67.8,45.1,55.7,47.3,57.1,49.2,59.6,Pass
5.5,56.6,33.8,45.6,46.2,35.0,42.3,48.3,Fail
12.7,70.6,54.5,49.8,76.3,70.2,61.8,70.6,Pass
4.9,63.1,46.5,44.4,46.2,44.1,45.8,49.7,Fail
2.6,56.7,40.3,31.6,48.1,51.7,40.8,20.3,Fail
4.3,66.7,57.7,46.3,44.6,41.6,49.0,45.1,Fail
1.6,63.1,54.3,33.5,43.3,36.0,43.7,36.3,Fail
1.7,62.8,54.2,29.3,33.7,51.6,38.5,41.9,Fail
2.0,55.2,49.8,53.7,42.0,30.7,47.8,32.3,Fail
8.7,71.5,75.5,45.3,57.5,59.4,59.2,60.2,Pass
8.1,80.0,63.8,55.3,71.1,66.0,64.2,54.5,Pass
9.0,73.2,63.7,58.1,76.9,55.9,67.3,72.5,Pass
4.6,74.1,66.0,41.0,43.3,55.7,49.4,59.4,Pass
3.5,65.1,37.6,49.2,37.8,41.1,41.2,56.2,Fail
20.4,79.4,92.1,87.5,95.8,93.2,92.2,92.0,Pass
7.2,75.5,56.7,34.5,53.7,38.1,48.8,52.4,Fail
3.3,52.7,53.1,41.0,44.1,39.7,45.9,41.2,Fail
14.7,73.2,80.8,81.6,86.1,70.0,83.2,58.0,Pass
13.5,75.1,68.2,56.6,82.8,63.9,70.6,69.6,Pass
9.5,76.6,52.3,42.7,53.8,68.1,50.0,65.0,Pass
6.0,77.4,66.0,44.8,72.4,56.7,62.2,53.2,Pass
3.9,71.5,45.5,41.2,55.0,35.8,48.0,30.8,Fail
5.0,72.0,52.6,44.3,60.5,36.7,53.3,48.6,Fail
12.5,81.9,60.6,72.4,66.4,55.8,66.5,68.4,Pass
4.2,73.1,47.4,36.3,46.2,57.1,43.6,42.1,Fail
2.9,54.4,50.3,39.8,31.9,9.7,39.8,28.4,Fail
9.4,88.9,68.6,64.8,60.1,69.7,64.1,57.0,Pass
6.5,76.7,50.0,49.4,62.0,42.3,54.6,49.4,Pass
4.3,63.7,32.7,34.8,50.0,52.4,40.2,42.1,Fail
4.6,68.5,55.3,31.8,57.6,53.5,49.2,44.9,Fail
1.4,51.2,34.8,17.1,39.7,23.5,31.4,18.9,Fail
4.8,63.7,50.1,28.3,50.1,38.7,43.6,30.5,Fail
11.8,71.4,63.9,44.3,62.3,64.3,57.4,56.2,Pass
3.6,60.9,42.1,51.9,44.1,36.9,45.8,25.5,Fail
22.2,93.2,97.3,85.5,100.0,100.0,94.8,100.0,Pass
6.5,68.6,46.6,64.8,60.0,53.5,57.4,52.4,Pass
2.4,53.3,42.0,36.9,43.4,44.2,41.0,37.0,Fail
0.3,51.0,39.2,14.6,30.1,25.7,28.2,16.8,Fail
7.6,53.4,62.0,43.3,50.6,62.5,51.8,42.8,Pass
3.6,71.4,49.0,46.4,40.8,31.2,44.9,38.5,Fail
9.5,69.6,50.3,56.1,58.0,56.3,55.1,60.3,Pass
12.9,81.5,75.6,59.8,62.3,78.7,65.5,83.3,Pass
10.6,97.8,63.4,70.8,70.5,65.6,68.5,57.7,Pass
10.5,65.4,55.3,45.0,57.1,50.0,52.9,55.2,Pass
5.0,68.6,46.6,44.7,51.5,32.0,48.0,41.6,Fail
3.6,75.9,48.5,49.0,46.1,49.4,47.7,30.0,Fail
8.9,66.8,68.2,47.9,66.4,65.4,61.4,57.1,Pass
3.8,61.8,51.4,43.2,36.6,39.2,43.0,23.1,Fail
5.1,70.4,42.5,42.6,40.5,53.4,41.7,41.8,Fail
3.9,85.0,65.4,46.6,55.4,67.2,55.8,61.3,Pass
4.2,70.1,57.9,45.5,54.1,54.5,52.7,60.5,Pass
9.3,64.4,61.3,48.9,57.4,64.8,56.0,59.9,Pass
4.1,59.1,27.4,51.3,41.9,39.2,40.4,39.9,Fail
9.4,67.4,52.3,54.8,60.6,55.7,56.4,56.6,Pass
12.9,60.9,64.1,63.6,69.6,70.1,66.1,75.8,Pass
4.7,64.4,62.0,51.6,49.1,46.0,53.7,48.4,Pass
3.2,63.9,56.2,43.3,49.7,45.7,49.7,25.9,Fail
11.4,74.0,57.3,50.0,73.2,42.0,61.5,61.6,Pass
7.9,57.9,39.7,53.3,43.0,47.1,45.1,38.7,Fail
4.0,67.6,46.8,43.0,58.4,54.5,50.3,52.8,Pass
5.3,58.5,49.3,35.0,57.8,27.5,48.4,44.7,Fail
8.3,68.0,47.1,60.5,51.6,50.3,52.9,39.2,Fail
2.2,56.7,34.4,24.7,44.8,32.8,35.6,38.1,Fail
15.9,88.3,95.2,67.1,73.7,66.5,78.2,69.3,Pass
10.9,67.6,59.1,52.1,65.9,68.0,59.7,62.7,Pass
6.6,78.7,54.4,37.7,68.2,57.4,54.9,42.0,Pass
15.5,79.7,97.5,68.9,74.1,61.7,79.6,78.2,Pass
14.1,80.3,69.6,60.1,69.6,72.4,66.8,87.4,Pass
5.8,67.6,43.8,46.7,54.8,47.1,49.1,43.5,Fail
5.6,59.9,43.5,57.8,47.1,53.6,49.2,41.3,Fail
5.7,70.1,54.8,44.7,55.8,56.4,52.2,48.1,Pass
9.1,67.5,54.7,56.2,76.9,65.9,64.0,70.8,Pass
8.7,73.0,58.3,52.2,58.4,68.4,56.5,67.9,Pass
1.7,66.9,43.1,32.6,33.6,39.5,36.2,43.9,Fail
8.3,85.2,87.3,61.1,64.0,76.0,70.1,63.2,Pass
8.3,73.7,64.4,43.2,63.0,62.4,57.5,39.7,Pass
5.7,74.5,46.1,55.1,45.6,51.7,48.6,33.1,Fail
6.9,73.6,54.5,41.6,52.9,69.1,50.0,54.6,Pass
2.0,60.6,48.6,46.7,52.4,31.1,49.6,18.3,Fail
2.8,68.8,54.9,35.1,60.3,42.1,51.1,42.2,Fail
3.8,63.6,33.8,31.8,43.2,43.7,37.0,36.7,Fail
9.1,67.6,47.1,52.8,56.1,63.0,52.4,43.5,Pass
13.2,67.1,70.3,46.7,60.8,63.6,59.4,70.4,Pass
8.8,75.8,55.2,43.6,63.6,53.5,55.1,49.4,Pass
7.1,64.0,47.2,50.9,70.8,62.4,57.8,51.1,Pass
9.9,76.9,64.4,66.6,63.0,54.2,64.5,66.6,Pass
0.9,61.1,46.5,27.0,39.6,44.3,37.9,41.9,Fail
12.6,72.8,65.1,72.4,72.8,69.8,70.4,79.7,Pass
6.1,60.4,34.8,39.8,46.2,49.6,40.9,51.0,Fail
11.7,84.4,64.5,63.5,68.0,66.4,65.6,82.1,Pass
9.6,68.4,50.4,54.9,70.0,58.1,59.6,55.2,Pass
4.0,77.5,55.7,57.0,44.8,58.0,51.7,44.7,Pass
7.6,62.6,70.4,55.3,50.4,49.2,57.9,43.7,Pass
4.2,77.1,53.8,41.7,58.3,31.9,52.0,38.0,Fail
8.6,71.0,62.0,73.6,60.0,60.6,64.7,56.6,Pass
17.0,87.3,86.7,73.7,77.3,79.4,79.0,86.4,Pass
8.6,59.9,66.0,49.0,60.4,46.0,58.7,49.6,Pass
3.9,54.2,39.4,40.1,41.9,34.1,40.6,41.5,Fail
10.9,75.1,63.9,54.0,67.9,84.5,62.5,71.5,Pass
3.7,56.3,51.9,49.7,44.4,39.5,48.2,35.2,Fail
12.9,86.1,64.1,64.0,63.3,70.1,63.7,75.3,Pass
3.3,66.9,34.6,44.8,53.6,50.4,45.3,30.3,Fail
12.0,69.2,61.0,34.0,78.4,69.1,59.9,57.6,Pass
4.8,58.4,57.2,41.3,43.3,54.1,46.9,41.9,Fail
9.1,68.6,59.9,49.1,72.2,71.3,61.6,66.1,Pass
11.0,68.7,58.9,57.0,63.5,85.9,60.2,71.0,Pass
7.6,73.1,65.3,39.6,39.2,48.2,47.2,48.0,Fail
5.1,65.5,54.3,41.0,55.0,55.3,50.6,47.1,Pass
7.7,78.6,52.8,53.2,44.9,51.7,49.8,61.9,Pass
6.1,72.4,52.4,43.3,52.1,49.6,49.6,38.5,Fail
6.7,61.1,43.5,50.4,56.9,54.9,50.9,49.8,Pass
2.2,59.2,43.3,35.2,46.5,37.5,42.2,23.0,Fail
9.8,64.8,64.1,58.5,56.7,63.0,59.5,52.4,Pass
7.4,62.0,33.7,55.6,56.4,51.0,49.4,49.9,Fail
1.8,47.8,29.8,40.4,43.4,24.8,38.4,31.7,Fail
5.3,73.9,66.2,41.7,52.4,56.6,53.3,49.9,Pass
1.3,71.9,41.5,32.3,42.7,27.4,39.2,33.6,Fail
6.8,60.3,65.0,59.5,56.5,64.0,60.0,54.0,Pass
9.0,62.1,46.4,42.1,48.7,54.9,46.0,65.5,Pass
4.3,69.6,45.2,38.1,44.7,54.6,42.9,49.5,Fail
4.1,58.4,47.5,37.2,54.0,59.0,47.0,43.1,Fail
5.1,76.3,50.5,37.6,70.7,51.2,54.7,53.9,Pass
4.1,59.2,56.1,39.8,52.8,32.6,49.9,35.2,Fail
3.6,47.2,40.4,45.7,43.6,48.5,43.3,42.2,Fail
1.6,60.9,47.2,16.5,56.0,31.8,41.5,36.6,Fail
4.0,60.1,37.3,34.2,39.3,30.8,37.2,46.6,Fail
2.2,63.8,45.7,36.9,45.5,46.9,43.0,50.3,Fail
12.6,72.3,64.4,74.9,74.8,76.2,71.7,87.1,Pass
13.9,81.3,64.2,52.5,68.2,76.0,62.3,83.9,Pass
8.7,73.8,63.3,60.4,50.8,52.6,57.4,53.9,Pass
12.2,77.2,78.5,59.7,77.7,80.8,72.5,75.8,Pass
3.8,66.1,42.7,41.3,54.7,52.9,47.1,37.0,Fail
8.9,70.7,62.4,63.3,67.5,59.5,64.7,53.4,Pass
8.8,59.4,53.7,48.0,62.7,69.1,55.6,59.8,Pass
7.8,72.5,58.2,50.0,60.1,65.1,56.5,61.9,Pass
5.0,71.9,58.3,45.2,55.3,42.4,53.2,36.9,Fail
6.5,70.6,65.7,48.8,59.3,48.1,58.1,50.8,Pass
7.6,67.5,65.4,38.8,66.5,56.3,57.9,40.5,Pass
7.5,73.7,51.1,51.4,60.2,54.5,54.8,50.1,Pass
3.5,66.1,36.1,43.1,47.1,45.0,42.6,45.2,Fail
13.4,81.8,55.2,50.4,74.3,64.0,61.4,69.7,Pass
6.9,67.6,59.1,54.9,59.7,46.8,58.1,58.6,Pass
10.1,60.7,54.2,60.6,52.1,60.2,55.3,63.9,Pass
4.6,64.1,56.9,43.4,60.8,47.4,54.4,27.0,Fail
8.6,62.7,47.7,37.5,51.8,56.0,46.3,56.5,Pass
7.1,64.8,57.2,41.0,56.3,39.8,52.0,45.2,Fail
3.7,65.1,32.8,18.5,39.5,42.1,31.2,48.2,Fail
6.6,75.8,60.0,45.3,57.2,62.8,54.5,43.2,Pass
5.4,71.8,55.5,36.6,58.3,45.1,51.0,51.8,Pass
5.8,68.6,43.4,44.3,54.7,43.2,48.2,55.6,Pass
11.2,83.4,69.0,69.5,66.8,66.0,68.3,78.4,Pass
6.2,67.8,69.3,41.1,52.1,47.1,54.0,45.0,Fail
10.8,74.6,69.5,61.1,69.1,76.1,66.8,75.0,Pass
9.1,67.9,82.2,51.2,71.6,46.8,68.7,55.7,Pass
7.0,59.8,53.2,37.2,63.6,40.2,52.6,59.2,Pass
11.5,78.3,71.1,72.6,84.0,50.7,76.7,68.0,Pass
11.0,60.7,56.4,61.8,56.6,72.5,58.1,66.5,Pass
7.0,60.9,54.2,35.6,48.6,52.1,46.4,50.6,Fail
7.4,70.3,48.1,52.9,55.8,43.7,52.6,39.6,Fail
11.6,67.1,70.6,55.4,65.4,62.7,64.0,59.6,Pass
9.4,71.4,53.8,58.1,51.4,64.8,54.1,59.8,Pass
13.3,77.1,83.1,51.5,80.4,76.9,72.5,80.2,Pass
6.1,62.8,40.3,41.0,45.4,57.3,42.6,37.1,Fail
3.1,64.2,43.0,41.1,41.8,26.5,42.0,34.5,Fail
4.2,65.4,46.0,30.8,52.1,52.7,43.9,37.2,Fail
1.7,52.9,30.3,34.3,30.1,18.3,31.4,12.4,Fail
4.0,69.2,50.6,38.1,48.8,53.3,46.1,35.9,Fail
9.4,55.0,51.0,49.8,61.3,62.7,54.8,57.8,Pass
6.1,82.3,68.1,58.2,61.2,77.3,62.4,61.8,Pass
3.7,68.7,41.5,64.7,53.7,42.7,53.3,42.1,Fail
4.7,73.8,54.9,44.5,60.7,41.7,54.1,39.6,Fail
7.8,74.7,57.3,49.1,59.5,59.5,55.7,52.6,Pass
4.8,65.4,47.5,59.3,26.9,49.0,42.8,44.4,Fail
5.7,60.7,50.3,52.9,59.6,67.7,54.8,37.7,Pass
2.3,62.6,49.0,51.7,44.9,27.0,48.2,30.4,Fail
12.4,81.6,54.2,64.8,75.5,65.5,65.9,72.1,Pass
13.4,69.5,68.0,69.2,79.7,61.8,73.0,58.6,Pass
3.8,65.8,40.7,40.2,34.9,47.2,38.2,48.2,Fail
5.3,51.9,40.2,40.1,46.1,38.7,42.5,28.5,Fail
1.5,55.3,41.5,33.1,51.3,37.6,42.9,34.2,Fail
11.9,67.4,72.8,61.8,66.1,71.9,66.8,59.8,Pass
2.8,76.8,61.0,41.0,59.1,49.1,54.2,46.4,Pass
6.4,57.0,45.2,55.8,42.7,48.2,47.4,45.3,Fail
3.3,67.1,23.9,44.2,48.0,49.1,39.6,37.2,Fail
6.5,80.6,57.7,51.3,50.8,57.2,53.0,59.4,Pass
10.6,80.8,50.9,60.0,72.3,62.7,62.2,51.9,Pass
9.1,83.1,66.7,52.0,63.1,58.4,60.8,64.8,Pass
9.4,84.6,57.0,47.1,75.9,61.2,61.6,65.4,Pass
2.6,63.6,47.0,45.6,56.1,53.5,50.2,39.6,Fail
6.3,71.4,47.2,55.7,50.6,53.0,51.1,51.6,Pass
18.2,83.4,72.1,65.9,95.4,88.0,79.6,77.1,Pass
7.5,72.8,47.7,39.9,53.4,53.9,47.6,51.1,Pass
6.7,71.4,58.0,53.9,61.9,44.5,58.3,45.8,Pass
5.6,80.5,44.8,44.6,55.7,37.8,49.1,56.6,Fail
7.1,70.9,59.8,39.4,55.1,56.1,51.8,45.8,Pass
6.5,60.2,65.3,29.9,60.2,39.2,52.6,27.9,Fail
16.4,84.4,91.5,68.0,80.0,87.3,79.8,87.4,Pass
10.2,78.1,51.1,58.1,60.5,64.7,57.0,62.4,Pass
6.0,60.6,39.4,40.8,49.9,56.6,44.0,44.1,Fail
10.0,65.1,63.4,41.3,68.4,65.8,58.8,49.4,Pass
4.0,72.4,41.2,36.6,51.8,51.1,44.1,35.7,Fail
6.4,63.4,56.8,49.9,51.5,41.9,52.6,39.7,Fail
4.8,62.5,34.7,55.4,44.0,27.4,44.6,34.2,Fail
9.6,67.8,59.0,53.5,60.0,71.0,57.8,46.8,Pass
6.2,69.4,60.8,55.3,59.9,52.6,58.8,58.9,Pass
7.1,77.3,45.0,56.4,50.2,55.6,50.5,64.6,Pass
5.9,72.4,52.6,40.9,50.6,48.4,48.3,37.8,Fail
8.0,65.9,54.7,57.5,62.9,60.4,58.8,43.6,Pass
9.7,82.3,68.9,67.0,61.7,76.4,65.4,58.4,Pass
13.5,83.2,66.6,61.1,70.2,69.8,66.4,78.2,Pass
5.5,74.5,41.9,45.9,53.3,36.1,47.7,40.2,Fail
3.5,71.9,28.4,35.6,41.4,59.9,35.8,43.9,Fail
8.3,65.8,66.9,38.4,56.5,57.8,54.2,68.2,Pass
2.9,56.1,49.3,44.6,45.4,42.6,46.3,37.0,Fail
5.4,63.8,49.7,57.3,56.3,24.9,54.6,44.2,Fail
2.4,70.8,45.6,37.4,42.0,43.4,41.7,43.2,Fail
25.0,80.6,97.6,85.3,93.1,87.4,92.1,100.0,Pass
12.5,64.5,72.1,68.2,75.6,64.7,72.3,56.5,Pass
11.9,59.8,45.6,66.7,56.7,70.6,56.4,66.3,Pass
13.8,66.5,53.3,54.2,62.5,72.8,57.2,67.7,Pass
11.1,67.0,46.9,57.4,48.1,69.9,50.5,68.1,Pass
7.6,70.1,53.5,67.1,65.5,51.9,62.4,59.1,Pass
7.7,60.0,54.9,63.3,64.7,45.3,61.3,38.9,Fail
13.1,81.0,78.6,55.8,74.5,69.5,70.1,71.5,Pass
13.6,76.7,46.9,51.6,70.9,71.9,57.9,81.5,Pass
3.7,48.1,31.1,38.3,40.8,32.3,37.1,45.3,Fail
6.1,67.2,53.4,51.6,46.5,49.6,50.1,34.0,Fail
6.9,69.4,56.7,54.0,61.1,53.6,57.6,48.1,Pass
11.3,88.9,67.7,67.0,81.7,74.0,73.1,72.7,Pass
4.1,66.9,39.3,43.3,48.3,64.1,44.1,47.0,Fail
3.8,50.4,37.1,32.1,47.5,29.1,39.8,26.5,Fail
2.7,65.1,43.8,31.5,39.8,45.8,38.5,23.2,Fail
4.9,67.3,36.3,49.8,42.7,47.7,42.9,41.9,Fail
5.4,71.3,45.4,38.4,56.2,65.2,47.6,40.6,Fail
15.2,99.3,69.1,58.3,93.2,75.8,75.5,80.2,Pass
10.6,68.4,65.7,56.7,60.2,60.7,60.8,68.2,Pass
11.3,68.3,55.8,59.5,62.9,61.4,59.8,71.4,Pass
3.4,67.8,36.7,56.7,50.6,26.0,48.3,36.1,Fail
5.8,81.6,51.9,48.5,54.6,53.9,52.0,65.9,Pass
9.9,77.2,69.0,44.1,69.7,63.4,61.8,75.3,Pass
7.2,65.9,54.0,58.3,49.2,47.9,53.4,39.7,Fail
8.9,78.6,70.2,53.8,68.2,42.4,64.5,52.6,Pass
2.8,77.7,56.5,39.1,50.2,52.2,48.8,52.4,Pass
7.1,62.4,46.9,35.8,42.4,65.5,41.8,60.3,Pass
10.2,64.2,60.7,58.1,54.5,71.8,57.4,73.0,Pass
3.5,64.6,55.2,40.3,51.3,42.5,49.2,38.8,Fail
1.9,64.7,39.3,36.1,53.2,36.5,43.9,12.1,Fail
3.4,75.2,51.3,49.7,42.2,57.1,47.2,54.1,Pass
13.0,71.8,60.3,71.1,76.1,82.1,69.9,77.7,Pass
3.0,66.8,44.2,41.2,50.0,43.4,45.6,30.6,Fail
6.7,80.5,55.5,54.7,66.3,57.1,59.6,50.1,Pass
1.9,64.1,48.0,38.3,43.8,43.7,43.4,37.3,Fail
3.8,61.4,43.0,53.8,51.1,45.0,49.5,27.7,Fail
7.5,73.6,58.8,41.7,72.3,67.1,59.1,69.8,Pass
6.6,65.3,55.8,36.1,56.2,54.8,50.1,46.7,Fail
11.9,77.0,60.6,49.7,61.8,74.2,57.8,61.9,Pass
8.4,68.6,54.2,55.3,69.0,63.1,60.4,71.3,Pass
3.5,63.0,49.6,37.4,51.4,40.6,46.7,27.2,Fail
5.8,63.7,65.4,33.7,56.1,63.2,52.2,44.8,Pass
5.1,61.5,38.6,39.9,60.9,44.4,47.9,42.8,Fail
1.3,69.5,47.7,54.7,55.2,38.0,52.8,32.0,Fail
15.5,80.1,84.7,73.0,83.0,77.8,80.5,78.9,Pass
6.8,78.4,57.9,62.8,53.1,72.9,57.4,59.9,Pass
7.6,51.1,43.3,32.8,47.9,32.6,42.0,39.4,Fail
9.7,67.5,59.2,55.8,62.9,54.6,59.7,49.8,Pass
9.8,65.8,51.6,57.6,59.9,66.5,56.7,80.8,Pass
10.4,70.4,57.9,61.7,60.2,66.5,60.0,78.7,Pass
5.3,58.1,51.1,38.9,48.3,46.8,46.3,38.6,Fail
4.9,53.0,45.2,47.9,53.9,46.9,49.5,34.3,Fail
12.1,79.9,69.7,66.0,72.7,81.2,69.8,78.2,Pass
15.7,74.1,64.3,68.9,71.8,80.5,68.7,82.1,Pass
1.9,66.7,38.9,32.0,48.9,39.7,40.8,12.6,Fail
11.9,64.9,68.2,44.0,70.0,75.7,61.7,63.6,Pass
5.8,53.9,34.4,24.0,46.5,45.2,36.1,24.5,Fail
6.4,69.6,43.1,40.4,46.1,57.6,43.5,45.3,Fail
0.9,66.1,39.2,32.1,41.5,12.0,38.0,26.7,Fail
6.7,63.1,48.2,39.4,53.1,45.7,47.5,48.4,Fail
4.6,57.4,52.6,42.6,54.6,36.8,50.4,20.9,Fail
1.2,71.4,24.7,42.9,37.3,32.2,35.2,27.2,Fail
12.8,74.9,67.4,50.6,68.7,66.4,62.9,72.1,Pass
7.5,61.0,64.3,51.7,67.2,48.9,61.7,57.0,Pass
8.2,57.9,56.4,47.3,53.9,60.6,52.7,54.3,Pass
12.7,69.7,54.0,44.9,66.7,60.4,56.4,68.5,Pass
9.9,68.7,79.8,62.1,78.2,70.1,73.8,57.9,Pass
2.7,69.3,41.8,29.8,40.7,47.5,37.8,33.4,Fail
11.2,73.3,44.9,81.1,73.1,58.6,67.0,58.2,Pass
2.2,61.6,49.4,45.7,42.2,25.6,45.4,28.4,Fail
9.4,64.0,51.5,50.4,60.4,55.1,54.7,42.7,Fail
17.5,92.0,97.6,76.5,90.8,99.4,88.6,83.8,Pass
9.5,79.2,68.5,43.2,64.5,64.6,59.3,64.7,Pass
5.4,73.7,70.0,61.1,50.7,68.1,59.6,51.3,Pass
17.2,80.2,70.0,65.2,75.9,70.8,70.9,73.5,Pass
7.5,72.2,66.9,49.9,58.8,44.0,58.6,49.0,Pass
3.5,43.6,33.6,27.8,33.9,24.5,32.0,22.7,Fail
4.4,66.9,51.6,45.6,50.7,52.0,49.4,46.2,Fail
4.3,80.5,54.1,44.4,49.7,55.5,49.4,47.6,Fail
19.4,78.6,93.5,71.7,81.2,93.8,82.0,92.6,Pass
9.4,63.4,64.3,55.7,49.5,60.7,55.8,48.5,Pass
9.6,70.4,56.6,67.3,73.7,75.2,66.6,57.4,Pass
8.7,63.5,65.2,50.5,58.8,55.6,58.2,48.3,Pass
7.8,62.0,53.5,27.9,50.9,61.2,44.8,44.4,Fail
4.9,68.0,55.7,46.2,45.7,67.8,48.8,50.7,Pass
3.0,70.2,49.4,25.9,45.1,35.2,40.6,36.8,Fail
8.2,72.0,56.3,38.7,46.8,51.8,47.2,61.5,Pass
16.9,71.1,64.5,56.7,72.2,62.1,65.2,75.3,Pass
8.0,64.2,56.9,55.0,62.2,61.0,58.4,54.7,Pass
13.5,78.8,65.2,51.3,68.2,69.6,62.2,65.9,Pass
1.8,67.4,34.0,44.7,47.9,38.5,42.8,30.8,Fail
8.0,67.9,63.0,56.9,65.6,74.2,62.2,62.7,Pass
4.7,58.5,41.9,32.2,51.8,48.2,42.9,40.7,Fail
3.4,70.3,33.4,44.4,47.5,36.5,42.3,53.8,Fail
14.9,92.4,77.5,81.5,89.4,79.7,83.5,74.0,Pass
5.1,75.1,51.5,39.8,62.3,42.8,52.3,29.5,Fail
9.4,87.2,64.5,68.6,62.8,70.1,65.0,57.6,Pass
6.3,62.6,50.9,46.0,46.7,50.9,47.8,59.2,Pass
2.7,71.5,38.8,32.6,44.0,53.4,39.0,52.0,Fail
10.1,82.4,61.7,65.3,65.0,69.7,64.1,62.5,Pass
5.4,62.6,57.9,36.0,60.4,43.8,52.3,42.8,Fail
11.0,66.6,68.8,68.3,70.7,67.0,69.4,72.3,Pass
3.8,56.9,41.8,27.2,46.1,29.9,39.1,42.3,Fail
4.8,65.0,53.8,53.6,52.4,43.1,53.2,23.0,Fail
9.2,59.0,56.8,52.0,50.1,56.9,52.7,57.5,Pass
4.0,78.3,48.9,49.8,60.7,62.6,53.9,59.9,Pass
10.0,61.7,68.5,48.9,63.0,66.4,60.4,64.0,Pass
1.5,65.2,35.4,38.1,35.2,39.5,36.1,17.1,Fail
3.0,45.5,42.1,10.2,28.6,36.8,27.1,49.1,Fail
7.0,84.8,46.1,53.6,51.1,68.9,50.3,63.6,Pass
9.6,81.5,66.5,44.7,67.2,62.5,60.2,49.7,Pass
7.2,55.9,45.9,51.5,33.8,58.5,42.7,46.1,Fail
9.0,73.2,56.9,48.3,53.5,55.8,53.0,62.2,Pass
5.2,64.3,47.4,37.6,54.1,49.0,47.1,40.6,Fail
1.4,62.9,23.9,23.3,36.9,44.6,28.9,44.3,Fail
5.6,71.8,39.8,46.9,40.2,59.4,42.1,56.6,Pass
5.7,60.4,56.2,35.0,47.4,30.2,46.3,41.6,Fail
12.8,74.9,68.9,61.4,70.2,72.9,67.2,64.5,Pass
9.9,57.4,68.7,48.2,66.9,63.5,61.8,61.4,Pass
3.2,64.5,34.8,28.9,48.5,36.2,38.5,51.9,Fail
1.1,44.8,42.4,25.1,39.7,37.5,36.1,32.7,Fail
6.2,77.9,59.5,42.8,63.5,44.0,56.1,52.3,Pass
4.7,53.9,54.9,47.5,36.1,34.9,45.2,25.2,Fail
16.2,81.8,76.1,81.3,88.8,58.0,82.7,71.9,Pass
13.1,82.3,71.8,52.5,82.8,69.5,70.4,72.2,Pass
2.7,78.2,41.8,42.2,45.3,25.1,43.3,32.4,Fail
9.8,85.9,63.2,55.5,46.9,76.6,54.4,75.4,Pass
8.9,81.8,58.4,47.1,73.6,79.1,61.1,56.5,Pass
8.7,70.3,47.9,53.0,39.7,49.8,46.2,55.2,Pass
24.9,98.8,100.0,98.7,100.0,100.0,99.6,100.0,Pass
6.4,69.9,61.3,22.6,53.5,50.2,46.6,58.9,Pass
10.4,75.4,72.9,65.8,63.1,57.5,66.8,62.4,Pass
11.3,68.6,56.7,63.4,61.4,68.9,60.6,61.1,Pass
8.3,83.9,61.5,54.0,65.3,59.8,60.8,40.8,Pass
16.1,72.9,73.0,60.7,61.8,66.0,64.8,74.9,Pass
7.6,60.6,65.2,51.3,55.3,56.0,57.1,51.5,Pass
10.9,76.3,79.0,52.2,59.4,70.1,63.1,65.2,Pass
4.3,50.8,33.4,48.6,39.5,22.4,40.4,40.7,Fail
3.0,64.5,49.2,45.8,48.3,41.3,47.8,41.6,Fail
9.1,84.0,67.6,56.2,72.9,59.7,66.3,55.4,Pass
6.6,71.2,53.0,40.1,51.0,54.4,48.3,45.4,Fail
6.8,68.4,44.0,51.5,66.9,64.7,55.4,55.0,Pass
5.5,59.9,54.6,49.2,44.8,57.1,49.1,38.0,Fail
10.8,60.9,69.6,51.0,57.1,69.6,59.0,61.6,Pass
7.5,75.9,53.4,54.2,66.5,58.3,58.9,54.0,Pass
20.8,85.2,96.7,77.7,90.8,93.0,88.6,92.3,Pass
7.3,73.8,56.8,33.8,60.1,35.3,51.2,43.4,Fail
8.5,52.7,64.2,31.9,52.3,57.5,49.8,45.8,Fail
11.6,79.8,78.5,61.9,69.0,77.8,69.7,91.2,Pass
9.1,86.8,64.1,70.4,69.5,50.8,68.1,70.3,Pass
3.1,74.5,51.9,31.7,59.6,47.4,48.9,37.5,Fail
6.0,69.6,47.3,38.4,54.8,59.0,47.6,41.8,Fail
4.1,56.6,32.2,40.9,47.2,33.4,40.8,10.9,Fail
8.8,71.5,61.1,52.6,68.3,65.9,61.4,47.6,Pass
7.9,70.7,45.3,52.6,54.0,45.8,51.0,57.4,Pass
11.2,69.5,80.0,61.7,61.2,60.9,67.0,61.4,Pass
12.0,71.0,74.4,59.0,61.9,56.7,64.8,65.2,Pass
4.1,81.7,51.5,45.7,48.4,56.6,48.5,51.0,Pass
11.9,66.6,85.1,47.7,61.9,71.8,64.6,64.0,Pass
13.0,72.2,62.6,57.9,77.1,65.2,67.0,77.7,Pass
3.6,68.8,44.7,51.5,35.6,33.6,43.1,39.4,Fail
8.5,87.6,60.0,59.8,69.7,87.3,63.8,66.7,Pass
14.3,74.8,70.5,67.7,65.2,75.6,67.5,74.8,Pass
5.9,52.7,45.1,33.3,60.7,43.4,47.8,50.6,Fail
6.8,51.1,52.6,35.5,53.3,38.8,47.8,48.3,Fail
8.5,90.4,56.1,46.6,59.7,54.2,54.7,45.3,Pass
0.4,45.2,35.4,10.7,30.8,30.4,26.2,33.3,Fail
7.4,69.5,51.3,46.2,56.3,57.1,51.8,54.8,Pass
7.7,57.1,53.0,42.7,58.4,46.0,52.1,44.0,Fail
9.8,65.5,50.6,54.6,62.2,67.1,56.4,53.7,Pass
10.0,66.8,53.1,63.0,60.9,59.4,59.2,56.9,Pass
6.7,52.4,66.1,37.2,47.7,51.9,50.1,46.3,Fail
17.0,90.2,73.7,86.2,81.7,91.7,80.6,82.4,Pass
4.1,68.4,52.9,45.8,60.2,44.0,53.7,42.6,Fail
11.0,69.8,58.6,69.4,79.4,72.1,70.2,56.5,Pass
1.2,56.8,31.3,21.6,46.6,42.1,34.5,11.5,Fail
7.1,77.2,57.9,60.5,52.9,66.1,56.7,56.6,Pass
1.0,61.9,33.6,26.6,50.4,20.6,38.2,28.1,Fail
7.4,85.6,64.6,45.5,61.4,68.6,57.6,65.9,Pass
9.0,67.2,57.2,51.1,60.0,62.3,56.5,67.0,Pass
5.6,70.1,62.9,37.2,46.7,54.3,48.7,34.4,Fail
7.0,58.5,41.1,48.9,52.1,30.9,47.8,42.5,Fail
10.5,69.1,63.9,62.9,58.7,50.1,61.5,64.3,Pass
0.3,68.7,44.2,37.3,52.4,32.9,45.4,28.0,Fail
5.0,75.4,44.6,44.3,71.1,33.3,55.1,39.0,Fail
14.6,92.3,71.6,80.8,79.7,97.7,77.6,90.5,Pass
3.1,67.3,35.0,42.5,49.4,34.5,43.0,43.2,Fail
4.4,75.2,38.9,42.2,49.2,37.2,44.0,39.6,Fail
1.5,66.8,42.1,33.9,44.9,33.5,40.8,32.5,Fail
5.0,62.7,55.3,33.7,47.0,42.7,45.5,35.3,Fail
6.5,55.7,48.7,34.5,52.9,48.7,46.1,38.9,Fail
24.4,87.4,94.3,86.4,100.0,85.4,94.2,92.0,Pass
8.7,61.3,45.4,40.0,58.0,42.2,48.8,34.3,Fail
5.2,74.7,36.0,34.8,57.4,43.7,44.2,47.9,Fail
2.2,71.5,48.6,29.5,45.1,44.9,41.5,35.3,Fail
4.5,57.3,40.9,48.9,65.3,41.1,53.1,37.1,Fail
3.9,73.6,35.5,34.7,44.9,46.8,39.0,47.1,Fail
1.3,52.1,33.9,38.3,33.4,42.7,35.0,45.5,Fail
3.0,75.2,50.6,34.6,32.9,42.8,38.7,38.9,Fail
5.3,65.1,53.4,44.6,57.4,51.5,52.4,35.4,Fail
5.8,70.6,54.4,38.1,34.8,48.7,41.7,46.5,Fail
10.4,84.1,60.5,60.7,65.6,79.2,62.6,76.2,Pass
14.9,82.7,79.4,89.0,73.3,87.0,79.8,68.2,Pass
5.7,65.8,51.0,37.7,42.6,22.8,43.7,45.5,Fail
11.2,80.4,59.5,57.1,68.7,71.3,62.5,60.4,Pass
5.2,58.5,39.0,30.4,60.1,61.0,44.9,58.4,Pass
3.7,49.0,43.7,45.3,48.0,49.5,45.9,37.1,Fail
10.1,81.3,71.5,68.9,63.0,62.2,67.3,54.6,Pass
5.1,55.6,51.6,31.7,62.5,49.6,50.0,46.9,Fail
4.0,72.2,51.0,40.4,46.4,37.8,46.0,32.7,Fail
3.5,65.3,51.7,42.8,56.3,40.9,50.9,18.4,Fail
2.0,62.3,61.7,35.6,34.4,30.8,43.0,27.5,Fail
7.0,60.8,54.5,37.3,52.4,50.7,48.5,61.2,Pass
4.6,61.9,49.0,31.9,40.9,61.9,40.6,40.2,Fail
11.4,73.8,69.3,47.4,82.6,50.4,68.0,46.2,Pass
17.1,82.1,84.8,82.4,78.3,92.1,81.5,80.3,Pass
3.5,57.0,33.4,42.9,36.3,33.7,37.4,28.7,Fail
2.5,68.9,47.1,52.7,50.5,34.3,50.1,45.2,Fail
15.2,84.7,83.8,60.5,78.6,83.4,74.7,67.8,Pass
7.4,72.8,70.6,52.2,75.8,55.8,67.2,49.9,Pass
7.2,65.1,54.1,48.3,57.8,55.4,53.8,40.1,Fail
8.2,76.7,55.8,55.6,61.6,58.6,58.1,59.6,Pass
12.6,80.1,70.5,68.2,77.3,71.0,72.5,79.4,Pass
12.5,59.4,57.7,86.1,62.4,68.5,68.1,70.0,Pass
9.8,73.5,74.2,83.4,67.5,64.0,74.3,62.3,Pass
3.0,79.1,53.6,44.6,46.3,43.6,48.0,29.7,Fail
1.7,69.8,43.9,50.7,41.2,40.8,44.9,30.2,Fail
3.1,72.9,57.0,32.3,44.6,38.3,44.6,36.8,Fail
2.1,56.9,32.0,33.0,43.4,48.9,36.9,46.6,Fail
10.5,73.6,46.5,49.3,58.3,48.7,52.1,47.4,Fail
4.4,63.8,51.3,42.9,55.2,31.6,50.3,29.7,Fail
9.7,71.6,69.5,59.0,58.3,75.9,61.9,66.6,Pass
6.7,63.9,51.4,66.4,47.2,59.0,54.2,60.8,Pass
4.4,55.4,40.0,30.1,47.2,29.4,39.9,28.3,Fail
3.6,64.8,39.0,51.1,47.7,50.0,46.1,58.3,Pass
4.2,58.8,36.2,35.2,51.6,35.1,42.1,30.6,Fail
2.6,67.8,50.9,32.6,39.4,43.8,40.8,27.5,Fail
17.4,80.6,85.5,71.3,72.6,84.6,76.1,83.8,Pass
6.3,52.1,55.6,59.7,58.8,51.7,58.1,38.6,Fail
6.7,79.1,57.2,31.9,49.9,55.1,46.7,52.8,Pass
6.6,71.4,45.4,51.4,60.9,45.5,53.4,53.4,Pass
10.3,68.7,55.5,65.0,46.0,58.3,54.6,65.4,Pass
3.9,62.0,51.2,30.4,52.3,42.2,45.4,44.3,Fail
13.0,65.8,57.4,64.8,66.7,56.0,63.3,61.5,Pass
5.5,66.1,50.0,37.1,55.1,41.8,48.2,42.9,Fail
5.3,71.8,44.0,62.3,58.1,49.0,55.1,32.8,Fail
14.1,90.9,69.9,57.1,84.8,78.4,72.0,70.2,Pass
3.9,64.0,37.8,44.8,50.1,37.8,44.8,44.6,Fail
8.5,70.6,58.3,47.5,66.1,63.9,58.2,55.9,Pass
6.6,77.5,44.7,47.6,64.7,40.7,53.6,45.6,Fail
4.3,55.9,39.3,35.8,54.3,41.3,44.2,40.7,Fail
9.4,72.4,67.3,63.8,67.4,67.0,66.3,43.8,Pass
2.9,57.4,51.4,37.5,38.5,65.5,42.1,45.6,Fail
4.3,66.2,53.8,28.4,48.9,31.4,44.2,32.2,Fail
7.1,76.0,68.3,53.1,60.1,38.0,60.5,52.4,Pass
16.0,66.0,61.2,69.2,68.0,85.5,66.3,80.8,Pass
15.1,87.0,75.6,79.4,71.6,85.7,75.1,75.0,Pass
8.6,73.2,59.8,55.4,67.9,62.2,61.7,55.5,Pass
5.5,67.7,66.9,30.5,57.3,29.4,52.1,28.3,Fail
1.4,72.4,42.6,46.9,40.9,37.8,43.2,42.8,Fail
11.3,67.2,69.2,67.1,66.1,67.4,67.3,67.6,Pass
12.2,63.9,77.1,62.6,69.8,53.6,69.8,70.1,Pass
8.5,62.0,56.6,51.9,49.3,41.8,52.3,55.5,Pass
5.7,71.1,49.0,48.8,48.4,44.5,48.7,38.2,Fail
10.7,68.9,59.0,66.3,61.6,56.5,62.2,61.1,Pass
6.5,60.8,37.5,56.9,49.5,55.9,48.1,51.5,Pass
6.0,59.4,46.1,48.0,39.4,43.0,44.0,48.3,Fail
2.1,63.9,32.0,41.4,48.0,29.4,41.2,35.3,Fail
10.4,72.3,68.7,57.9,65.9,82.6,64.3,65.0,Pass
7.2,57.3,39.1,66.9,49.3,57.1,51.5,55.1,Pass
15.1,67.0,73.4,46.7,68.3,76.3,63.4,79.3,Pass
4.5,61.2,56.5,34.4,42.8,34.3,44.4,29.4,Fail
3.7,71.8,54.8,34.1,51.5,34.5,47.3,31.5,Fail
12.1,71.1,61.7,78.5,68.5,66.6,69.5,71.7,Pass
13.7,64.6,72.9,59.5,83.8,81.4,73.2,74.0,Pass
6.7,67.3,53.7,28.7,69.7,39.5,52.6,43.6,Fail
11.0,73.5,60.4,50.4,62.2,47.2,58.1,52.3,Pass
5.5,54.7,44.5,45.9,41.3,29.9,43.6,44.8,Fail
5.6,57.0,51.8,42.0,41.1,28.5,44.6,47.0,Fail
8.6,76.3,47.6,52.2,61.1,53.1,54.4,50.0,Pass
5.6,56.9,44.2,43.6,40.0,56.3,42.3,52.6,Fail
7.8,75.6,61.3,61.5,51.3,40.8,57.4,53.7,Pass
7.1,56.1,46.9,53.1,46.5,49.1,48.6,42.8,Fail
3.1,51.6,31.3,27.6,36.5,29.9,32.3,26.0,Fail
7.8,69.5,49.3,52.4,52.1,53.9,51.4,57.8,Pass
3.2,57.8,45.1,50.6,33.5,34.8,42.1,19.4,Fail
10.5,68.3,65.4,57.3,63.6,42.7,62.2,37.3,Fail
12.3,76.0,76.1,55.9,70.6,64.6,67.8,77.4,Pass
6.1,62.8,57.3,34.0,62.8,55.9,52.5,48.4,Pass
16.0,71.6,79.6,70.4,68.5,80.1,72.4,84.0,Pass
13.5,80.1,55.7,63.0,75.4,71.5,65.8,92.8,Pass
7.9,70.9,63.1,48.2,72.4,62.3,62.4,57.4,Pass
5.7,67.2,47.4,46.4,42.3,47.1,45.1,48.2,Fail
11.7,73.9,54.0,53.1,58.7,60.1,55.6,62.4,Pass
16.2,73.0,78.8,80.5,69.1,73.0,75.4,75.2,Pass
8.2,61.8,56.4,47.9,59.9,51.5,55.2,41.8,Fail
17.7,78.5,86.0,91.4,86.2,99.6,87.7,97.1,Pass
4.9,59.6,43.4,50.0,54.9,35.6,50.0,38.6,Fail
9.9,71.8,61.3,54.0,64.1,52.3,60.2,49.3,Pass
6.7,64.9,38.5,34.5,64.9,57.9,47.9,58.2,Pass
3.6,64.5,62.2,45.0,54.0,44.5,53.8,34.5,Fail
5.2,65.5,39.3,47.1,58.7,60.7,49.4,48.9,Pass
12.2,88.8,64.6,57.7,74.4,86.1,66.4,81.1,Pass
6.3,56.5,41.3,32.7,46.8,53.5,40.9,48.7,Fail
4.8,64.3,50.5,41.5,49.3,52.6,47.3,42.8,Fail
13.9,67.8,61.4,64.6,79.2,72.3,69.5,61.9,Pass
12.0,70.5,73.8,60.5,74.4,50.8,70.0,63.0,Pass
5.3,59.8,51.1,41.6,55.3,37.5,49.9,47.3,Fail
18.2,87.0,70.6,87.5,91.4,83.4,84.0,80.1,Pass
6.4,55.9,55.8,37.3,53.5,56.1,49.3,37.2,Fail
8.3,76.2,66.8,69.4,82.5,76.4,73.9,74.2,Pass
7.1,72.8,50.2,33.8,55.6,53.0,47.4,43.0,Fail
3.9,81.1,43.0,37.3,53.6,50.0,45.5,39.3,Fail
6.1,81.7,59.9,38.1,56.3,48.1,51.9,45.8,Fail
6.6,61.5,56.9,46.9,57.4,47.3,54.1,52.6,Pass
1.8,72.1,37.2,40.6,33.1,36.3,36.6,21.4,Fail
8.0,67.0,63.5,65.1,38.3,72.3,53.9,56.6,Pass
11.2,75.9,60.6,60.5,62.5,81.0,61.3,61.3,Pass
3.2,77.6,59.1,49.1,57.0,34.2,55.3,52.5,Fail
10.0,65.9,47.1,43.7,67.0,60.2,54.0,54.2,Pass
12.6,75.6,62.0,49.2,60.8,66.7,57.7,60.9,Pass
0.5,45.0,32.8,39.1,22.7,0.0,30.6,7.2,Fail
6.2,74.5,46.8,55.7,50.5,65.2,51.0,51.8,Pass
18.0,98.4,85.3,81.4,84.5,100.0,83.8,97.4,Pass
7.9,74.1,55.3,43.0,61.3,65.3,54.0,62.8,Pass
1.7,73.0,43.6,58.9,47.4,38.7,49.7,27.0,Fail
2.8,72.5,44.1,46.7,58.7,55.0,50.7,35.5,Fail
8.1,64.1,45.1,42.6,52.7,58.0,47.4,37.0,Fail
9.7,74.2,61.5,55.4,54.6,79.9,56.9,57.8,Pass
7.0,72.4,54.7,35.4,59.7,55.9,50.9,46.6,Pass
7.8,60.0,45.5,48.3,47.1,52.3,47.0,62.6,Pass
7.1,80.1,68.2,46.5,55.4,56.0,56.6,53.6,Pass
4.5,61.4,49.9,61.7,60.9,43.3,57.8,36.9,Fail
7.1,66.8,60.0,54.2,63.3,58.2,59.6,64.0,Pass
2.3,60.7,36.3,12.5,39.8,48.7,30.6,34.3,Fail
5.5,66.9,32.6,60.4,62.6,40.1,52.9,35.0,Fail
9.4,94.7,81.2,63.0,78.3,75.8,74.6,60.9,Pass
3.8,59.7,46.9,52.1,49.5,70.1,49.5,38.4,Fail
5.8,54.6,50.9,43.9,44.7,36.4,46.3,32.9,Fail
7.4,70.2,58.4,50.2,43.7,63.0,50.1,55.0,Pass
17.4,74.0,80.2,64.3,74.6,81.2,73.2,83.0,Pass
12.0,71.1,56.8,65.1,63.0,55.0,61.8,70.9,Pass
2.2,67.6,36.4,46.5,36.3,24.9,39.4,31.6,Fail
19.8,75.1,73.9,61.6,85.1,94.6,74.7,100.0,Pass
14.4,74.4,75.5,57.9,60.3,62.7,64.1,82.3,Pass
7.7,71.6,47.2,38.8,66.7,62.3,52.5,61.4,Pass
10.8,66.7,49.4,71.5,58.7,65.1,59.8,55.8,Pass
4.1,64.6,42.4,50.3,53.3,61.8,49.1,44.3,Fail
6.6,70.3,52.1,43.9,60.9,43.8,53.2,55.1,Pass
4.0,63.9,46.8,49.5,39.7,35.0,44.8,47.8,Fail
9.7,72.9,57.4,42.3,50.8,70.9,50.2,64.7,Pass
23.2,90.7,97.5,91.5,94.1,100.0,94.3,100.0,Pass
5.3,61.0,58.2,50.3,54.2,54.7,54.2,42.1,Fail
6.2,55.7,49.5,37.7,51.3,57.7,46.7,51.1,Pass
6.8,59.9,60.9,44.9,62.5,63.4,56.7,40.8,Pass
5.5,57.0,52.5,45.9,52.6,34.0,50.6,39.5,Fail
9.4,81.1,55.5,66.3,67.8,61.6,63.7,66.3,Pass
12.5,61.1,56.6,44.0,58.7,48.3,53.7,70.6,Pass
4.7,70.7,43.4,41.5,49.4,58.7,45.2,25.2,Fail
6.7,62.6,50.7,37.1,51.8,48.0,47.1,35.1,Fail
10.1,80.4,62.1,62.2,70.9,44.2,65.6,52.0,Pass
3.7,61.1,50.5,35.6,52.8,51.7,47.0,22.5,Fail
2.9,63.7,43.7,44.6,44.3,48.9,44.2,40.0,Fail
4.7,69.8,52.3,30.7,50.8,36.8,45.2,53.1,Fail
10.4,82.5,56.2,54.2,69.4,64.5,60.9,61.4,Pass
3.6,59.8,47.1,55.9,60.0,48.2,54.9,46.0,Pass
4.9,60.9,44.2,39.2,36.5,54.2,39.6,44.5,Fail
6.8,72.3,50.9,57.8,50.1,48.9,52.6,41.9,Fail
7.5,56.3,46.7,36.1,46.2,58.3,43.3,41.8,Fail
6.2,53.7,60.6,28.7,42.1,42.4,43.6,47.7,Fail
6.9,71.2,45.7,60.6,50.1,58.3,51.9,57.3,Pass
2.4,68.2,50.7,44.6,50.0,43.8,48.6,36.6,Fail
4.6,68.2,49.3,38.4,57.8,29.4,49.4,37.9,Fail
10.8,72.2,52.4,71.5,65.6,59.4,63.4,76.4,Pass
4.3,60.9,44.5,34.1,49.2,31.5,43.3,47.4,Fail
7.6,81.8,41.0,44.5,52.9,50.7,46.8,42.2,Fail
7.2,82.4,72.9,51.6,45.0,60.7,55.4,42.7,Pass
10.2,73.1,59.4,53.3,66.8,55.8,60.5,64.5,Pass
11.1,67.9,71.5,46.0,75.4,65.7,65.4,51.2,Pass
12.8,67.3,76.6,58.9,76.4,58.1,71.2,68.1,Pass
15.0,81.4,69.9,70.6,76.2,76.0,72.6,86.6,Pass
3.7,54.6,44.0,44.3,45.2,53.4,44.6,34.5,Fail
1.5,52.2,40.1,55.3,49.2,27.6,48.3,25.6,Fail
5.3,62.5,64.6,53.3,48.1,54.3,54.6,50.7,Pass
3.5,68.3,46.0,30.2,45.5,29.1,41.1,29.7,Fail
4.0,76.5,50.5,67.4,40.1,57.2,51.4,53.0,Pass
9.1,72.9,48.9,53.7,63.8,52.0,56.3,53.1,Pass
12.4,78.9,61.3,65.0,66.7,64.8,64.6,71.6,Pass
7.7,77.1,54.5,45.1,58.1,66.3,53.1,45.4,Pass
4.4,72.4,60.9,42.7,58.5,25.4,54.5,35.4,Fail
7.9,65.1,70.5,48.4,54.1,52.5,57.3,55.4,Pass
10.4,79.4,68.6,63.9,71.3,74.7,68.3,61.8,Pass
2.4,71.1,48.9,46.2,51.8,25.5,49.2,24.5,Fail
5.6,69.2,57.4,41.2,51.9,47.5,50.3,53.0,Pass
5.9,68.2,46.8,55.8,59.0,39.8,54.4,48.3,Fail
6.1,72.1,64.9,41.5,56.6,44.8,54.6,46.8,Fail
3.8,68.5,36.7,50.5,52.9,46.0,47.3,44.7,Fail
8.1,54.8,49.0,40.6,49.1,55.1,46.5,38.0,Fail
8.5,73.6,64.3,41.9,66.1,61.8,58.3,57.7,Pass
3.6,73.8,45.5,38.7,48.0,55.8,44.5,36.9,Fail
14.1,84.8,93.4,65.0,82.2,75.0,80.4,76.1,Pass
3.0,66.6,51.3,29.4,50.5,34.9,44.4,22.1,Fail
4.3,66.3,56.4,37.6,48.3,48.0,47.5,46.3,Fail
2.8,60.2,37.6,31.3,40.7,48.0,37.0,28.5,Fail
2.5,62.1,51.3,36.0,44.3,32.1,43.9,52.2,Fail
7.3,74.6,63.5,54.6,60.5,58.6,59.6,52.8,Pass
4.3,68.2,61.6,40.8,56.5,49.3,53.3,38.4,Fail
11.1,80.5,48.8,51.1,68.1,67.3,57.2,64.8,Pass
3.8,60.4,39.5,35.2,24.9,44.4,32.4,24.6,Fail
4.4,73.9,53.7,52.1,59.1,54.6,55.4,44.4,Pass
10.3,67.4,63.8,48.5,66.2,63.0,60.2,68.0,Pass
3.2,65.5,45.7,29.8,55.5,40.5,44.8,40.1,Fail
5.0,61.5,36.2,27.5,53.8,42.6,40.6,36.5,Fail
14.0,76.0,72.4,58.6,70.9,82.9,67.7,88.8,Pass
0.9,77.4,47.5,43.8,38.8,43.1,42.9,28.9,Fail
0.5,64.7,40.4,25.7,54.0,43.4,41.4,27.8,Fail
2.4,64.7,43.9,36.1,54.3,40.1,45.7,27.1,Fail
15.4,89.8,85.3,66.9,87.7,88.0,80.7,74.0,Pass
8.6,49.8,50.9,41.4,47.5,55.5,46.7,59.3,Pass
8.0,68.3,46.5,61.5,47.7,51.4,51.5,45.8,Fail
2.4,58.9,53.7,33.7,42.0,15.2,43.0,26.1,Fail
7.1,61.7,63.5,34.8,61.8,35.0,54.2,38.4,Fail
3.6,52.1,42.5,22.2,26.6,44.4,30.0,45.9,Fail
11.3,71.8,71.1,48.3,62.5,69.6,60.8,73.7,Pass
11.6,79.5,54.9,49.8,86.7,67.9,66.1,55.5,Pass
4.6,64.3,47.3,48.9,47.2,47.9,47.7,44.1,Fail
9.0,77.2,47.4,52.2,61.7,54.9,54.6,56.7,Pass
8.3,70.5,66.7,51.5,60.9,50.5,59.8,59.8,Pass
6.2,76.8,43.5,45.6,67.8,50.5,53.8,50.4,Pass
3.7,60.4,42.2,36.4,43.8,48.2,41.1,47.8,Fail
5.0,51.0,47.0,47.2,33.8,51.9,41.8,48.5,Fail
11.0,60.6,66.8,63.5,70.2,65.0,67.2,66.0,Pass
14.1,72.9,74.3,80.3,65.9,76.0,72.7,82.3,Pass
5.3,59.3,57.5,33.6,40.5,43.9,43.5,38.0,Fail
14.9,73.2,78.2,62.6,86.2,71.9,76.7,72.9,Pass
8.6,79.4,71.5,55.5,70.2,43.1,66.2,63.5,Pass
6.3,55.6,35.2,56.9,45.7,56.0,45.9,56.0,Pass
5.9,79.1,51.7,41.5,65.2,58.9,54.0,57.3,Pass
3.9,58.2,48.9,46.6,53.6,44.5,50.1,42.1,Fail
9.4,61.3,69.8,45.5,56.0,62.0,57.0,43.6,Pass
16.4,78.6,72.3,79.5,80.3,98.4,77.7,92.6,Pass
6.2,79.4,71.9,49.3,60.0,49.6,60.4,46.9,Pass
3.4,58.4,47.1,27.7,41.1,41.6,38.9,45.0,Fail
10.3,67.6,55.2,53.5,62.4,50.2,57.6,53.8,Pass
5.1,61.8,39.5,47.2,54.0,61.7,47.6,25.0,Fail
3.9,73.9,55.9,16.1,46.0,44.2,40.0,44.8,Fail
2.4,59.3,37.5,43.3,48.5,20.0,43.6,24.2,Fail
9.2,74.6,58.6,40.7,49.7,56.1,49.7,55.4,Pass
12.8,76.3,69.8,60.3,72.9,82.6,68.2,74.9,Pass
2.9,62.6,46.2,36.0,40.8,46.2,41.0,47.8,Fail
5.5,62.6,65.1,18.2,64.5,59.2,50.8,65.4,Pass
5.8,82.7,59.6,42.9,47.9,52.6,49.9,49.5,Pass
4.0,87.1,49.3,49.3,54.0,58.5,51.2,40.5,Fail
14.7,70.6,64.6,81.8,66.5,79.5,70.5,58.1,Pass
2.3,54.2,54.2,41.0,39.6,39.3,44.4,47.0,Fail
8.7,70.8,54.5,60.0,52.1,50.2,55.2,70.9,Pass
9.6,53.3,59.9,30.0,58.5,25.4,50.4,33.2,Fail
4.0,65.2,49.1,37.4,50.7,42.8,46.2,41.0,Fail
3.4,80.1,54.2,58.9,41.2,29.6,50.4,35.9,Fail
4.5,60.6,58.4,49.0,54.4,49.7,54.0,28.3,Fail
1.7,70.7,46.9,31.8,35.2,34.9,37.7,34.3,Fail
16.6,91.7,87.2,75.5,85.7,79.0,83.1,89.6,Pass
4.7,58.7,49.5,48.8,60.8,36.5,53.8,35.1,Fail
5.2,67.7,47.1,52.0,45.7,49.2,48.0,45.6,Fail
18.3,84.8,86.0,75.3,84.2,97.3,82.1,97.8,Pass
1.9,68.1,39.0,34.0,39.2,35.9,37.6,31.9,Fail
6.1,73.7,45.0,50.8,50.1,45.6,48.8,43.6,Fail
10.4,81.5,69.9,67.0,70.8,60.5,69.4,59.8,Pass
16.7,73.8,79.3,66.7,90.4,95.1,80.0,92.6,Pass
2.1,63.9,46.3,18.9,44.6,35.9,37.4,36.1,Fail
18.0,93.5,83.9,77.3,96.4,66.1,86.9,91.4,Pass
5.5,79.3,54.2,35.6,51.7,47.6,47.6,48.5,Fail
5.5,68.4,42.9,61.6,59.6,37.5,55.2,47.5,Fail
2.9,59.2,28.7,27.6,53.9,32.2,38.4,43.6,Fail
7.0,76.7,64.1,48.5,68.8,44.8,61.3,37.4,Fail
18.1,86.0,89.0,69.9,91.8,100.0,84.4,97.4,Pass
6.9,72.4,53.5,43.6,61.6,56.2,53.8,54.0,Pass
3.8,70.8,60.6,48.6,46.9,55.2,51.5,37.1,Fail
4.3,57.6,49.9,48.3,37.2,59.9,44.3,50.4,Fail
4.4,72.1,53.1,48.6,57.2,50.1,53.4,42.1,Fail
15.3,79.6,90.6,77.3,74.5,100.0,80.2,85.6,Pass
17.3,89.9,71.5,70.8,78.9,73.5,74.2,70.1,Pass
2.3,62.9,43.1,25.9,34.1,49.9,34.3,37.2,Fail
3.1,68.4,39.9,32.2,43.1,43.3,38.9,38.5,Fail
3.4,67.7,44.2,43.3,55.7,51.0,48.5,49.1,Fail
4.6,61.2,47.0,51.4,55.4,43.7,51.7,48.6,Fail
19.2,75.8,80.8,65.1,75.2,93.1,73.8,92.0,Pass
17.9,87.9,73.6,73.2,77.9,92.3,75.2,96.6,Pass
6.6,61.1,52.1,42.3,40.4,48.2,44.5,54.2,Fail
5.0,63.3,42.4,34.9,51.9,46.3,44.0,38.0,Fail
1.4,58.7,50.0,38.1,43.9,50.7,44.0,28.7,Fail
7.5,71.9,62.7,58.5,61.4,49.6,60.9,44.7,Pass
7.0,73.8,58.9,70.9,55.5,70.6,61.1,58.5,Pass
2.8,50.9,37.1,51.7,45.5,30.7,44.8,25.8,Fail
8.5,64.4,57.6,56.9,56.2,62.3,56.8,51.7,Pass
11.4,67.5,68.7,52.8,72.8,63.5,65.6,54.1,Pass
2.8,61.5,41.3,42.9,37.0,45.4,40.1,47.0,Fail
4.8,49.8,31.8,20.4,49.4,41.7,35.4,39.0,Fail
11.1,82.4,72.7,66.0,73.6,73.8,71.0,61.6,Pass
4.1,65.4,52.1,43.7,54.4,50.0,50.5,52.5,Pass
4.6,64.4,51.1,41.9,48.0,46.7,47.1,47.5,Fail
4.9,71.9,45.3,36.7,64.5,58.7,50.4,33.5,Fail
8.7,74.6,67.5,59.9,58.2,64.8,61.5,58.7,Pass
12.3,78.8,77.4,52.9,88.4,85.5,74.5,82.7,Pass
16.1,79.2,78.2,79.7,82.6,80.0,80.4,71.3,Pass
11.8,75.0,62.9,65.1,76.2,61.9,68.9,55.7,Pass
6.6,74.7,52.6,52.1,67.4,58.3,58.4,49.8,Pass
9.6,75.8,58.8,46.2,69.3,48.5,59.2,61.5,Pass
2.7,77.1,45.0,34.3,62.9,53.1,49.0,50.8,Pass
20.6,85.8,84.1,68.4,97.1,90.9,84.6,96.1,Pass
3.9,69.9,51.4,48.6,55.8,53.8,52.3,36.1,Fail
9.2,70.1,66.6,53.1,65.9,62.6,62.3,57.9,Pass
7.3,71.3,67.6,44.0,62.4,53.7,58.4,42.0,Pass
2.5,66.0,37.5,35.8,52.8,42.6,43.1,38.2,Fail
3.9,61.1,40.1,48.3,40.5,30.0,42.7,27.9,Fail
12.8,70.2,73.4,50.5,69.1,64.4,64.8,55.1,Pass
6.1,72.4,46.6,42.6,58.3,58.5,50.1,54.7,Pass
3.4,67.7,37.8,25.2,42.0,29.4,35.7,26.7,Fail
5.5,78.3,46.9,37.2,62.2,56.3,50.1,38.5,Fail
3.4,64.1,44.6,36.2,45.6,49.1,42.5,42.2,Fail
4.6,57.6,59.6,49.3,40.6,37.9,48.9,26.5,Fail
2.1,62.6,42.0,41.0,39.6,50.1,40.7,26.9,Fail
6.6,74.1,57.6,57.0,64.5,61.7,60.2,44.4,Pass
7.2,51.7,40.3,49.7,42.2,60.9,43.9,60.1,Pass
4.7,65.6,57.7,33.1,45.1,48.0,45.3,39.9,Fail
12.7,80.6,76.6,78.3,77.2,70.1,77.4,74.5,Pass
4.8,67.6,46.1,49.1,41.6,57.7,45.2,53.9,Pass
6.1,64.5,46.1,60.7,56.2,50.8,54.5,44.3,Fail
4.5,55.8,53.4,53.9,33.4,51.8,45.6,42.2,Fail
5.1,66.0,48.2,41.9,54.5,42.7,48.8,46.2,Fail
9.9,62.1,53.1,47.9,58.8,53.3,53.8,56.4,Pass
2.7,68.6,43.0,18.0,58.3,32.4,41.6,31.2,Fail
8.4,70.6,59.9,52.6,46.6,70.2,52.4,61.0,Pass
4.1,76.9,57.1,42.9,49.5,53.5,49.8,41.7,Fail
2.8,47.7,42.5,27.3,44.3,20.7,38.7,20.5,Fail
5.3,63.6,51.9,38.1,51.1,43.4,47.4,38.8,Fail
15.3,84.2,73.9,74.4,75.4,83.0,74.6,77.9,Pass
9.2,80.2,63.6,38.3,52.8,74.5,51.7,70.6,Pass
5.2,72.4,49.0,56.1,56.4,47.8,54.1,31.1,Fail
3.5,56.6,41.8,44.7,60.4,49.7,50.1,44.5,Fail
17.5,77.2,89.5,69.6,77.9,99.1,78.9,100.0,Pass
7.8,51.5,51.4,44.4,52.7,38.2,49.8,45.3,Fail
6.7,68.4,51.0,49.7,57.7,52.8,53.3,48.6,Pass
9.0,80.1,56.6,62.2,60.9,56.9,60.0,51.4,Pass
9.6,71.6,43.1,72.3,59.9,75.8,58.6,51.5,Pass
4.8,70.4,67.4,38.4,47.6,52.1,50.8,42.0,Fail
10.7,77.2,82.1,70.1,60.0,63.0,69.7,62.8,Pass
2.4,60.3,47.9,33.4,55.1,28.7,46.4,14.7,Fail
9.3,51.7,45.8,44.8,53.3,47.6,48.5,44.2,Fail
5.0,76.7,74.9,42.9,62.1,41.3,60.2,34.4,Fail
13.0,79.1,58.5,73.1,74.0,68.5,69.1,78.7,Pass
4.8,55.8,49.5,34.4,41.1,36.6,41.6,40.6,Fail
11.6,76.9,52.6,60.7,57.7,73.0,57.1,66.7,Pass
7.9,71.1,39.8,45.5,52.2,48.5,46.5,52.9,Fail
25.0,100.0,100.0,91.1,100.0,100.0,97.3,100.0,Pass
10.4,76.3,66.6,69.1,60.8,59.7,65.0,73.3,Pass
6.8,72.0,56.2,47.9,54.0,42.8,52.8,48.2,Fail
1.8,63.8,54.7,28.9,31.5,34.3,37.7,29.4,Fail
12.4,68.7,65.0,55.5,67.4,61.5,63.1,58.6,Pass
12.9,80.9,76.6,66.1,74.5,62.8,72.6,75.9,Pass
5.3,66.2,44.2,42.7,51.0,41.9,46.5,18.8,Fail
4.2,57.4,56.0,38.6,41.1,55.8,44.8,31.9,Fail
10.9,67.8,73.2,53.2,59.0,59.2,61.5,73.6,Pass
7.9,60.4,51.9,56.9,47.5,56.2,51.6,35.2,Fail
5.9,75.6,57.5,52.1,54.0,46.5,54.5,39.4,Fail
8.7,86.3,57.7,53.7,60.2,70.1,57.5,67.0,Pass
5.3,75.6,51.5,46.7,64.8,38.8,55.4,44.3,Fail
12.8,78.4,75.0,55.4,85.4,81.4,73.3,71.9,Pass
5.6,66.2,54.9,43.2,59.5,56.4,53.2,42.6,Fail
10.9,70.8,49.2,50.5,63.9,62.5,55.5,54.1,Pass
6.8,60.3,42.6,46.8,49.5,64.3,46.6,54.4,Pass
8.2,85.4,57.3,53.5,58.1,68.7,56.5,55.7,Pass
17.2,72.4,77.9,68.8,79.8,100.0,75.9,71.1,Pass
4.9,59.1,40.2,41.8,46.4,51.1,43.2,32.9,Fail
10.5,71.0,51.0,58.5,55.6,53.6,55.1,62.9,Pass
15.0,77.1,52.1,77.1,67.4,72.6,65.7,87.9,Pass
10.3,77.2,80.4,64.0,55.1,73.6,65.4,66.1,Pass
13.2,70.5,69.2,70.2,63.2,57.8,67.1,60.3,Pass
7.3,52.9,38.9,41.1,52.6,47.7,45.0,48.8,Fail
10.0,70.1,69.3,57.1,71.7,34.8,66.6,48.7,Pass
11.6,72.6,76.9,74.3,72.9,76.7,74.5,74.6,Pass
6.7,66.1,54.9,45.4,51.6,50.1,50.7,61.9,Pass
22.7,85.2,95.9,87.4,84.2,97.2,88.7,98.5,Pass
3.9,61.9,56.8,40.3,40.7,41.6,45.4,56.6,Fail
3.4,53.5,47.7,34.9,47.4,31.6,43.7,23.6,Fail
16.1,91.0,84.6,84.8,86.8,76.2,85.5,66.9,Pass
14.6,88.8,63.6,65.3,72.9,80.1,67.8,78.1,Pass
4.3,76.3,29.7,53.3,47.2,45.2,43.8,27.4,Fail
13.2,66.4,73.2,67.6,83.1,60.8,75.5,62.0,Pass
8.8,73.8,57.9,52.3,49.3,76.5,52.8,51.9,Pass
6.9,64.9,49.6,42.7,54.4,50.1,49.4,46.2,Fail
4.2,61.2,54.5,39.2,40.6,38.9,44.4,38.7,Fail
6.3,60.1,43.0,54.3,42.8,48.9,46.3,42.8,Fail
3.7,85.0,52.6,54.1,58.0,49.3,55.2,44.7,Fail
5.7,64.9,51.3,51.0,64.3,46.9,56.4,42.9,Fail
3.6,56.9,49.8,36.4,50.3,26.9,46.0,20.7,Fail
2.6,64.2,47.2,37.2,57.0,51.4,48.1,32.9,Fail
13.4,82.2,74.2,70.7,61.4,67.8,68.0,63.1,Pass
6.1,66.2,48.8,42.8,56.6,63.7,50.1,49.0,Pass
8.3,71.9,55.1,58.8,66.1,47.6,60.6,49.5,Pass
4.7,73.7,54.2,45.1,52.0,56.7,50.6,48.9,Pass
5.9,59.4,45.6,52.0,56.1,57.1,51.7,37.5,Fail
3.5,65.6,40.1,26.4,65.0,41.8,46.0,37.3,Fail
16.2,74.3,85.0,63.8,80.3,63.1,76.8,69.1,Pass
1.4,55.5,34.1,29.0,36.5,34.0,33.5,29.3,Fail
11.2,87.5,65.0,65.2,79.1,82.6,70.7,70.9,Pass
4.7,64.9,58.7,38.2,59.5,32.7,52.9,44.0,Fail
3.5,55.7,38.2,56.2,41.9,37.6,45.1,33.0,Fail
2.5,62.1,46.2,25.1,41.2,29.0,37.9,8.2,Fail
7.3,59.1,55.6,55.0,62.0,56.3,58.0,52.6,Pass
10.4,70.7,61.3,66.6,61.1,78.6,62.8,55.1,Pass
9.8,66.3,56.4,57.6,60.6,60.1,58.4,63.9,Pass
5.1,70.2,42.2,40.9,53.7,41.3,46.4,37.7,Fail
5.8,82.5,61.4,48.2,58.1,71.1,56.1,54.9,Pass
3.4,62.7,54.4,45.5,48.2,43.9,49.2,48.0,Fail
3.9,59.6,53.6,24.1,42.2,39.8,40.2,38.6,Fail
13.4,76.8,72.8,58.0,77.0,70.5,70.0,72.1,Pass
1.9,74.2,30.3,32.9,42.4,30.3,35.9,33.9,Fail
1.7,66.2,49.4,40.2,56.1,44.4,49.3,24.9,Fail
4.3,64.0,46.9,50.3,49.8,53.1,49.1,52.6,Pass
16.1,62.8,66.3,83.9,80.0,75.1,77.1,73.7,Pass
6.8,67.7,59.2,30.1,60.8,56.6,51.1,50.3,Pass
22.8,93.6,95.5,79.3,100.0,84.0,92.4,98.7,Pass
5.4,74.1,61.1,42.3,53.0,47.6,52.2,33.9,Fail
10.0,82.5,67.5,62.6,59.6,60.4,62.9,45.6,Pass
12.4,69.5,63.5,66.5,61.4,70.2,63.6,66.7,Pass
20.5,81.4,82.6,69.8,81.9,82.6,78.5,100.0,Pass
4.5,64.4,53.2,44.4,44.7,29.8,47.2,39.7,Fail
6.7,73.7,44.8,25.1,47.7,48.8,40.0,58.1,Fail
6.0,65.1,47.5,47.1,51.6,48.5,49.0,61.1,Pass
10.5,76.8,46.5,57.1,69.1,75.8,58.7,66.2,Pass
15.1,75.0,76.1,66.1,67.0,81.7,69.5,75.4,Pass
15.1,72.5,77.1,62.8,70.8,82.2,70.3,76.2,Pass
4.5,74.3,45.1,42.7,59.3,30.5,50.1,36.4,Fail
3.9,67.2,39.2,43.3,37.2,54.0,39.6,46.1,Fail
9.8,77.7,70.5,70.9,66.5,73.7,69.0,56.4,Pass
3.2,62.2,39.3,26.0,49.4,43.6,39.4,29.8,Fail
10.6,79.2,70.1,55.7,83.0,41.9,70.9,54.2,Pass
6.7,59.5,51.1,49.5,36.1,50.5,44.6,54.0,Fail
13.7,69.2,63.9,61.9,60.8,65.9,62.1,69.1,Pass
12.5,82.5,74.4,64.2,75.5,69.1,71.8,77.9,Pass
7.3,68.2,55.3,42.8,54.3,46.1,51.2,50.0,Fail
3.0,61.6,56.4,44.4,28.2,43.6,41.5,35.2,Fail
3.1,56.4,37.2,16.4,40.0,25.5,32.1,31.6,Fail
7.0,74.8,45.8,40.2,50.6,54.9,46.0,51.1,Fail
8.9,85.6,63.4,73.6,54.7,77.0,63.0,63.7,Pass
5.5,71.5,56.3,33.9,52.1,43.8,47.9,53.1,Fail
3.6,60.7,43.9,30.2,37.0,36.5,37.0,43.4,Fail
5.6,77.8,68.9,39.7,52.7,40.0,53.7,42.5,Fail
13.8,79.4,81.1,60.3,84.9,81.6,76.4,75.3,Pass
5.6,63.3,46.0,43.0,64.0,38.8,52.3,50.4,Fail
4.6,75.7,52.4,53.8,47.5,43.6,50.9,40.7,Fail
3.1,62.3,30.4,41.7,44.6,47.3,39.5,43.6,Fail
6.5,56.3,58.3,41.3,56.7,51.2,52.6,52.7,Pass
12.6,72.6,61.5,76.6,62.8,56.0,66.6,73.1,Pass
12.9,79.7,71.3,59.5,66.0,77.0,65.6,82.7,Pass
4.0,59.1,43.7,39.1,50.9,39.3,45.2,36.2,Fail
7.3,53.8,38.8,45.6,48.5,48.0,44.7,56.7,Pass
4.2,76.8,58.1,51.1,52.8,61.8,53.9,54.3,Pass
5.3,90.3,49.2,38.9,50.8,61.9,46.8,48.6,Pass
6.4,63.9,47.8,35.8,45.7,59.7,43.4,54.8,Pass
4.9,60.8,54.9,49.5,50.7,36.8,51.6,46.3,Fail
0.5,49.8,28.2,44.6,32.0,43.9,34.6,22.5,Fail
16.2,72.9,86.2,65.6,79.6,71.8,77.4,81.1,Pass
4.6,53.3,37.3,27.1,51.4,33.7,39.9,44.8,Fail
4.3,54.7,35.7,27.4,45.5,39.0,37.1,31.7,Fail
4.0,64.8,47.8,49.3,44.3,49.3,46.8,47.1,Fail
2.3,50.1,52.7,17.4,48.4,43.8,40.4,23.8,Fail
16.5,68.1,73.4,68.9,75.9,78.1,73.0,69.3,Pass
6.7,69.7,62.2,45.6,66.5,68.0,58.9,56.7,Pass
9.0,65.9,47.0,45.2,53.0,75.4,48.9,58.4,Pass
8.3,72.8,55.5,43.7,59.3,46.4,53.5,65.5,Pass
4.8,63.0,46.1,47.6,47.1,57.8,47.0,35.4,Fail
6.6,66.4,43.0,53.1,54.0,52.9,50.4,47.6,Fail
10.1,78.4,51.0,67.3,66.0,74.7,61.9,63.2,Pass
2.5,58.6,40.6,39.5,43.1,28.2,41.3,27.0,Fail
5.3,72.0,64.8,44.7,61.5,60.4,57.4,66.2,Pass
5.9,63.7,52.7,45.4,55.5,43.5,51.6,37.6,Fail
4.7,59.1,41.7,49.0,64.6,54.4,53.0,37.7,Fail
4.7,57.0,30.2,24.2,63.3,40.9,41.6,47.2,Fail
7.4,55.6,48.5,49.2,47.3,49.0,48.2,31.4,Fail
14.2,67.1,65.0,57.8,66.7,71.4,63.5,73.5,Pass
8.7,56.3,57.4,51.6,47.2,60.5,51.6,41.4,Fail
3.9,56.7,42.8,28.5,56.7,39.6,44.1,20.8,Fail
25.0,96.6,100.0,100.0,100.0,100.0,100.0,100.0,Pass
14.3,77.1,77.9,71.0,77.3,76.0,75.6,60.1,Pass
4.9,62.8,48.1,35.1,41.4,33.7,41.5,28.4,Fail
14.4,71.7,69.9,60.4,73.8,76.5,68.6,69.6,Pass
7.5,68.3,55.8,43.5,45.0,57.3,47.8,61.0,Pass
3.0,63.8,31.2,38.1,52.6,27.7,41.8,33.2,Fail
13.3,67.0,72.5,79.3,82.7,68.4,78.6,67.8,Pass
3.9,68.4,61.9,24.3,56.7,49.1,48.5,49.8,Fail
8.9,68.1,58.7,54.5,53.6,59.3,55.4,31.3,Fail
7.3,71.1,49.7,52.7,60.8,58.6,55.0,38.9,Fail
9.4,71.0,60.0,48.7,63.6,56.0,58.0,44.5,Pass
17.2,69.3,71.7,55.1,87.2,73.3,72.9,89.1,Pass
6.6,78.3,56.9,47.3,64.8,57.7,57.2,58.4,Pass
3.0,63.5,42.6,26.5,38.3,11.9,36.0,26.6,Fail
4.3,62.2,30.0,45.0,54.0,48.4,44.1,52.9,Fail
2.9,68.1,47.0,26.0,47.1,49.6,40.7,47.2,Fail
2.2,53.4,58.2,32.7,52.9,41.2,48.4,38.3,Fail
12.4,62.3,52.8,50.9,53.0,64.9,52.3,57.6,Pass
7.1,73.0,64.9,58.9,63.1,65.5,62.4,60.0,Pass
6.1,76.5,58.4,61.7,55.6,64.2,58.3,60.4,Pass
5.0,68.3,43.1,39.8,51.6,33.5,45.5,49.1,Fail
10.8,79.4,54.7,49.2,61.7,62.2,55.9,65.6,Pass
15.3,68.2,73.2,80.8,77.5,77.7,77.2,71.7,Pass
3.8,61.7,49.0,37.6,41.1,43.3,42.4,36.3,Fail
8.7,65.2,44.9,53.3,46.0,61.5,47.9,64.3,Pass
11.9,82.5,76.0,60.7,67.3,75.2,67.9,73.5,Pass
7.7,73.2,53.4,48.4,53.7,57.5,52.0,45.9,Pass
10.3,80.6,68.7,53.4,65.8,71.1,63.0,67.8,Pass
3.0,58.7,49.2,19.3,50.4,35.4,40.7,20.5,Fail
15.5,69.5,79.0,82.4,69.1,90.3,76.1,83.7,Pass
10.8,83.6,58.8,61.4,73.9,84.8,65.6,88.7,Pass
9.3,71.4,76.1,52.6,68.6,71.3,66.0,68.5,Pass
11.4,82.2,60.1,69.0,76.3,76.6,69.2,66.9,Pass
5.5,66.1,58.0,38.6,50.9,50.7,49.3,69.4,Pass
3.4,81.7,47.3,46.2,63.6,47.3,53.5,33.5,Fail
2.9,72.9,48.1,32.7,47.2,48.4,43.1,29.6,Fail
2.6,61.8,42.7,33.1,50.9,40.7,43.1,27.3,Fail
8.7,70.6,62.3,57.0,72.9,68.4,64.9,53.5,Pass
5.1,66.3,58.5,45.3,61.3,43.3,55.7,52.6,Pass
15.0,68.9,65.8,62.3,71.7,84.5,67.1,78.6,Pass
13.3,72.1,61.2,68.9,62.0,75.3,63.8,64.3,Pass
10.8,68.5,45.6,48.9,55.1,67.7,50.4,56.3,Pass
9.4,73.1,62.2,45.7,56.3,57.8,54.9,66.6,Pass
4.3,58.6,44.8,35.0,42.2,41.4,40.8,35.2,Fail
4.8,64.6,49.8,39.6,50.2,52.6,46.9,37.2,Fail
4.2,62.1,46.2,36.8,52.6,55.6,45.9,36.0,Fail
3.3,64.6,52.1,34.6,53.6,24.2,47.4,31.6,Fail
6.2,79.2,52.1,56.6,64.5,54.8,58.4,44.3,Pass
11.8,82.9,71.3,75.2,78.1,59.0,75.2,64.3,Pass
6.0,56.7,48.8,41.2,49.3,43.7,46.7,39.2,Fail
4.1,64.5,39.9,45.5,52.3,51.3,46.5,40.4,Fail
6.0,64.8,45.9,37.8,50.3,54.8,45.2,52.0,Fail
7.4,63.7,61.3,46.4,58.8,64.9,55.8,45.4,Pass
4.9,83.1,61.3,50.7,56.4,54.3,56.2,52.5,Pass
6.3,63.3,57.5,37.1,53.8,33.2,49.9,27.1,Fail
25.0,86.3,94.5,98.3,97.7,100.0,96.9,100.0,Pass
2.5,77.0,30.2,33.2,34.7,53.0,32.9,39.1,Fail
1.4,69.4,30.3,44.6,41.0,47.9,38.9,41.9,Fail
7.1,65.0,51.6,54.5,59.2,59.2,55.5,55.4,Pass
8.4,76.2,47.5,62.6,66.8,57.7,59.8,68.0,Pass
6.1,65.4,61.0,54.0,58.2,62.1,57.8,51.4,Pass
3.5,62.8,39.4,55.8,39.4,44.4,44.3,49.4,Fail
14.8,71.3,68.8,70.0,69.8,63.3,69.6,77.3,Pass
6.8,48.7,62.1,29.1,39.9,39.6,43.3,32.6,Fail
7.3,57.4,60.1,46.6,59.1,53.7,55.6,57.7,Pass
10.7,64.0,63.4,50.4,56.7,51.1,56.8,58.9,Pass
5.9,70.4,54.7,33.3,57.6,44.2,49.4,42.4,Fail
5.6,67.9,45.5,55.8,55.4,41.7,52.6,44.1,Fail
14.8,86.4,81.6,66.4,73.6,82.9,73.8,75.2,Pass
2.0,52.8,41.5,19.2,42.6,26.8,35.2,49.0,Fail
8.2,84.1,60.5,48.3,76.7,66.3,63.3,58.3,Pass
7.7,82.8,65.4,73.0,61.1,61.7,66.0,49.5,Pass
5.1,66.4,55.4,55.1,60.0,29.3,57.2,20.6,Fail
6.1,61.8,43.0,50.4,52.8,48.4,49.1,52.6,Pass
14.1,71.8,77.1,69.6,75.6,65.2,74.2,73.6,Pass
3.9,66.3,47.0,32.0,48.3,47.9,43.0,41.2,Fail
10.3,87.4,67.5,50.7,76.4,62.9,66.0,68.7,Pass
6.7,67.3,43.1,51.6,52.6,60.7,49.4,57.4,Pass
9.6,58.9,46.6,65.1,61.1,69.4,58.0,67.0,Pass
8.5,85.4,51.0,45.9,70.1,55.1,57.1,54.7,Pass
1.3,58.4,59.3,31.6,50.9,42.6,47.6,18.7,Fail
3.8,76.2,68.6,44.5,58.9,39.1,57.5,32.6,Fail
4.2,70.0,35.8,37.4,54.2,44.4,43.6,43.8,Fail
3.5,63.0,33.8,36.9,45.5,39.6,39.4,34.5,Fail
4.6,73.2,47.1,34.2,49.3,42.4,44.1,48.9,Fail
7.3,62.9,62.3,49.6,58.7,55.4,57.0,59.2,Pass
11.3,71.2,69.0,59.2,69.4,76.3,66.2,67.3,Pass
2.8,59.1,60.7,41.5,49.2,43.1,50.3,29.3,Fail
6.8,66.6,51.1,44.8,62.7,50.8,53.8,44.7,Fail
7.9,73.9,52.4,57.3,59.5,45.5,56.7,50.5,Pass
12.5,79.3,69.2,65.4,62.2,49.0,65.3,65.0,Pass
15.8,66.5,70.2,77.5,59.7,74.4,68.2,88.5,Pass
5.9,62.8,50.4,41.3,53.3,32.9,48.8,41.9,Fail
3.5,61.3,46.2,46.5,53.8,31.6,49.3,34.6,Fail
8.2,74.5,75.7,49.6,62.0,59.9,62.4,42.5,Pass
3.6,53.1,44.1,42.0,57.2,29.2,48.7,38.2,Fail
7.8,75.0,49.6,62.9,60.1,52.2,57.8,51.5,Pass
4.1,55.9,42.6,48.6,62.4,44.1,52.3,24.3,Fail
9.0,72.8,65.6,51.2,62.3,61.8,60.0,41.3,Pass
4.3,74.1,55.6,38.3,64.4,43.4,53.9,37.9,Fail
15.0,68.2,74.8,73.8,70.8,61.6,72.9,76.9,Pass
6.7,70.0,40.8,43.2,61.7,48.3,49.9,37.7,Fail
2.1,61.0,30.0,43.8,45.8,39.2,40.5,32.4,Fail
11.4,65.9,61.5,45.8,67.0,63.1,59.0,50.4,Pass
6.0,57.4,52.8,46.8,53.4,56.2,51.2,42.1,Fail
9.4,65.6,51.8,48.8,69.4,53.4,57.9,48.3,Pass
11.6,67.4,75.4,42.4,66.3,51.1,61.9,53.2,Pass
6.9,66.6,58.1,39.9,57.0,48.4,52.2,54.1,Pass
2.6,59.7,39.0,32.2,62.7,34.3,46.4,29.9,Fail
7.3,72.1,78.5,66.4,65.5,57.5,69.7,57.7,Pass
13.9,83.1,69.0,39.4,84.1,85.7,66.2,82.1,Pass
6.3,55.3,46.2,39.7,48.3,36.4,45.1,43.9,Fail
8.5,68.2,54.1,47.6,55.3,59.5,52.6,52.7,Pass
3.9,57.1,45.3,29.1,51.5,43.6,42.9,40.4,Fail
2.3,54.1,32.2,30.1,41.9,33.0,35.4,29.6,Fail
6.0,54.6,54.3,40.5,49.1,46.0,48.1,40.3,Fail
6.8,55.0,57.1,37.7,40.6,46.9,44.7,65.8,Pass
12.4,70.7,71.3,63.2,56.8,68.9,63.1,66.7,Pass
7.1,71.7,52.1,62.8,43.6,74.6,51.9,63.6,Pass
11.8,77.3,63.2,59.8,71.4,73.3,65.5,68.0,Pass
5.1,57.7,52.4,34.5,41.9,34.8,42.8,50.8,Fail
2.6,53.9,43.1,33.2,30.2,36.7,35.0,24.6,Fail
8.8,72.5,52.9,49.4,54.5,81.5,52.5,72.2,Pass
14.7,74.2,55.5,75.8,58.7,75.1,62.9,62.4,Pass
4.6,72.6,47.8,39.1,48.0,19.2,45.3,24.9,Fail
9.6,62.6,62.2,56.2,55.8,52.0,57.8,60.8,Pass
9.8,56.9,60.6,53.4,62.4,55.0,59.2,59.8,Pass
2.3,67.7,32.8,37.9,45.5,38.3,39.4,26.1,Fail
5.9,52.0,54.1,30.8,46.0,57.1,43.9,43.1,Fail
10.0,60.4,72.9,46.6,66.7,62.1,62.5,67.1,Pass
8.2,64.5,52.9,47.5,48.4,49.8,49.5,62.3,Pass
10.0,69.7,59.3,43.7,59.5,64.0,54.7,64.0,Pass
9.1,75.7,56.7,45.1,57.1,57.6,53.4,55.7,Pass
6.3,59.4,47.6,39.4,50.9,45.3,46.5,53.1,Fail
6.8,78.7,66.9,52.7,46.4,68.7,54.4,52.5,Pass
12.2,62.5,56.9,70.1,80.2,81.2,70.2,67.7,Pass
7.3,65.8,56.3,49.9,58.8,57.9,55.4,46.4,Pass
4.2,71.7,47.7,43.3,53.9,40.9,48.9,28.7,Fail
5.9,74.1,55.6,47.1,42.0,66.6,47.6,57.9,Pass
8.5,46.6,48.7,42.3,53.1,53.6,48.5,50.8,Pass
11.7,95.7,78.7,63.8,75.0,76.2,72.8,77.6,Pass
2.3,60.2,51.0,40.2,52.7,31.6,48.4,33.9,Fail
5.7,69.1,55.1,53.3,52.2,49.0,53.4,58.9,Pass
11.2,70.8,61.9,35.4,63.2,83.4,54.5,80.3,Pass
3.9,81.8,58.6,50.5,55.0,32.1,54.7,34.7,Fail
3.9,75.0,44.3,39.7,60.9,71.7,49.6,49.9,Pass
6.7,84.9,62.3,55.4,50.9,72.9,55.7,55.7,Pass
2.2,66.4,40.2,39.7,32.7,52.7,37.0,37.6,Fail
16.9,87.6,81.8,72.9,68.2,89.6,73.7,92.0,Pass
8.4,61.7,47.6,53.6,63.3,50.6,55.7,56.7,Pass
9.6,69.4,69.5,56.0,70.3,55.9,65.8,67.9,Pass
12.6,82.4,59.9,63.0,62.9,61.0,62.0,78.6,Pass
22.3,89.3,90.4,85.4,85.5,98.5,86.9,100.0,Pass
6.3,68.4,41.3,37.1,59.8,48.1,47.4,41.0,Fail
2.3,56.6,50.9,34.3,33.6,40.7,39.0,35.1,Fail
8.0,78.9,72.1,34.4,61.9,45.5,56.7,47.2,Pass
4.0,74.0,40.7,44.9,46.7,37.9,44.4,44.6,Fail
3.1,72.1,50.4,46.6,72.5,32.6,58.1,44.5,Fail
4.9,68.2,47.9,29.8,50.3,48.8,43.4,48.5,Fail
6.3,67.6,57.0,43.3,64.1,56.4,55.7,51.1,Pass
12.8,84.4,83.5,77.0,79.1,86.9,79.8,82.2,Pass
17.2,88.1,83.9,94.5,81.7,81.5,86.2,84.7,Pass
3.3,56.8,37.5,35.6,39.6,36.8,37.8,27.9,Fail
5.1,68.7,45.3,44.0,52.1,39.4,47.6,44.2,Fail
9.3,76.4,58.7,53.9,64.1,53.8,59.4,67.3,Pass
10.1,66.7,54.4,55.2,57.8,65.0,56.0,57.2,Pass
3.6,71.5,54.7,51.9,55.0,69.7,54.0,45.8,Pass
11.2,79.2,72.9,59.5,70.1,62.9,67.8,71.6,Pass
4.2,61.7,57.0,27.3,44.7,26.7,43.2,32.7,Fail
3.5,53.3,39.6,38.3,40.7,56.0,39.6,40.2,Fail
9.1,75.6,70.1,50.5,68.1,45.4,63.4,47.9,Pass
13.0,91.3,86.9,56.3,71.4,72.4,71.5,78.1,Pass
8.0,71.6,46.9,40.4,50.5,55.9,46.4,52.7,Pass
7.2,73.8,52.6,48.3,49.0,63.8,49.9,43.6,Pass
6.4,58.4,49.5,49.3,48.9,60.9,49.2,54.5,Pass
7.0,68.0,61.0,52.5,55.4,50.9,56.2,55.1,Pass
5.8,66.1,62.2,55.1,46.8,67.1,53.9,49.8,Pass
9.2,63.9,43.7,44.4,57.3,54.6,49.4,62.3,Pass
7.0,71.9,50.2,45.0,56.8,41.6,51.3,36.7,Fail
21.5,89.0,98.9,90.3,100.0,98.9,96.8,95.3,Pass
8.2,67.5,49.8,56.4,63.8,54.0,57.4,49.4,Pass
5.8,66.9,58.1,39.8,40.2,44.4,45.4,44.5,Fail
3.4,80.5,55.5,36.4,55.6,55.0,49.8,47.1,Fail
3.7,59.5,51.5,42.3,33.4,27.6,41.5,28.2,Fail
8.4,61.0,61.4,56.6,61.6,60.2,60.0,59.9,Pass
4.7,56.4,42.9,37.3,50.7,43.0,44.3,35.1,Fail
7.5,71.0,54.2,53.4,50.9,45.4,52.6,29.5,Fail
13.4,55.7,60.7,58.4,67.3,67.4,62.6,57.2,Pass
2.9,59.4,45.4,30.4,37.6,51.8,37.8,51.7,Fail
6.1,59.6,33.0,49.9,47.9,53.8,44.0,40.9,Fail
1.1,60.9,44.3,30.6,42.5,28.9,39.5,22.0,Fail
2.3,62.3,57.1,22.0,44.5,44.2,41.5,23.5,Fail
7.6,71.9,58.3,43.8,64.2,43.3,56.3,53.0,Pass
2.5,67.9,44.4,17.2,41.0,42.5,34.9,32.4,Fail
2.9,72.6,48.2,63.9,52.7,60.3,54.7,42.9,Pass
16.1,76.5,79.4,81.2,70.2,70.0,76.3,77.1,Pass
4.4,59.9,55.9,27.8,34.5,50.7,38.9,28.3,Fail
3.5,71.0,47.8,35.1,37.8,34.1,40.0,31.5,Fail
13.3,62.7,64.1,62.0,60.4,67.9,62.0,78.5,Pass
3.5,70.3,37.1,54.7,52.5,31.5,48.5,35.8,Fail
8.1,70.9,57.8,57.1,63.3,67.6,59.8,42.9,Pass
8.3,73.6,49.1,53.6,57.8,48.0,53.9,50.8,Pass
10.8,75.9,60.0,52.4,51.6,62.7,54.4,59.6,Pass
3.1,64.8,52.7,42.3,60.7,52.7,52.8,37.1,Fail
3.9,66.1,55.8,44.0,39.5,48.9,45.7,36.3,Fail
4.5,56.5,49.7,39.3,50.0,50.4,46.7,36.7,Fail
4.0,59.6,55.6,38.0,45.6,50.9,46.3,39.8,Fail
10.4,86.7,53.6,55.5,70.6,71.2,61.0,61.6,Pass
8.3,75.3,72.2,63.7,72.6,77.1,69.8,69.3,Pass
9.0,79.3,55.0,39.4,64.6,65.3,54.2,54.9,Pass
2.2,59.9,44.8,37.6,48.6,35.9,44.2,22.1,Fail
7.5,69.6,50.6,49.1,78.5,51.8,61.3,60.0,Pass
14.5,81.6,76.0,49.6,84.1,72.8,71.3,72.2,Pass
20.0,93.6,88.2,79.0,80.9,95.4,82.5,95.8,Pass
5.0,64.8,58.5,33.0,33.0,53.7,40.7,30.7,Fail
11.0,77.0,84.8,49.2,74.4,53.5,70.0,45.0,Pass
3.9,70.4,56.0,34.1,48.3,27.1,46.4,33.9,Fail
2.3,70.2,44.7,48.8,52.5,25.4,49.0,34.2,Fail
2.4,61.3,55.5,35.1,28.2,29.5,38.5,40.2,Fail
13.5,86.5,59.4,73.0,82.3,77.3,72.6,75.0,Pass
5.2,54.9,42.2,29.3,46.4,54.8,40.0,44.9,Fail
4.6,56.5,44.3,33.7,61.5,41.9,48.0,34.3,Fail
10.2,76.1,61.0,52.6,65.3,66.0,60.2,68.4,Pass
2.8,67.0,39.8,39.3,49.9,46.2,43.7,39.8,Fail
8.8,68.7,63.8,56.3,58.4,64.9,59.4,52.9,Pass
5.8,63.4,50.6,46.0,48.9,60.1,48.5,45.3,Fail
18.9,79.2,80.5,69.1,86.9,83.8,79.6,78.7,Pass
5.1,58.9,59.1,47.6,48.6,41.6,51.4,35.4,Fail
6.1,67.0,48.7,39.7,49.2,45.1,46.2,47.3,Fail
2.4,50.4,48.1,35.3,44.2,48.0,42.7,37.8,Fail
20.6,93.8,87.1,71.4,89.3,100.0,83.3,94.8,Pass
5.3,69.4,49.4,41.7,55.6,49.6,49.6,33.1,Fail
16.5,90.2,74.0,78.5,71.9,100.0,74.5,89.3,Pass
1.9,63.6,31.2,36.0,42.2,34.4,37.0,49.9,Fail
7.9,69.2,51.3,42.3,56.3,46.0,50.6,52.2,Pass
19.3,84.2,69.6,83.4,69.7,79.6,73.8,80.4,Pass
4.4,59.7,48.8,32.6,39.6,46.9,40.3,37.7,Fail
7.5,59.1,50.2,30.5,35.8,38.1,38.5,37.7,Fail
13.7,68.6,76.7,71.6,72.5,77.9,73.5,76.7,Pass
5.4,63.1,43.9,33.6,44.7,43.2,41.1,31.8,Fail
2.3,55.7,39.2,41.1,39.5,30.6,39.9,36.2,Fail
4.9,76.7,62.6,42.8,65.5,57.0,57.8,47.7,Pass
7.9,63.8,62.1,54.1,57.7,48.9,57.9,49.5,Pass
7.9,72.6,58.7,43.5,61.8,49.2,55.4,42.9,Fail
9.9,76.6,54.5,63.6,60.6,63.8,59.7,55.7,Pass
3.8,74.5,54.6,37.1,47.2,40.3,46.4,22.1,Fail
18.5,87.7,81.0,75.2,76.7,97.3,77.5,94.6,Pass
3.9,63.3,42.6,20.0,52.5,53.5,39.8,50.2,Fail
7.0,82.0,69.3,36.3,73.4,76.5,61.0,53.9,Pass
8.1,59.8,65.9,54.6,65.6,49.7,62.4,48.5,Pass
7.6,61.6,46.6,41.1,45.8,45.8,44.6,41.7,Fail
3.1,65.5,59.6,20.5,58.0,26.7,47.2,24.7,Fail
13.9,77.4,70.3,59.3,72.7,77.3,68.0,67.8,Pass
4.7,72.2,57.3,48.2,64.0,59.6,57.2,53.8,Pass
8.5,71.5,73.1,40.8,65.4,45.3,60.3,50.3,Pass
7.5,72.0,55.3,58.8,60.6,43.0,58.5,39.5,Fail
7.5,77.0,60.2,45.8,63.0,82.4,57.0,67.1,Pass
2.2,63.8,49.3,32.3,33.6,26.1,37.9,19.5,Fail
4.5,70.8,62.9,35.6,44.9,39.7,47.5,41.8,Fail
8.5,64.2,56.4,32.8,53.6,33.4,48.2,44.3,Fail
2.3,57.2,48.2,31.6,41.0,11.5,40.3,30.6,Fail
5.8,74.0,47.6,45.4,55.6,49.3,50.1,47.8,Fail
7.1,69.5,43.2,51.2,51.9,65.4,49.1,57.8,Pass
9.6,72.9,55.6,47.3,58.9,60.5,54.4,56.1,Pass
7.0,62.9,47.4,31.2,62.3,30.4,48.5,44.4,Fail
5.9,63.8,58.7,59.2,63.0,49.2,60.6,42.8,Pass
7.7,71.5,56.3,51.3,63.0,40.7,57.5,50.6,Pass
5.7,64.4,45.8,42.7,46.4,38.4,45.1,45.1,Fail
3.7,57.5,37.6,46.8,47.5,41.9,44.3,52.1,Fail
4.8,59.0,44.0,31.3,56.9,41.4,45.4,18.2,Fail
8.4,65.0,63.6,39.3,57.4,56.6,53.8,47.5,Pass
6.0,64.5,44.2,49.8,61.2,58.8,52.7,36.9,Fail
23.9,86.5,92.7,100.0,100.0,100.0,97.8,100.0,Pass
3.0,76.1,45.8,27.7,56.9,36.1,44.8,37.7,Fail
8.3,77.4,62.7,52.0,66.9,64.3,61.2,58.6,Pass
9.0,73.2,74.7,55.8,66.8,44.9,65.9,61.6,Pass
6.9,83.2,53.5,54.6,64.8,58.1,58.4,59.9,Pass
5.5,65.7,53.2,40.3,55.5,59.1,50.2,49.9,Pass
6.6,71.7,54.6,38.7,48.0,45.6,47.2,64.1,Pass
6.6,70.6,50.7,28.1,65.0,45.0,49.6,42.1,Fail
15.4,82.3,75.9,87.1,79.4,98.6,80.7,95.2,Pass
1.8,56.2,55.0,46.9,60.4,38.1,54.7,24.9,Fail
3.7,62.0,45.4,32.1,66.4,42.0,49.8,25.8,Fail
7.7,62.7,53.7,47.2,54.0,55.2,51.9,47.4,Pass
11.9,77.5,64.0,54.5,70.7,60.0,63.8,71.9,Pass
3.8,64.6,50.3,36.2,45.8,52.9,44.3,37.4,Fail
3.2,48.8,33.0,32.4,33.7,49.9,33.1,38.2,Fail
6.1,71.4,54.6,34.8,55.2,47.6,48.9,40.6,Fail
3.7,66.2,50.8,38.5,49.4,46.6,46.6,38.8,Fail
6.1,81.0,49.7,49.1,48.6,63.1,49.1,63.2,Pass
3.7,71.9,61.8,25.8,44.7,52.5,44.2,39.7,Fail
9.7,80.5,76.0,49.4,47.2,73.7,56.5,74.9,Pass
3.8,55.5,62.2,24.0,39.6,25.3,41.7,20.2,Fail
2.0,71.3,50.0,27.2,53.4,45.2,44.5,15.6,Fail
9.7,70.1,63.8,51.2,73.2,74.2,63.8,53.9,Pass
6.7,62.5,51.5,43.4,39.7,55.1,44.4,51.5,Fail
5.1,47.4,45.0,36.2,35.8,54.5,38.7,40.9,Fail
5.2,76.7,60.8,63.9,65.1,52.3,63.4,42.2,Pass
7.1,66.2,54.2,49.4,49.8,56.0,51.0,37.4,Fail
3.2,62.9,44.1,40.7,43.0,40.6,42.6,25.8,Fail
2.5,65.6,49.2,37.5,41.7,44.5,42.7,29.5,Fail
3.8,79.5,46.4,29.8,59.1,53.5,46.5,45.4,Fail
5.5,64.8,63.1,41.7,65.5,36.7,57.6,46.6,Fail
3.6,64.2,46.5,38.5,48.2,42.8,44.8,32.1,Fail
15.4,86.2,82.8,76.6,77.9,82.3,79.0,75.7,Pass
3.8,62.3,39.9,28.5,45.0,36.1,38.5,27.8,Fail
6.8,61.5,51.7,39.8,59.7,52.3,51.3,57.1,Pass
8.7,52.9,50.1,37.1,57.7,43.4,49.2,46.0,Fail
12.8,86.1,68.6,58.2,72.4,65.7,67.0,72.1,Pass
16.8,82.1,69.1,69.4,79.9,77.8,73.5,80.1,Pass
20.4,88.8,95.9,70.8,87.7,83.5,85.1,81.8,Pass
12.5,71.1,70.2,67.3,64.7,62.9,67.1,63.5,Pass
11.4,79.1,55.2,50.5,57.7,83.6,54.8,77.5,Pass
3.3,59.3,42.7,42.8,53.2,30.3,46.9,29.4,Fail
9.0,72.1,57.9,48.4,45.7,50.8,50.2,51.7,Pass
5.7,67.7,54.9,39.8,55.8,49.7,50.7,33.6,Fail
5.7,75.9,53.0,53.8,55.8,42.9,54.4,56.7,Pass
5.1,71.3,60.3,49.4,54.0,41.0,54.5,41.4,Fail
3.3,58.9,52.0,40.8,42.1,29.1,44.7,40.6,Fail
4.6,70.3,67.9,26.8,52.5,45.4,49.4,38.1,Fail
3.7,61.5,28.0,49.2,56.6,40.5,45.8,42.0,Fail
1.8,55.7,51.2,45.8,43.1,39.8,46.3,32.9,Fail
13.9,81.1,78.5,63.2,77.3,77.3,73.4,81.0,Pass
6.7,69.6,52.9,38.2,57.2,61.9,50.2,72.2,Pass
6.9,58.7,49.4,33.7,47.5,43.4,43.9,45.9,Fail
6.4,63.6,51.2,42.0,49.3,38.8,47.7,40.9,Fail
11.9,80.2,69.8,51.1,74.6,61.3,66.1,70.9,Pass
7.3,71.9,51.8,46.7,51.6,70.8,50.2,50.9,Pass
14.2,80.5,59.7,61.0,73.0,57.8,65.4,63.5,Pass
9.5,86.2,60.7,45.1,75.2,74.1,61.8,65.6,Pass
4.1,72.9,47.9,35.9,46.7,55.7,43.8,45.1,Fail
13.0,74.7,73.0,62.7,71.0,73.6,69.1,87.6,Pass
8.1,66.5,46.6,40.9,54.6,46.1,48.1,40.6,Fail
6.3,62.1,56.4,40.9,56.9,53.2,52.0,47.9,Pass
11.1,69.6,53.4,64.6,64.9,57.7,61.4,62.5,Pass
6.8,55.4,53.4,36.7,47.1,42.9,45.9,35.3,Fail
10.0,62.3,63.1,43.9,57.4,60.1,55.1,62.5,Pass
2.9,68.7,45.4,39.3,43.2,37.3,42.7,40.4,Fail
6.9,80.6,58.3,60.5,55.3,47.6,57.8,51.1,Pass
4.3,65.6,53.9,44.5,38.2,43.1,44.8,46.4,Fail
20.0,78.4,78.9,72.3,87.6,95.2,80.4,83.6,Pass
13.6,49.1,64.4,50.8,59.2,74.1,58.2,77.3,Pass
7.5,82.6,57.0,47.5,65.2,64.3,57.4,49.7,Pass
12.9,64.8,77.6,56.3,69.9,81.3,68.1,59.1,Pass
4.3,53.4,49.0,60.0,43.5,45.0,50.1,39.6,Fail
5.0,63.6,40.7,42.7,46.0,44.2,43.4,23.9,Fail
1.5,61.5,56.0,49.8,35.3,53.2,45.9,36.7,Fail
9.7,71.7,68.9,61.6,65.2,58.5,65.2,62.9,Pass
1.4,54.8,29.6,9.0,37.8,38.7,26.7,18.1,Fail
4.7,69.0,37.9,38.0,45.5,57.6,41.0,38.7,Fail
2.9,59.3,33.8,35.6,29.2,17.4,32.5,29.6,Fail
11.7,70.1,56.6,59.7,64.1,66.7,60.5,58.6,Pass
18.9,80.5,83.2,77.3,84.7,79.2,82.0,78.1,Pass
10.6,67.3,62.0,39.6,71.3,50.2,59.0,53.9,Pass
9.6,61.5,63.5,35.6,60.5,48.5,53.9,61.3,Pass
7.6,59.6,50.6,46.2,62.5,35.2,54.0,55.2,Pass
7.2,59.8,50.3,42.1,49.0,57.5,47.3,42.5,Fail
3.9,68.3,49.2,52.1,48.0,43.0,49.6,46.9,Fail
2.2,65.8,53.1,36.3,39.6,48.6,42.7,45.2,Fail
7.1,66.4,39.0,54.1,51.7,55.6,48.6,65.5,Pass
8.1,68.0,54.5,55.6,63.9,55.7,58.6,51.1,Pass
8.1,79.1,70.5,52.0,69.9,51.4,64.7,61.5,Pass
8.8,74.7,60.6,62.9,63.9,57.4,62.6,58.1,Pass
10.1,84.6,63.2,54.2,58.6,69.7,58.7,59.6,Pass
6.9,63.7,46.4,45.6,43.7,48.3,45.1,51.0,Fail
3.6,55.0,50.9,37.3,43.9,33.8,44.0,18.3,Fail
8.6,78.3,56.8,45.9,57.7,59.5,53.9,65.4,Pass
9.8,71.6,57.2,44.0,67.3,70.9,57.3,75.5,Pass
5.5,60.2,60.0,30.5,55.3,46.3,49.3,47.4,Fail
9.8,75.7,53.9,46.1,65.8,71.5,56.3,61.0,Pass
7.2,63.0,66.4,45.3,52.8,31.9,54.6,39.5,Fail
3.3,69.5,48.8,42.4,50.1,44.4,47.4,49.3,Fail
22.5,90.9,92.5,75.9,99.0,100.0,90.1,94.6,Pass
5.4,64.7,52.5,43.5,49.6,38.9,48.6,48.8,Fail
3.4,50.6,42.1,32.8,40.9,38.5,38.8,46.7,Fail
4.3,57.8,41.7,47.3,48.5,50.1,46.1,44.8,Fail
1.1,73.5,47.0,31.2,38.4,38.7,38.8,37.6,Fail
5.6,80.7,51.5,61.8,53.0,43.2,55.2,17.0,Fail
14.0,97.5,80.7,77.0,76.9,86.1,78.1,89.5,Pass
7.5,72.2,75.2,46.6,68.3,65.5,63.9,58.1,Pass
4.0,56.1,50.1,32.9,42.8,41.5,42.0,38.8,Fail
6.5,78.5,55.0,56.9,58.7,55.0,57.0,50.9,Pass
1.5,59.7,43.0,30.2,46.6,28.6,40.6,37.0,Fail
6.5,62.3,49.1,45.2,47.4,52.9,47.2,58.9,Pass
5.5,69.3,50.3,39.8,59.4,45.2,50.8,46.9,Fail
11.3,88.7,68.3,57.0,78.9,100.0,69.2,67.8,Pass
8.2,69.0,60.9,39.3,44.7,65.3,47.9,60.4,Pass
3.5,64.3,53.5,51.1,51.1,45.5,51.8,38.5,Fail
11.1,61.1,77.4,51.1,72.2,65.5,67.4,70.7,Pass
13.3,76.8,74.8,64.7,70.5,71.5,70.0,72.4,Pass
8.3,75.3,50.4,56.5,63.9,63.2,57.6,60.3,Pass
5.8,66.3,41.2,56.5,42.2,55.4,46.2,37.3,Fail
4.8,65.7,48.8,37.0,39.6,38.3,41.6,35.2,Fail
15.8,80.8,83.8,49.2,77.3,76.4,70.8,70.8,Pass
8.0,61.2,52.7,48.7,48.8,56.1,49.9,47.0,Fail
7.1,50.3,47.8,47.7,52.5,51.4,49.6,48.3,Fail
3.0,62.8,52.0,32.4,49.3,37.3,45.0,40.3,Fail
3.8,62.8,46.2,44.0,59.9,39.1,51.0,32.8,Fail
2.5,67.6,53.6,37.4,53.4,45.5,48.7,41.3,Fail
5.8,86.1,45.4,46.1,53.9,59.9,49.0,51.2,Pass
4.7,76.0,56.0,56.3,55.0,46.2,55.7,38.0,Fail
7.3,52.3,36.1,41.2,50.8,29.3,43.5,44.0,Fail
12.3,94.9,75.2,80.7,80.6,82.6,79.0,70.4,Pass
9.8,77.1,69.9,56.1,51.6,71.1,58.4,69.7,Pass
10.9,71.0,50.1,49.2,60.3,68.9,53.9,57.9,Pass
12.2,86.5,52.0,46.3,78.0,86.9,60.7,95.9,Pass
4.0,44.4,48.1,45.6,45.5,45.2,46.3,49.9,Fail
5.2,61.9,52.6,50.5,51.1,49.0,51.4,34.7,Fail
4.7,67.2,40.8,49.3,46.1,38.6,45.5,37.2,Fail
10.1,72.7,64.0,67.0,63.7,63.1,64.8,56.4,Pass
3.0,75.7,44.4,56.7,50.1,44.0,50.4,34.3,Fail
14.4,86.7,73.4,49.1,71.6,79.0,65.4,85.1,Pass
5.1,71.6,49.5,28.2,55.0,35.8,45.3,43.8,Fail
3.1,61.5,34.0,34.7,44.6,44.7,38.4,31.8,Fail
5.2,73.9,59.8,53.7,52.6,45.2,55.1,39.7,Fail
5.4,61.7,40.8,44.9,46.4,49.5,44.3,49.4,Fail
5.9,73.3,54.5,48.9,47.1,47.2,49.9,37.9,Fail
6.1,61.5,55.9,39.8,60.6,46.5,53.0,47.2,Fail
12.1,76.9,60.6,53.2,72.4,60.5,63.1,59.2,Pass
8.0,58.0,51.2,46.2,56.5,44.4,51.8,52.9,Pass
3.1,72.0,43.7,37.5,52.5,47.6,45.4,35.6,Fail
5.4,62.9,63.5,38.6,33.8,54.6,44.2,46.0,Fail
4.7,54.7,53.1,44.7,59.7,42.1,53.2,35.3,Fail
6.9,60.6,58.1,45.2,35.8,61.2,45.3,61.1,Pass
6.3,65.1,69.8,49.1,62.6,59.3,60.7,56.5,Pass
16.9,73.0,78.5,69.4,79.8,83.2,76.3,85.9,Pass
10.9,78.8,62.8,64.9,60.2,58.5,62.4,68.8,Pass
9.3,68.9,47.8,42.7,60.3,60.4,51.3,61.0,Pass
1.4,69.2,38.0,22.7,47.4,39.7,37.2,27.3,Fail
10.7,70.6,63.9,53.2,61.5,68.1,59.7,56.6,Pass
1.8,67.9,51.4,42.8,54.7,35.9,50.1,32.4,Fail
4.9,66.0,44.4,39.0,39.7,39.5,40.9,41.7,Fail
5.3,64.3,62.6,61.0,45.8,33.9,55.4,36.8,Fail
11.8,65.8,51.0,48.2,54.8,65.1,51.7,55.3,Pass
3.5,64.7,43.4,37.1,37.2,41.0,39.0,38.9,Fail
5.9,73.0,56.9,29.7,57.2,60.5,48.9,54.0,Pass
2.6,57.6,43.5,48.4,54.7,29.8,49.4,41.0,Fail
8.9,70.6,62.8,51.1,67.6,58.2,61.2,54.9,Pass
5.0,61.6,49.5,20.2,47.8,33.2,40.0,27.4,Fail
7.3,84.2,65.0,49.3,72.9,73.1,63.4,60.6,Pass
0.8,63.5,38.7,9.5,48.5,28.8,33.9,27.5,Fail
3.2,64.6,43.4,49.2,42.0,29.9,44.6,27.5,Fail
7.5,65.1,47.9,39.6,53.2,52.7,47.5,46.1,Fail
9.6,78.6,80.2,56.1,69.9,64.8,68.9,68.7,Pass
14.5,77.4,71.6,59.6,69.6,69.7,67.2,72.1,Pass
13.3,75.4,72.7,61.3,65.5,71.8,66.4,70.8,Pass
4.5,64.8,46.7,48.3,54.7,36.4,50.4,29.2,Fail
7.2,59.8,65.1,42.1,62.5,45.1,57.2,47.1,Pass
10.2,84.2,65.6,63.5,61.3,62.1,63.2,57.0,Pass
7.9,76.8,61.5,26.3,64.0,79.6,51.9,56.3,Pass
5.4,66.6,43.8,32.1,53.7,56.7,44.2,35.9,Fail
7.4,68.1,69.3,48.8,51.4,53.8,56.0,54.9,Pass
13.9,69.6,70.4,56.5,73.7,69.8,67.6,66.5,Pass
6.5,56.0,64.2,53.9,56.8,59.4,58.2,42.0,Pass
9.0,63.8,52.3,58.3,62.1,67.9,58.0,56.8,Pass
7.7,78.4,55.4,63.8,58.6,56.0,59.2,59.6,Pass
4.4,62.2,43.2,41.1,50.1,64.8,45.3,50.3,Pass
11.8,82.8,66.2,55.0,72.2,66.7,65.2,68.9,Pass
6.6,67.7,58.9,52.0,56.5,49.5,55.9,55.4,Pass
5.3,59.4,32.0,32.0,53.2,49.3,40.5,50.4,Fail
7.7,63.4,54.0,45.2,49.1,54.0,49.4,52.1,Pass
12.6,77.1,62.1,65.7,64.1,66.5,64.0,71.9,Pass
7.4,55.9,44.5,38.9,44.2,46.6,42.7,52.0,Fail
7.3,62.6,57.1,68.2,62.3,48.3,62.5,52.6,Pass
8.8,66.9,60.1,57.6,59.7,58.5,59.2,61.7,Pass
10.0,78.6,70.5,48.4,62.7,61.9,60.8,55.7,Pass
5.7,69.1,55.2,53.4,63.0,54.4,57.8,44.6,Pass
6.1,68.8,54.3,60.3,53.0,54.3,55.6,52.4,Pass
5.4,70.2,47.4,30.9,37.5,39.8,38.5,44.1,Fail
8.8,78.8,53.8,65.6,57.9,57.8,59.0,67.8,Pass
6.6,68.3,58.5,35.2,56.7,60.4,50.8,63.8,Pass
6.8,59.9,49.5,44.9,55.1,48.5,50.4,53.3,Pass
6.9,69.8,57.9,49.2,52.1,44.0,53.0,30.0,Fail
2.9,56.8,42.8,29.6,40.5,34.8,37.9,38.7,Fail
9.6,55.0,39.4,43.9,51.1,54.8,45.4,53.9,Pass
5.6,68.2,55.5,36.7,58.1,67.6,50.9,44.6,Pass
6.6,72.1,49.8,42.7,65.1,49.0,53.8,43.7,Fail
5.0,68.8,57.6,34.3,47.9,43.6,46.7,32.5,Fail
3.4,68.1,32.4,49.5,56.1,45.8,47.0,46.8,Fail
7.4,77.8,73.3,37.5,63.7,61.5,58.7,59.6,Pass
8.5,62.4,51.0,65.5,55.3,74.4,57.1,45.1,Pass
22.3,83.7,93.5,83.8,92.0,97.1,90.0,100.0,Pass
4.7,55.3,40.3,20.3,39.1,38.6,33.8,27.7,Fail
10.4,76.1,59.0,63.9,59.2,54.6,60.6,66.5,Pass
5.5,76.4,59.4,42.7,49.4,39.5,50.4,33.8,Fail
11.0,68.8,61.0,45.7,56.6,63.0,54.6,43.8,Pass
9.3,76.9,60.6,51.6,66.3,53.5,60.2,59.4,Pass
4.8,59.6,54.3,33.5,64.0,29.3,51.9,40.6,Fail
3.3,69.1,48.8,51.1,43.4,37.4,47.3,42.6,Fail
2.6,45.2,42.3,25.0,37.3,21.5,35.1,23.6,Fail
11.6,86.1,64.0,50.1,77.9,69.3,65.4,68.7,Pass
3.8,55.8,49.7,30.9,38.7,28.0,39.7,36.3,Fail
2.3,64.1,44.7,27.2,34.9,34.3,35.5,40.2,Fail
11.4,84.9,71.7,71.0,57.9,75.3,66.0,68.7,Pass
6.8,58.8,54.2,46.5,53.1,47.3,51.4,43.1,Fail
5.7,80.9,64.7,34.6,54.5,51.2,51.6,29.4,Fail
10.0,88.8,70.7,49.7,60.7,56.0,60.4,61.5,Pass
5.5,72.1,43.4,41.1,48.0,55.1,44.6,58.5,Pass
9.5,71.5,55.7,37.2,67.6,61.1,54.9,64.7,Pass
4.8,64.3,50.7,31.7,47.2,43.3,43.6,49.1,Fail
13.8,81.2,75.1,68.6,80.9,77.6,75.5,79.9,Pass
4.3,71.1,39.3,58.6,52.6,46.5,50.4,44.3,Fail
9.6,55.4,47.9,33.4,56.7,57.8,47.1,48.1,Fail
12.4,72.6,75.3,85.0,69.8,77.7,76.0,66.6,Pass
0.6,56.0,53.7,33.7,45.1,28.2,44.3,14.7,Fail
9.1,65.1,44.5,41.1,59.1,52.3,49.3,59.4,Pass
4.4,59.6,48.7,53.3,48.9,39.1,50.2,47.1,Fail
10.0,61.6,58.9,56.2,46.2,52.7,53.0,65.1,Pass
7.7,81.6,68.0,60.0,60.8,51.7,62.7,44.5,Pass
8.9,66.0,61.6,58.5,48.7,57.4,55.5,53.0,Pass
6.5,66.6,59.6,55.6,47.5,48.9,53.6,34.5,Fail
12.9,73.0,49.5,50.4,74.0,68.8,59.6,60.7,Pass
2.7,58.8,43.0,42.9,42.3,42.4,42.7,25.7,Fail
12.1,77.9,60.3,61.6,80.2,72.4,68.6,81.0,Pass
4.8,63.3,41.5,46.6,53.3,57.3,47.8,42.9,Fail
1.8,67.0,33.9,29.6,38.0,37.9,34.2,22.0,Fail
7.0,81.0,60.1,44.8,57.4,54.1,54.4,46.1,Pass
4.5,56.6,48.6,33.8,51.3,42.3,45.2,47.1,Fail
8.7,73.0,64.3,59.0,65.4,65.4,63.2,60.0,Pass
9.2,73.4,57.2,52.8,68.3,78.6,60.3,56.5,Pass
6.2,58.0,60.9,38.3,36.8,49.7,44.5,55.6,Fail
8.9,75.8,53.1,50.5,50.1,61.7,51.1,61.8,Pass
8.0,67.5,44.8,60.7,51.5,65.8,52.2,50.3,Pass
6.9,80.9,59.8,54.9,64.7,52.8,60.3,51.0,Pass
6.1,75.3,49.3,51.4,60.9,52.1,54.6,55.8,Pass
5.0,66.0,54.1,44.9,31.5,49.5,42.3,38.1,Fail
17.0,78.7,72.3,81.7,73.3,77.1,75.5,86.6,Pass
6.7,81.9,53.3,40.7,62.9,43.2,53.4,50.0,Pass
8.2,65.2,50.7,57.3,49.2,61.4,52.1,48.4,Pass
9.7,73.8,55.7,55.5,64.4,53.1,59.1,49.5,Pass
5.8,66.4,51.5,36.0,55.8,56.8,48.6,29.8,Fail
8.6,79.9,63.1,53.7,59.9,57.5,59.0,53.4,Pass
16.1,89.5,73.2,70.3,81.9,82.7,75.8,69.4,Pass
4.3,69.5,40.1,44.9,48.2,30.1,44.8,21.6,Fail
16.1,75.1,78.7,77.3,81.4,84.3,79.4,65.8,Pass
10.1,70.9,64.6,44.8,62.1,65.5,57.7,58.8,Pass
4.8,55.9,52.1,55.0,35.1,49.0,46.2,48.1,Fail
4.2,67.0,40.2,25.9,52.3,50.4,40.8,32.9,Fail
16.1,72.9,67.5,62.0,75.4,62.5,69.0,83.4,Pass
11.6,91.8,77.3,81.2,78.5,63.3,79.0,76.5,Pass
6.3,63.2,58.7,31.3,47.9,35.9,46.2,33.4,Fail
5.2,74.4,49.4,39.7,51.9,45.7,47.5,28.0,Fail
4.8,78.0,45.4,38.1,50.0,41.3,45.0,50.1,Fail
6.1,74.0,48.8,25.1,61.5,53.0,46.8,58.4,Pass
6.5,63.7,44.4,44.2,56.9,49.6,49.3,46.4,Fail
7.5,64.4,60.7,51.6,67.2,57.2,60.6,52.4,Pass
3.8,88.1,59.7,49.4,56.1,55.4,55.2,46.6,Pass
4.7,81.4,54.5,40.3,47.0,32.1,47.2,42.1,Fail
5.9,69.5,47.2,27.5,46.0,56.1,40.8,55.0,Fail
19.4,80.6,75.9,71.5,91.6,86.3,80.9,87.9,Pass
8.0,62.6,49.9,40.1,64.6,61.1,52.8,45.1,Pass
2.9,58.5,36.2,38.2,33.7,25.0,35.8,25.2,Fail
3.9,70.4,50.7,36.0,47.0,49.7,44.8,42.4,Fail
16.0,97.7,87.4,78.1,78.1,87.8,80.9,91.4,Pass
12.9,74.5,74.5,44.5,85.5,82.9,69.9,82.2,Pass
5.5,76.2,46.8,51.6,57.2,53.2,52.4,53.1,Pass
9.0,78.0,56.6,58.7,56.7,70.1,57.3,64.4,Pass
8.5,67.9,52.9,40.5,51.8,40.7,48.7,44.8,Fail
6.9,76.3,64.8,42.5,69.9,54.5,60.2,36.5,Fail
4.2,73.3,39.7,39.4,54.7,39.4,45.6,46.2,Fail
2.1,69.9,45.1,46.5,46.5,37.7,46.1,48.4,Fail
11.0,69.9,56.0,53.7,60.9,63.0,57.3,59.6,Pass
8.6,76.1,58.5,55.7,59.0,52.9,57.9,62.9,Pass
4.2,74.6,56.3,42.6,43.4,52.7,47.0,32.2,Fail
12.6,82.8,67.5,71.3,67.4,81.6,68.6,70.9,Pass
15.6,87.3,71.4,72.4,76.5,73.7,73.7,69.6,Pass
7.8,67.7,61.9,37.6,57.4,55.7,52.8,65.4,Pass
6.7,76.6,57.4,46.3,57.8,37.5,54.2,39.4,Fail
2.6,73.4,51.1,47.8,55.8,51.9,52.0,40.8,Fail
6.2,63.8,53.7,47.3,48.0,50.0,49.5,48.7,Fail
3.6,53.2,33.4,25.0,52.0,36.6,38.3,48.9,Fail
6.4,80.8,67.5,65.0,59.8,71.5,63.7,50.0,Pass
11.9,70.6,63.4,53.1,69.4,69.0,62.7,73.8,Pass
9.7,65.7,65.8,60.9,69.1,84.8,65.6,59.8,Pass
12.8,77.1,65.9,75.0,74.6,62.8,72.1,66.9,Pass
5.9,64.9,55.8,53.6,58.5,40.7,56.2,60.2,Pass
3.0,48.2,48.5,25.6,37.8,42.0,37.3,34.7,Fail
5.7,74.0,60.7,55.7,55.3,49.7,57.0,53.5,Pass
7.8,76.3,59.3,53.3,65.8,68.0,60.1,59.9,Pass
13.1,67.5,63.7,48.7,73.5,58.9,63.1,67.5,Pass
10.8,72.8,52.2,56.1,65.2,75.3,58.6,72.8,Pass
2.3,54.6,31.1,24.7,45.1,34.0,34.8,23.2,Fail
7.7,62.4,63.1,51.0,51.2,53.3,54.7,53.5,Pass
11.8,69.3,57.8,65.4,70.3,55.6,65.1,49.0,Pass
13.6,80.5,77.8,75.1,81.7,86.2,78.6,70.4,Pass
12.3,90.8,79.2,64.0,76.2,78.5,73.4,84.6,Pass
4.5,62.1,51.3,32.1,50.6,48.4,45.3,34.7,Fail
4.7,72.4,54.2,32.6,39.0,34.3,41.6,45.1,Fail
17.0,86.8,70.7,80.2,91.9,84.6,82.0,56.6,Pass
5.3,49.3,34.6,47.7,46.9,42.4,43.4,34.0,Fail
15.5,67.5,66.0,70.9,77.1,64.3,71.9,69.2,Pass
3.9,81.1,65.4,36.1,58.5,54.0,53.9,40.0,Fail
6.4,63.6,62.9,39.2,58.2,57.4,53.9,48.3,Pass
1.7,65.7,43.4,30.0,47.0,23.9,40.8,30.0,Fail
6.1,70.0,63.6,32.4,66.8,49.2,55.5,43.7,Fail
4.1,47.9,35.1,40.5,59.3,46.5,46.4,41.1,Fail
9.7,66.2,56.3,51.6,68.4,74.8,59.7,63.0,Pass
9.7,77.5,75.3,68.6,75.7,71.8,73.4,73.8,Pass
8.7,62.9,73.1,41.1,57.3,45.7,57.2,62.5,Pass
4.3,62.1,53.4,38.7,47.8,35.0,46.8,39.6,Fail
12.8,65.7,52.6,48.4,68.2,69.0,57.6,76.9,Pass
7.0,61.7,63.3,42.4,59.4,56.7,55.5,50.7,Pass
10.2,68.0,58.7,61.5,65.2,62.0,62.1,69.0,Pass
12.4,60.0,68.6,57.8,58.9,60.6,61.5,64.9,Pass
7.5,78.4,59.3,42.4,58.0,63.7,53.7,54.9,Pass
2.8,52.3,49.3,20.7,40.5,44.3,37.2,18.7,Fail
8.0,68.2,56.8,46.6,61.6,52.3,55.7,54.7,Pass
6.2,61.5,72.7,45.9,53.3,48.5,56.9,48.2,Pass
4.0,73.4,57.7,49.5,51.5,52.9,52.8,34.6,Fail
14.6,67.7,59.4,57.3,68.6,69.1,62.4,68.2,Pass
5.8,60.7,36.4,36.0,53.5,54.5,43.1,34.0,Fail
9.4,60.6,43.7,69.9,65.1,54.6,60.1,60.9,Pass
10.6,53.5,62.0,51.5,53.8,66.7,55.6,55.2,Pass
8.0,73.7,65.8,59.6,66.7,51.9,64.3,58.6,Pass
5.4,66.7,29.9,32.2,42.9,67.8,35.8,47.2,Fail
2.6,64.9,54.4,39.8,51.9,39.5,49.0,27.4,Fail
8.7,76.9,63.3,60.0,54.4,66.6,58.8,68.2,Pass
5.8,67.8,64.9,45.2,65.2,61.0,59.1,44.9,Pass
16.7,76.5,68.6,55.2,76.4,79.6,67.7,90.9,Pass
4.6,67.6,51.8,33.8,52.8,48.3,46.8,36.6,Fail
1.7,58.0,43.1,36.5,42.7,36.4,41.0,29.0,Fail
3.3,72.9,42.3,26.1,58.7,62.1,44.0,55.6,Pass
12.3,71.9,56.0,82.8,62.5,86.0,66.6,76.4,Pass
10.8,72.0,70.7,67.0,66.3,59.3,67.8,68.5,Pass
14.5,82.5,75.6,54.0,78.3,67.4,70.2,91.3,Pass
6.2,86.1,61.4,52.5,68.0,61.8,61.4,52.7,Pass
10.1,63.9,70.3,53.9,57.6,61.3,60.3,66.7,Pass
7.8,59.6,53.2,56.9,40.0,67.9,49.0,55.6,Pass
4.8,63.8,51.3,19.0,42.4,47.1,38.0,43.3,Fail
7.0,62.4,55.5,47.5,59.7,51.4,54.8,45.0,Pass
5.6,72.3,55.9,34.6,55.7,41.0,49.4,44.2,Fail
14.1,78.5,60.5,69.6,72.5,71.7,68.0,65.8,Pass
4.8,56.8,46.5,30.0,41.7,36.1,39.6,46.5,Fail
15.2,84.2,84.9,81.8,80.8,78.4,82.3,100.0,Pass
4.6,80.3,52.3,48.0,58.8,47.3,53.6,46.1,Fail
5.6,60.3,45.5,26.2,49.2,41.5,41.2,37.6,Fail
7.2,71.2,63.5,25.7,67.9,52.4,53.9,65.0,Pass
4.5,47.8,43.4,41.3,49.9,45.1,45.4,35.8,Fail
7.2,65.7,49.1,41.0,54.1,60.9,48.7,49.3,Pass
7.7,71.7,50.0,55.0,62.7,63.5,56.6,57.7,Pass
13.7,75.3,69.6,58.0,73.2,60.0,67.6,65.7,Pass
1.7,62.9,37.0,45.3,44.6,26.7,42.5,37.7,Fail
4.6,59.3,54.2,49.0,47.6,41.1,50.0,25.7,Fail
16.3,89.6,73.4,77.1,83.5,75.4,78.6,84.5,Pass
5.5,63.3,52.2,34.8,41.3,50.2,42.6,57.1,Fail
5.5,56.8,51.4,36.0,44.1,44.2,43.9,22.3,Fail
4.5,65.1,53.6,38.8,58.9,45.9,51.3,54.2,Pass
9.9,79.3,76.1,47.2,65.8,74.9,63.3,68.2,Pass
2.5,67.4,34.4,43.3,37.5,37.8,38.3,49.3,Fail
8.5,66.1,61.7,47.3,71.0,45.8,61.1,64.0,Pass
17.6,95.3,88.8,75.9,86.5,88.5,84.0,79.7,Pass
2.1,61.9,34.1,30.4,46.2,17.9,37.8,42.5,Fail
10.0,58.3,59.6,51.4,55.8,56.3,55.6,48.0,Pass
3.2,68.6,43.6,40.8,54.3,20.4,47.0,33.4,Fail
8.7,69.3,69.4,46.5,61.9,57.6,59.5,36.2,Fail
8.3,69.4,52.9,48.5,47.0,66.6,49.2,63.6,Pass
10.4,79.6,63.0,53.6,81.6,70.2,67.6,69.5,Pass
5.1,64.0,46.4,38.1,46.3,48.7,43.9,56.9,Pass
5.2,63.9,42.9,42.6,47.8,51.1,44.8,49.8,Fail
10.5,62.6,47.4,30.7,51.3,51.6,44.0,46.9,Fail
5.0,61.8,41.9,54.1,36.2,28.0,43.3,41.8,Fail
11.2,75.4,66.2,65.4,75.4,56.2,69.6,57.6,Pass
1.4,57.0,42.2,33.8,42.4,39.5,39.8,47.2,Fail
8.0,56.2,59.4,54.2,41.6,61.2,50.7,57.0,Pass
10.8,78.2,73.5,46.1,66.3,77.1,62.4,66.1,Pass
6.2,73.0,57.5,31.2,59.3,38.9,50.3,52.8,Fail
14.0,82.4,79.1,49.4,81.0,85.6,70.9,80.3,Pass
5.2,58.8,52.2,45.0,43.6,33.7,46.6,52.3,Fail
7.9,69.3,47.8,51.0,53.6,59.5,51.1,45.3,Pass
11.9,76.2,69.7,63.5,65.0,74.2,66.0,65.4,Pass
3.5,69.0,47.8,48.4,46.5,38.2,47.5,44.8,Fail
12.4,79.8,64.2,40.9,72.5,76.3,60.5,69.1,Pass
8.4,58.8,54.5,37.4,61.6,32.7,52.2,52.1,Fail
4.3,78.9,55.1,38.3,56.3,39.3,50.5,45.7,Fail
6.8,58.5,49.5,50.6,54.1,42.6,51.7,37.9,Fail
4.1,51.9,51.7,38.3,44.4,45.6,44.8,41.0,Fail
9.6,48.1,56.4,71.8,47.0,61.3,57.3,54.7,Pass
5.9,72.7,60.6,36.3,55.5,52.2,51.3,42.9,Fail
5.5,78.2,64.5,51.4,55.1,54.2,56.8,53.8,Pass
9.7,66.6,56.2,61.5,56.1,71.9,57.8,56.3,Pass
6.1,53.2,44.6,54.9,48.7,43.4,49.3,43.0,Fail
7.0,75.4,65.9,47.4,49.2,50.9,53.7,65.8,Pass
6.7,57.7,44.6,32.4,47.8,45.9,42.2,46.9,Fail
1.6,66.9,42.5,41.1,39.5,29.3,40.9,24.5,Fail
2.8,56.0,38.5,37.8,36.7,43.2,37.6,23.0,Fail
4.7,62.1,40.1,46.0,52.2,33.9,46.7,24.6,Fail
4.9,68.4,54.3,55.0,53.4,46.7,54.2,34.5,Fail
1.5,64.4,40.2,32.3,46.3,44.5,40.3,31.6,Fail
7.0,69.3,47.4,38.4,58.5,49.8,49.1,29.5,Fail
6.4,79.4,64.0,54.0,53.0,45.8,56.6,46.3,Pass
7.5,82.7,49.2,54.9,68.3,62.1,58.6,45.2,Pass
5.7,81.2,54.6,45.0,54.5,59.6,51.7,50.2,Pass
14.9,76.5,79.9,57.8,84.7,80.2,75.2,78.3,Pass
9.1,71.8,67.1,56.0,60.3,64.5,61.0,62.3,Pass
16.0,90.2,82.5,80.5,74.3,78.8,78.6,82.9,Pass
3.4,58.9,37.4,22.9,37.1,58.2,32.9,36.1,Fail
5.6,63.3,51.5,43.5,58.4,56.6,51.9,39.4,Fail
4.9,66.0,52.4,47.6,55.3,40.8,52.1,29.5,Fail
2.4,62.7,40.1,52.2,38.9,42.0,43.2,45.2,Fail
6.2,65.1,54.9,45.5,55.5,51.6,52.3,55.2,Pass
1.5,54.3,27.5,45.9,44.9,36.1,40.0,26.0,Fail
9.5,78.2,48.4,63.0,74.2,67.4,63.1,62.4,Pass
13.0,72.5,62.6,69.5,70.6,71.2,67.9,70.1,Pass
6.0,68.5,58.1,38.1,57.3,54.7,51.8,58.3,Pass
7.4,68.8,62.3,70.8,57.2,64.1,62.8,51.6,Pass
13.1,81.1,60.3,64.7,72.0,77.2,66.3,57.1,Pass
3.9,68.3,60.0,42.5,55.5,38.9,53.0,42.1,Fail
2.4,60.8,43.8,35.7,36.5,48.4,38.4,24.7,Fail
1.4,58.4,27.9,43.8,43.8,34.9,39.0,37.8,Fail
4.1,64.0,49.8,57.6,46.3,47.1,50.7,32.5,Fail
4.6,56.6,56.4,45.2,43.6,39.3,47.9,40.7,Fail
9.9,65.4,55.5,49.7,55.6,71.0,53.8,60.4,Pass
2.9,67.7,53.9,53.6,61.9,37.7,57.0,33.3,Fail
2.3,65.2,55.7,25.0,56.1,36.8,46.7,37.7,Fail
10.9,65.4,61.7,49.1,57.5,84.4,56.2,70.5,Pass
4.8,64.8,43.1,29.3,51.4,28.2,42.3,32.3,Fail
7.5,56.5,61.3,42.3,56.3,42.2,53.6,43.0,Fail
10.3,73.4,72.0,65.0,78.5,74.1,72.5,55.0,Pass
23.8,85.9,83.3,86.8,93.0,100.0,88.2,100.0,Pass
8.5,87.0,62.3,56.0,50.2,68.2,55.6,64.1,Pass
4.5,70.1,55.8,45.7,51.7,35.0,51.1,63.2,Pass
10.8,65.3,67.4,53.0,62.2,60.2,61.0,62.0,Pass
3.7,56.7,42.1,27.3,48.2,37.9,40.1,34.3,Fail
13.0,80.7,62.5,48.9,78.0,71.7,64.6,63.5,Pass
4.3,72.2,62.8,54.3,61.8,48.6,59.8,39.8,Fail
3.3,78.8,51.0,36.2,60.0,26.4,50.2,33.9,Fail
7.0,77.7,55.9,43.7,63.8,53.9,55.4,43.8,Pass
8.4,73.9,54.3,38.5,67.8,70.5,55.0,65.5,Pass
3.4,75.5,47.8,40.1,41.4,42.7,42.9,37.3,Fail
4.7,66.2,36.7,46.8,47.0,38.0,43.8,44.2,Fail
8.9,70.9,67.1,49.0,62.4,53.1,59.8,47.8,Pass
7.6,59.4,50.9,49.7,57.3,62.5,53.1,55.3,Pass
8.6,82.4,45.1,36.7,57.6,37.2,47.6,48.5,Fail
13.1,76.8,61.4,64.6,66.1,78.0,64.2,84.2,Pass
8.1,68.9,64.5,46.4,57.4,58.9,56.2,54.9,Pass
15.1,71.8,70.6,53.2,77.4,67.4,68.1,64.0,Pass
11.1,83.1,60.8,45.6,45.5,94.4,50.1,74.1,Pass
4.7,73.5,52.5,36.0,53.3,55.9,47.9,32.5,Fail
13.5,69.0,65.3,51.0,64.7,71.2,60.8,73.7,Pass
7.9,73.6,58.8,53.9,54.1,67.8,55.4,69.0,Pass
12.3,81.1,71.5,66.3,74.5,77.2,71.1,74.4,Pass
8.7,60.5,49.0,50.8,57.2,58.4,52.8,56.7,Pass
17.2,85.8,75.5,77.7,84.5,88.3,79.8,91.4,Pass
3.3,67.5,41.0,25.0,48.5,36.3,39.2,28.3,Fail
6.0,72.2,48.0,50.8,64.5,61.2,55.4,45.0,Pass
9.6,87.4,60.4,64.0,75.8,65.7,67.6,67.4,Pass
7.4,92.6,60.3,56.9,55.4,72.4,57.3,59.4,Pass
3.7,74.3,44.8,40.8,47.3,55.9,44.6,61.1,Pass
16.3,81.6,78.4,64.6,78.0,90.4,74.1,97.9,Pass
6.5,72.9,52.4,50.6,45.8,49.4,49.2,42.1,Fail
11.7,77.5,61.0,56.7,87.5,60.5,70.3,58.9,Pass
9.2,89.9,50.0,66.0,66.8,66.2,61.5,51.9,Pass
10.5,73.7,55.9,59.0,56.1,64.3,56.9,56.6,Pass
3.1,60.4,41.4,35.4,52.4,36.0,44.0,31.7,Fail
6.6,72.3,62.6,44.5,58.9,61.8,55.7,54.9,Pass
10.7,89.5,67.7,59.5,65.9,77.8,64.5,69.3,Pass
11.6,66.2,51.0,55.7,68.3,71.3,59.3,82.9,Pass
11.0,67.8,63.1,55.4,71.0,76.3,64.0,74.6,Pass
4.3,59.3,42.8,27.7,51.8,43.5,41.9,43.0,Fail
2.1,52.9,44.6,35.0,45.2,25.0,42.0,30.7,Fail
2.9,55.9,30.9,36.9,36.7,50.3,35.0,21.3,Fail
6.8,75.7,66.0,38.3,48.4,57.9,50.6,33.5,Fail
7.3,70.5,59.3,50.8,49.8,64.6,53.0,54.8,Pass
6.8,57.8,49.3,44.3,48.6,52.9,47.5,55.0,Pass
3.2,69.3,34.8,31.9,34.6,36.8,33.8,31.5,Fail
4.9,68.6,38.7,48.4,62.8,37.0,51.2,42.6,Fail
16.2,87.1,84.0,84.5,75.9,93.8,80.9,94.1,Pass
8.4,65.2,62.8,44.6,57.8,51.5,55.3,60.4,Pass
6.6,58.1,59.0,45.0,54.1,57.9,52.8,45.1,Pass
16.0,84.6,90.7,82.6,90.5,65.7,88.2,75.8,Pass
18.0,88.2,88.5,56.9,90.6,93.2,79.9,89.3,Pass
5.2,57.4,50.9,57.8,50.6,51.3,52.8,37.8,Fail
8.4,72.0,77.5,52.2,79.7,72.4,70.8,61.7,Pass
2.5,58.1,38.1,41.8,53.9,34.3,45.5,22.5,Fail
2.0,70.2,44.3,21.6,49.1,38.0,39.4,44.1,Fail
5.9,72.4,41.2,33.8,55.5,64.2,44.7,51.1,Pass
3.1,73.5,53.2,31.5,49.7,55.5,45.3,40.9,Fail
4.9,59.2,45.9,31.1,53.6,38.3,44.5,25.2,Fail
8.0,64.1,50.3,27.7,53.6,42.9,44.8,37.9,Fail
14.2,74.1,65.8,54.0,67.5,74.3,62.9,83.1,Pass
8.6,66.1,50.7,43.0,67.7,64.9,55.2,87.7,Pass
5.2,69.2,49.8,30.8,47.2,53.2,43.1,52.1,Fail
18.6,73.7,67.8,87.7,80.5,86.4,78.8,86.9,Pass
7.1,80.7,47.6,56.5,56.4,77.4,53.8,55.3,Pass
11.7,88.0,60.9,56.1,71.1,68.7,63.5,59.9,Pass
12.3,83.6,64.7,68.2,73.3,76.5,69.2,60.0,Pass
6.5,71.8,50.8,50.3,55.9,42.5,52.7,48.3,Fail
1.0,60.2,23.7,16.7,32.3,26.4,25.0,26.3,Fail
2.1,64.0,39.3,39.5,41.0,38.7,40.0,26.8,Fail
4.5,59.3,40.1,36.0,51.5,47.6,43.4,40.4,Fail
4.6,66.8,55.5,48.0,53.2,27.0,52.3,36.8,Fail
6.7,70.7,47.4,37.7,58.1,44.8,48.8,32.8,Fail
5.8,60.4,57.8,47.8,58.6,27.9,55.1,45.2,Fail
6.0,80.2,70.0,57.7,64.1,40.1,64.0,56.5,Pass
6.9,67.6,63.4,50.7,53.0,66.6,55.4,54.5,Pass
7.7,61.0,45.8,31.1,56.3,44.8,45.6,63.3,Pass
2.1,60.9,46.6,57.0,46.1,59.5,49.5,44.7,Fail
7.6,64.3,46.8,53.1,43.9,42.3,47.5,60.2,Pass
10.0,65.3,53.0,51.2,48.8,67.2,50.8,59.8,Pass
18.7,95.0,79.8,85.5,92.2,96.1,86.5,100.0,Pass
7.5,69.1,56.8,67.8,53.8,56.7,58.9,54.7,Pass
11.3,81.8,60.1,47.6,65.7,55.1,58.6,56.2,Pass
9.5,74.7,61.7,64.4,65.7,59.1,64.1,64.8,Pass
4.2,68.9,59.2,40.0,52.2,45.2,50.6,49.3,Fail
7.8,69.3,47.6,46.6,56.6,52.0,50.9,52.1,Pass
15.2,74.8,60.0,64.8,84.3,80.9,71.2,78.9,Pass
14.8,88.2,70.9,50.8,77.0,74.3,67.3,87.4,Pass
14.7,82.9,85.7,72.4,81.0,74.6,79.8,69.1,Pass
25.0,88.6,100.0,70.3,97.5,100.0,90.1,100.0,Pass
10.0,80.0,57.2,52.3,72.8,72.8,62.0,62.4,Pass
5.3,78.4,45.8,41.7,57.3,69.4,49.2,50.6,Pass
10.1,75.0,65.3,52.5,77.8,56.6,66.5,50.2,Pass
3.8,77.0,51.5,23.2,53.7,24.8,43.9,25.8,Fail
9.1,67.1,63.3,59.8,63.2,66.3,62.2,65.1,Pass
3.6,57.1,35.1,20.6,43.6,50.0,34.2,36.3,Fail
4.5,62.7,47.1,32.2,60.0,32.2,47.8,21.9,Fail
1.9,62.6,49.7,29.9,47.2,48.2,42.8,36.4,Fail
8.8,83.0,71.5,52.3,65.9,67.8,63.5,66.6,Pass
14.3,74.1,60.9,68.4,65.8,64.2,65.1,77.6,Pass
7.5,72.1,55.9,49.7,43.1,31.5,48.9,59.5,Fail
6.9,77.1,54.6,66.8,59.4,50.9,60.2,47.6,Pass
4.7,69.4,43.5,45.8,48.7,57.0,46.3,43.1,Fail
11.9,70.3,59.0,61.2,44.3,62.2,53.8,70.0,Pass
13.1,65.5,70.4,55.0,65.9,68.7,64.0,69.4,Pass
2.6,72.9,40.9,41.7,40.4,27.4,40.9,30.1,Fail
7.9,61.1,53.1,43.3,67.2,60.0,55.8,53.9,Pass
11.7,71.0,68.6,54.2,67.2,62.8,63.7,68.5,Pass
5.2,66.5,64.4,71.6,62.6,58.9,65.8,52.8,Pass
2.3,72.9,48.9,52.2,51.5,32.6,50.9,34.0,Fail
3.5,72.2,54.4,32.9,58.2,28.1,49.5,21.5,Fail
15.6,79.9,77.3,75.1,94.8,88.5,83.6,87.3,Pass
12.8,85.1,69.5,66.9,79.7,81.2,72.8,58.9,Pass
13.7,87.9,72.0,61.2,99.3,71.1,79.7,70.2,Pass
2.9,59.7,42.8,55.1,48.9,62.6,48.9,38.8,Fail
11.6,70.8,47.3,56.4,72.8,67.9,60.2,61.7,Pass
16.2,85.4,75.4,84.5,78.7,83.7,79.4,91.3,Pass
4.5,79.0,56.2,38.7,45.2,52.9,46.6,39.3,Fail
6.2,61.9,45.1,54.0,34.0,53.9,43.3,58.8,Pass
8.1,55.0,64.3,58.6,61.9,62.7,61.6,45.8,Pass
8.9,75.9,61.6,44.8,59.6,54.1,55.8,63.6,Pass
5.4,77.4,53.0,43.3,53.5,52.2,50.3,64.4,Pass
12.4,75.9,74.3,60.5,68.8,68.7,68.0,59.2,Pass
9.7,92.7,71.7,74.2,66.4,71.2,70.3,62.9,Pass
3.9,58.0,54.3,52.1,59.2,57.1,55.6,42.5,Pass
11.9,68.3,74.9,54.7,62.0,64.1,63.7,68.4,Pass
6.4,61.6,63.0,41.0,57.9,47.0,54.4,44.9,Fail
10.0,72.7,65.5,57.4,68.1,62.6,64.1,61.8,Pass
4.1,65.8,39.6,26.3,37.7,41.5,34.8,41.1,Fail
4.3,59.0,44.4,50.7,51.1,41.9,49.0,31.9,Fail
2.1,71.5,58.8,29.7,41.0,43.1,43.0,39.0,Fail
13.3,78.1,72.1,64.7,72.6,73.9,70.1,80.5,Pass
11.3,65.3,58.7,68.8,61.1,66.7,62.7,69.3,Pass
8.1,74.6,54.2,55.5,60.5,63.7,57.1,68.7,Pass
2.8,60.0,35.0,32.6,47.5,46.1,39.3,30.3,Fail
14.6,78.3,80.0,57.5,70.6,84.7,69.5,89.9,Pass
9.9,79.0,59.9,56.0,61.4,72.8,59.3,75.7,Pass
5.4,74.5,45.3,42.9,42.5,55.3,43.5,43.8,Fail
8.6,77.7,53.6,77.0,54.2,52.1,60.9,55.0,Pass
6.3,68.0,32.1,38.6,56.9,44.1,44.0,33.8,Fail
9.9,64.1,64.7,48.0,59.2,55.0,57.5,52.4,Pass
3.7,61.9,44.1,29.6,53.2,39.5,43.4,32.6,Fail
1.5,62.0,31.8,31.5,34.4,29.3,32.8,29.6,Fail
9.4,83.6,75.0,61.3,62.9,57.4,66.0,50.6,Pass
10.2,68.0,61.2,45.9,70.7,48.1,60.4,48.2,Pass
2.1,64.1,25.5,38.8,43.4,35.2,36.6,27.2,Fail
1.0,51.3,43.2,19.1,28.2,30.7,30.0,15.7,Fail
8.2,72.6,50.1,59.6,55.1,55.8,55.0,47.9,Pass
9.6,71.2,65.3,49.8,69.5,57.5,62.3,72.3,Pass
6.2,66.4,56.4,42.3,53.4,51.7,51.0,42.3,Fail
3.9,71.5,50.3,54.1,59.5,51.7,55.1,52.9,Pass
18.8,77.1,70.7,71.7,73.5,89.3,72.1,93.4,Pass
9.1,82.1,53.0,59.1,72.5,66.5,62.6,65.5,Pass
13.2,69.8,66.9,67.8,61.5,77.3,65.0,70.5,Pass
3.3,74.9,41.5,52.7,51.4,41.4,48.8,28.2,Fail
14.3,64.4,77.7,65.5,78.3,81.6,74.3,89.9,Pass
8.9,73.1,58.9,50.0,62.7,54.6,57.8,47.7,Pass
17.7,86.1,73.2,70.8,87.7,84.0,78.3,90.1,Pass
10.0,69.1,68.7,57.1,71.2,41.1,66.2,56.0,Pass
7.4,71.1,40.8,42.2,59.1,49.2,48.5,34.5,Fail
6.7,65.1,51.9,50.9,52.2,39.5,51.7,34.3,Fail
4.6,69.1,54.4,44.2,50.6,57.2,49.8,50.8,Pass
6.7,70.0,46.2,36.7,49.1,59.1,44.5,54.8,Pass
10.1,89.9,63.7,48.6,61.2,61.6,58.2,63.8,Pass
11.1,62.3,55.5,55.7,71.2,58.0,61.8,65.5,Pass
4.1,66.5,39.2,38.1,52.5,30.8,44.2,35.3,Fail
2.6,59.8,43.8,43.0,54.3,31.2,47.8,24.6,Fail
8.4,71.1,64.9,43.0,65.4,61.3,58.5,62.1,Pass
2.0,61.3,58.4,41.3,43.3,48.5,47.2,23.6,Fail
6.8,65.4,59.3,53.2,47.6,50.9,52.8,43.4,Fail
2.8,59.2,41.2,25.3,40.4,37.9,36.1,41.0,Fail
10.9,78.8,74.4,56.7,74.1,67.4,69.0,71.7,Pass
5.4,63.5,40.8,55.1,44.9,43.3,46.7,45.9,Fail
5.8,66.8,47.3,48.1,61.8,51.7,53.3,61.7,Pass
2.5,64.5,52.0,35.7,44.1,36.5,44.0,34.9,Fail
12.5,69.2,60.5,67.5,58.9,74.3,62.0,69.8,Pass
7.9,74.4,58.6,46.6,58.1,56.2,54.8,65.6,Pass
8.1,62.1,49.2,45.4,57.2,40.1,51.3,51.4,Fail
2.9,67.4,44.3,39.7,59.0,45.8,48.8,37.7,Fail
1.9,65.5,42.9,48.3,45.3,40.3,45.5,38.1,Fail
4.1,63.9,51.1,31.7,44.9,38.3,42.8,42.6,Fail
5.3,57.6,49.2,45.3,59.1,44.6,52.0,38.1,Fail
4.0,64.9,53.2,36.4,57.7,34.6,50.0,27.6,Fail
17.8,73.1,80.7,83.6,80.3,75.1,81.4,81.8,Pass
12.7,74.3,66.1,68.4,58.7,67.3,63.8,88.8,Pass
6.9,74.6,51.3,48.1,53.4,57.1,51.2,69.2,Pass
4.3,65.0,40.8,46.1,53.4,48.5,47.4,37.4,Fail
3.3,74.0,27.0,35.6,55.9,33.6,41.1,32.3,Fail
6.7,70.4,53.6,41.6,57.2,51.9,51.4,51.2,Pass
8.2,76.0,50.1,74.8,59.5,50.9,61.3,50.8,Pass
5.1,71.9,44.8,40.8,48.9,49.0,45.2,58.5,Pass
8.9,81.9,60.0,56.7,69.8,60.7,62.9,59.1,Pass
4.9,55.4,42.3,36.1,39.7,43.9,39.4,37.8,Fail
3.3,59.8,48.9,25.6,42.4,32.2,39.3,23.6,Fail
8.9,70.9,57.7,43.1,70.5,69.2,58.4,75.6,Pass
1.8,68.6,57.2,39.2,54.2,56.4,50.6,38.9,Fail
2.6,64.5,62.1,24.1,58.7,36.0,49.3,36.4,Fail
3.7,64.4,44.3,32.8,43.1,35.2,40.4,41.4,Fail
4.7,73.9,44.8,49.7,43.6,38.9,45.8,41.2,Fail
10.1,69.4,46.9,56.6,71.4,50.1,59.6,53.4,Pass
2.5,59.9,57.6,31.8,51.3,46.4,47.3,35.1,Fail
5.9,71.2,47.4,41.8,61.3,45.7,51.3,51.1,Pass
8.3,89.1,59.0,46.3,70.8,49.9,59.9,61.6,Pass
7.9,69.3,51.0,69.8,70.7,47.0,64.5,30.0,Fail
10.1,67.0,57.7,45.1,66.9,48.5,57.6,55.9,Pass
6.0,62.7,47.0,53.0,53.1,60.5,51.2,52.9,Pass
4.6,62.6,54.6,20.9,52.5,55.1,43.6,53.8,Fail
13.8,87.2,51.8,75.0,75.4,76.1,68.2,84.4,Pass
4.4,62.4,46.0,49.1,59.6,41.4,52.4,45.0,Fail
4.0,67.2,53.9,32.2,59.2,24.3,49.5,37.9,Fail
3.9,63.9,41.4,34.0,58.5,29.3,46.0,47.9,Fail
3.8,54.1,48.5,46.5,31.3,32.2,41.0,52.0,Fail
15.6,76.1,74.7,58.1,75.5,82.9,70.0,77.3,Pass
17.0,60.6,66.4,71.5,67.5,99.2,68.4,94.9,Pass
10.8,74.4,49.4,51.3,77.3,71.1,61.1,55.5,Pass
9.1,74.8,63.9,61.8,58.4,59.8,61.1,67.0,Pass
4.1,58.2,48.2,55.3,51.4,44.5,51.6,35.6,Fail
5.1,61.8,42.8,32.6,63.2,45.5,47.9,54.1,Fail
2.2,51.9,46.0,38.1,43.9,31.8,42.8,27.6,Fail
5.9,49.3,42.7,49.1,44.4,42.9,45.3,36.1,Fail
2.8,51.3,49.3,16.0,44.5,18.3,37.4,19.8,Fail
7.5,74.2,59.7,59.1,50.4,50.1,55.8,58.1,Pass
4.3,62.6,59.2,43.3,40.1,40.1,46.8,39.0,Fail
7.9,71.2,60.1,56.0,63.7,46.6,60.3,53.9,Pass
3.8,80.9,52.1,27.2,37.0,48.2,38.6,35.9,Fail
1.9,70.3,29.8,43.5,43.7,44.9,39.5,37.2,Fail
3.4,68.4,47.7,37.9,48.0,54.4,44.9,47.1,Fail
8.3,66.1,54.5,39.5,71.8,50.6,56.9,70.6,Pass
8.6,82.8,75.0,60.9,70.4,45.2,68.9,42.1,Pass
8.1,79.6,61.8,60.0,60.9,74.4,60.9,63.1,Pass
7.5,76.1,64.1,49.8,67.7,47.6,61.2,44.1,Pass
6.9,68.2,65.5,50.5,59.1,71.1,58.4,56.6,Pass
9.8,64.4,69.6,51.2,54.9,72.6,58.2,66.1,Pass
1.1,73.5,43.6,23.4,47.7,34.0,39.2,40.6,Fail
15.2,85.2,93.0,68.4,83.1,77.5,81.7,77.9,Pass
5.8,65.3,47.1,54.9,52.8,38.4,51.7,48.5,Fail
9.8,69.5,71.1,64.9,67.4,41.0,67.8,63.0,Pass
6.6,58.1,44.7,36.6,58.6,52.2,47.8,39.2,Fail
4.2,71.1,56.6,44.2,55.1,44.6,52.3,27.1,Fail
5.5,68.0,43.7,44.8,43.0,58.6,43.8,37.6,Fail
3.3,67.1,51.7,43.5,38.3,54.1,43.9,33.5,Fail
3.7,71.9,42.1,41.6,47.0,28.7,43.9,33.6,Fail
8.9,76.5,52.5,60.2,58.8,61.6,57.3,62.1,Pass
7.6,62.1,46.1,43.5,56.8,71.1,49.6,46.4,Pass
1.8,62.3,46.3,44.5,53.3,28.4,48.6,39.9,Fail
3.8,67.9,51.9,35.6,61.0,53.7,50.7,56.6,Pass
5.8,70.9,56.8,47.2,50.8,53.5,51.5,45.4,Fail
6.6,55.2,51.5,49.3,38.9,50.5,45.8,35.2,Fail
18.5,74.2,75.4,76.2,82.3,85.4,78.4,95.8,Pass
7.5,74.3,51.5,29.0,66.3,42.4,50.7,49.3,Fail
1.6,67.1,35.0,38.0,40.3,23.2,38.0,19.9,Fail
6.8,81.0,49.1,56.4,59.3,51.0,55.4,64.5,Pass
2.8,51.0,50.6,36.6,41.8,25.6,42.9,22.3,Fail
5.9,74.3,45.6,55.0,65.9,57.0,56.5,57.7,Pass
19.4,86.3,77.2,89.8,100.0,100.0,90.1,94.2,Pass
4.9,57.5,39.1,33.9,51.6,56.3,42.5,51.7,Fail
11.1,59.2,49.3,38.8,65.0,54.7,52.4,53.2,Pass
6.7,75.6,58.5,37.8,48.8,63.5,48.4,61.1,Pass
14.8,69.9,66.3,65.7,69.6,82.0,67.4,72.9,Pass
9.2,60.5,55.2,55.9,64.2,58.6,59.0,68.5,Pass
11.9,77.9,66.2,59.5,72.6,84.2,66.8,75.6,Pass
8.3,69.9,59.9,38.3,63.5,39.0,54.9,37.1,Fail
4.9,70.5,51.8,46.1,40.8,41.8,45.7,39.5,Fail
13.8,80.0,81.1,65.5,61.1,82.1,68.4,76.4,Pass
7.7,96.0,58.9,57.4,80.2,66.6,67.0,48.8,Pass
5.1,71.9,47.0,60.5,51.8,44.3,53.0,51.5,Pass
4.2,70.3,48.8,49.2,39.3,34.1,45.1,42.7,Fail
7.9,62.4,53.9,46.8,55.2,39.6,52.3,33.8,Fail
12.5,87.5,59.4,52.4,62.6,71.4,58.6,76.2,Pass
8.7,66.4,44.7,62.8,49.2,64.3,51.9,48.5,Pass
5.3,59.1,47.2,25.5,44.1,55.2,39.4,43.3,Fail
8.5,68.5,68.6,48.3,51.1,47.1,55.5,46.4,Pass
10.5,76.1,75.7,46.3,44.3,61.1,54.3,59.2,Pass
2.2,58.9,33.1,30.9,46.9,27.7,38.0,23.3,Fail
2.8,56.3,39.0,34.4,38.7,41.2,37.5,43.1,Fail
9.9,64.7,60.5,41.1,68.0,63.5,57.7,65.8,Pass
2.7,64.9,47.3,15.1,46.7,29.7,37.4,34.8,Fail
5.9,71.6,45.5,37.2,41.2,37.8,41.3,37.5,Fail
7.1,73.7,69.9,36.9,60.2,69.3,56.1,60.5,Pass
3.4,51.6,37.7,26.8,52.2,37.0,40.2,33.5,Fail
6.1,60.7,53.4,41.0,51.5,48.4,48.9,44.9,Fail
7.2,76.1,54.6,63.6,53.9,46.4,57.0,52.9,Pass
12.8,72.0,64.6,55.8,59.2,67.7,59.8,70.8,Pass
12.1,76.1,73.1,55.9,66.5,62.3,65.3,77.0,Pass
7.9,90.5,70.8,54.1,58.9,57.0,61.0,62.7,Pass
4.6,47.5,48.9,43.0,41.5,31.4,44.2,43.6,Fail
12.2,73.6,59.4,65.3,52.7,79.4,58.5,67.5,Pass
12.4,80.5,58.2,45.1,61.7,63.3,55.7,82.1,Pass
4.1,57.1,66.6,28.9,53.7,48.0,50.1,38.2,Fail
7.5,67.9,57.8,58.4,58.6,43.9,58.3,57.7,Pass
5.1,56.5,40.0,35.7,44.8,55.8,40.6,50.4,Fail
8.0,74.2,65.8,59.8,52.6,59.6,58.7,58.6,Pass
4.0,59.4,38.6,45.1,57.3,48.3,48.0,41.1,Fail
10.4,69.0,77.2,34.9,81.2,45.0,66.1,72.3,Pass
8.1,76.9,56.0,37.1,52.4,62.7,48.9,71.8,Pass
4.0,69.2,55.6,38.1,57.3,64.2,51.0,49.0,Pass
9.9,79.7,63.4,60.3,57.9,66.2,60.3,64.9,Pass
4.5,79.5,40.7,42.4,56.8,72.3,47.6,46.7,Pass
1.8,62.7,34.5,32.9,25.3,20.3,30.3,17.9,Fail
3.4,81.0,45.0,43.0,47.9,38.3,45.6,35.7,Fail
11.1,74.9,59.2,57.2,67.7,69.7,62.0,66.1,Pass
15.7,89.4,79.7,71.6,84.8,74.5,79.3,87.6,Pass
16.0,79.0,56.2,48.6,68.8,98.0,59.0,100.0,Pass
4.7,72.4,52.7,40.6,57.2,37.9,50.9,23.4,Fail
5.9,63.7,35.1,41.0,49.4,54.7,42.6,37.7,Fail
5.1,76.8,56.1,35.8,45.4,43.0,45.7,47.2,Fail
6.6,77.1,49.9,41.9,49.6,36.1,47.4,32.5,Fail
2.7,61.5,44.9,21.3,56.6,36.0,42.5,43.1,Fail
4.8,67.0,39.0,45.8,50.9,43.5,45.8,48.9,Fail
7.5,61.4,48.4,36.5,51.1,54.4,45.9,56.5,Pass
11.1,80.8,50.1,58.5,56.1,75.4,55.0,58.3,Pass
7.9,76.2,48.7,47.0,55.4,50.7,50.9,44.2,Fail
5.8,57.1,59.9,40.4,52.9,53.4,51.2,54.6,Pass
3.5,81.6,62.9,51.3,57.9,48.8,57.4,27.2,Fail
11.5,77.0,56.1,52.9,68.1,59.5,59.9,66.6,Pass
2.4,61.0,40.4,34.6,38.9,31.5,38.1,25.3,Fail
2.8,72.9,51.1,45.1,36.2,43.6,43.3,28.0,Fail
9.3,67.0,59.3,53.6,60.1,62.7,57.9,56.8,Pass
10.1,82.6,60.4,50.7,66.8,64.0,60.0,84.9,Pass
1.0,51.8,25.1,16.2,30.0,27.5,24.4,27.5,Fail
5.8,65.2,58.2,36.5,52.2,40.7,49.3,48.2,Fail
1.6,61.2,37.5,35.5,42.6,36.5,38.9,28.4,Fail
6.0,62.8,37.7,43.5,52.6,50.2,45.4,54.1,Fail
5.3,60.5,48.4,47.5,55.7,63.6,51.0,58.7,Pass
13.9,72.8,66.9,60.8,54.7,64.0,60.2,70.3,Pass
